Order Number,Quantity Ordered,Price Each,ORDERLINENUMBER,Sales,ORDERDATE,Status,Quarter,Month,Year,Product Line,MSRP,Product Code,Customer Name,City,State,Country,Deal Size,Territory,Order Date,Order Month,Est. Unit Cost,Est. Profit,Est. Profit Margin
10107,30,95.7,2,2871.0,2/24/2003 0:00,Shipped,1,2,2003,Motorcycles,95,S10_1678,Land of Toys Inc.,NYC,NY,USA,Small,North America,2003-02-24,2003-02,66.5,876.0,0.3051201671891327
10121,34,81.35,5,2765.9,5/7/2003 0:00,Shipped,2,5,2003,Motorcycles,95,S10_1678,Reims Collectables,Reims,,France,Small,EMEA,2003-05-07,2003-05,66.5,504.9000000000001,0.18254456054087279
10134,41,94.74,2,3884.34,7/1/2003 0:00,Shipped,3,7,2003,Motorcycles,95,S10_1678,Lyon Souveniers,Paris,,France,Medium,EMEA,2003-07-01,2003-07,66.5,1157.8400000000001,0.29807895292379144
10145,45,83.26,6,3746.7,8/25/2003 0:00,Shipped,3,8,2003,Motorcycles,95,S10_1678,Toys4GrownUps.com,Pasadena,CA,USA,Medium,North America,2003-08-25,2003-08,66.5,754.1999999999998,0.20129714148450634
10159,49,100.0,14,5205.27,10/10/2003 0:00,Shipped,4,10,2003,Motorcycles,95,S10_1678,Corporate Gift Ideas Co.,San Francisco,CA,USA,Medium,North America,2003-10-10,2003-10,66.5,1946.7700000000004,0.3739998117292667
10168,36,96.66,1,3479.76,10/28/2003 0:00,Shipped,4,10,2003,Motorcycles,95,S10_1678,Technics Stores Inc.,Burlingame,CA,USA,Medium,North America,2003-10-28,2003-10,66.5,1085.7600000000002,0.3120215187254294
10180,29,86.13,9,2497.77,11/11/2003 0:00,Shipped,4,11,2003,Motorcycles,95,S10_1678,Daedalus Designs Imports,Lille,,France,Small,EMEA,2003-11-11,2003-11,66.5,569.27,0.2279112968768141
10188,48,100.0,1,5512.32,11/18/2003 0:00,Shipped,4,11,2003,Motorcycles,95,S10_1678,Herkku Gifts,Bergen,,Norway,Medium,EMEA,2003-11-18,2003-11,66.5,2320.3199999999997,0.42093347265761055
10201,22,98.57,2,2168.54,12/1/2003 0:00,Shipped,4,12,2003,Motorcycles,95,S10_1678,Mini Wheels Co.,San Francisco,CA,USA,Small,North America,2003-12-01,2003-12,66.5,705.54,0.32535254134117886
10211,41,100.0,14,4708.44,1/15/2004 0:00,Shipped,1,1,2004,Motorcycles,95,S10_1678,Auto Canal Petit,Paris,,France,Medium,EMEA,2004-01-15,2004-01,66.5,1981.9399999999996,0.42093347265761055
10223,37,100.0,1,3965.66,2/20/2004 0:00,Shipped,1,2,2004,Motorcycles,95,S10_1678,"Australian Collectors, Co.",Melbourne,Victoria,Australia,Medium,APAC,2004-02-20,2004-02,66.5,1505.1599999999999,0.379548423213286
10237,23,100.0,7,2333.12,4/5/2004 0:00,Shipped,2,4,2004,Motorcycles,95,S10_1678,Vitachrome Inc.,NYC,NY,USA,Small,North America,2004-04-05,2004-04,66.5,803.6199999999999,0.3444400630914826
10251,28,100.0,2,3188.64,5/18/2004 0:00,Shipped,2,5,2004,Motorcycles,95,S10_1678,Tekni Collectables Inc.,Newark,NJ,USA,Medium,North America,2004-05-18,2004-05,66.5,1326.6399999999999,0.4160519845451352
10263,34,100.0,2,3676.76,6/28/2004 0:00,Shipped,2,6,2004,Motorcycles,95,S10_1678,Gift Depot Inc.,Bridgewater,CT,USA,Medium,North America,2004-06-28,2004-06,66.5,1415.7600000000002,0.385056408359534
10275,45,92.83,1,4177.35,7/23/2004 0:00,Shipped,3,7,2004,Motorcycles,95,S10_1678,La Rochelle Gifts,Nantes,,France,Medium,EMEA,2004-07-23,2004-07,66.5,1184.8500000000004,0.2836367553592589
10285,36,100.0,6,4099.68,8/27/2004 0:00,Shipped,3,8,2004,Motorcycles,95,S10_1678,Marta's Replicas Co.,Cambridge,MA,USA,Medium,North America,2004-08-27,2004-08,66.5,1705.6800000000003,0.41605198454513526
10299,23,100.0,9,2597.39,9/30/2004 0:00,Shipped,3,9,2004,Motorcycles,95,S10_1678,"Toys of Finland, Co.",Helsinki,,Finland,Small,EMEA,2004-09-30,2004-09,66.5,1067.8899999999999,0.4111396440272735
10309,41,100.0,5,4394.38,10/15/2004 0:00,Shipped,4,10,2004,Motorcycles,95,S10_1678,Baane Mini Imports,Stavern,,Norway,Medium,EMEA,2004-10-15,2004-10,66.5,1667.88,0.3795484232132861
10318,46,94.74,1,4358.04,11/2/2004 0:00,Shipped,4,11,2004,Motorcycles,95,S10_1678,Diecast Classics Inc.,Allentown,PA,USA,Medium,North America,2004-11-02,2004-11,66.5,1299.04,0.29807895292379144
10329,42,100.0,1,4396.14,11/15/2004 0:00,Shipped,4,11,2004,Motorcycles,95,S10_1678,Land of Toys Inc.,NYC,NY,USA,Medium,North America,2004-11-15,2004-11,66.5,1603.1400000000003,0.3646699149708609
10341,41,100.0,9,7737.93,11/24/2004 0:00,Shipped,4,11,2004,Motorcycles,95,S10_1678,Salzburg Collectables,Salzburg,,Austria,Large,EMEA,2004-11-24,2004-11,66.5,5011.43,0.6476447835532242
10361,20,72.55,13,1451.0,12/17/2004 0:00,Shipped,4,12,2004,Motorcycles,95,S10_1678,Souveniers And Things Co.,Chatswood,NSW,Australia,Small,APAC,2004-12-17,2004-12,66.5,121.0,0.0833907649896623
10375,21,34.91,12,733.11,2/3/2005 0:00,Shipped,1,2,2005,Motorcycles,95,S10_1678,La Rochelle Gifts,Nantes,,France,Small,EMEA,2005-02-03,2005-02,66.5,-663.39,-0.9048983099398453
10388,42,76.36,4,3207.12,3/3/2005 0:00,Shipped,1,3,2005,Motorcycles,95,S10_1678,FunGiftIdeas.com,New Bedford,MA,USA,Medium,North America,2005-03-03,2005-03,66.5,414.1199999999999,0.12912519643792558
10403,24,100.0,7,2434.56,4/8/2005 0:00,Shipped,2,4,2005,Motorcycles,95,S10_1678,"UK Collectables, Ltd.",Liverpool,,UK,Small,EMEA,2005-04-08,2005-04,66.5,838.56,0.3444400630914826
10417,66,100.0,2,7516.08,5/13/2005 0:00,Disputed,2,5,2005,Motorcycles,95,S10_1678,Euro Shopping Channel,Madrid,,Spain,Large,EMEA,2005-05-13,2005-05,66.5,3127.08,0.4160519845451352
10103,26,100.0,11,5404.62,1/29/2003 0:00,Shipped,1,1,2003,Classic Cars,214,S10_1949,Baane Mini Imports,Stavern,,Norway,Medium,EMEA,2003-01-29,2003-01,149.79999999999998,1509.8200000000002,0.2793572906143263
10112,29,100.0,1,7209.11,3/24/2003 0:00,Shipped,1,3,2003,Classic Cars,214,S10_1949,"Volvo Model Replicas, Co",Lule,,Sweden,Large,EMEA,2003-03-24,2003-03,149.79999999999998,2864.91,0.3974013435777787
10126,38,100.0,11,7329.06,5/28/2003 0:00,Shipped,2,5,2003,Classic Cars,214,S10_1949,"Corrida Auto Replicas, Ltd",Madrid,,Spain,Large,EMEA,2003-05-28,2003-05,149.79999999999998,1636.6600000000008,0.2233110385233578
10140,37,100.0,11,7374.1,7/24/2003 0:00,Shipped,3,7,2003,Classic Cars,214,S10_1949,Technics Stores Inc.,Burlingame,CA,USA,Large,North America,2003-07-24,2003-07,149.79999999999998,1831.500000000001,0.24836929252383352
10150,45,100.0,8,10993.5,9/19/2003 0:00,Shipped,3,9,2003,Classic Cars,214,S10_1949,"Dragon Souveniers, Ltd.",Singapore,,Singapore,Large,Japan,2003-09-19,2003-09,149.79999999999998,4252.500000000001,0.38681948424068774
10163,21,100.0,1,4860.24,10/20/2003 0:00,Shipped,4,10,2003,Classic Cars,214,S10_1949,Classic Legends Inc.,NYC,NY,USA,Medium,North America,2003-10-20,2003-10,149.79999999999998,1714.44,0.35274801244383
10174,34,100.0,4,8014.82,11/6/2003 0:00,Shipped,4,11,2003,Classic Cars,214,S10_1949,"Australian Gift Network, Co",South Brisbane,Queensland,Australia,Large,APAC,2003-11-06,2003-11,149.79999999999998,2921.62,0.36452721333729265
10183,23,100.0,8,5372.57,11/13/2003 0:00,Shipped,4,11,2003,Classic Cars,214,S10_1949,"Classic Gift Ideas, Inc",Philadelphia,PA,USA,Medium,North America,2003-11-13,2003-11,149.79999999999998,1927.17,0.3587054240335631
10194,42,100.0,11,7290.36,11/25/2003 0:00,Shipped,4,11,2003,Classic Cars,214,S10_1949,"Saveley & Henriot, Co.",Lyon,,France,Large,EMEA,2003-11-25,2003-11,149.79999999999998,998.7600000000002,0.13699734992510662
10206,47,100.0,6,9064.89,12/5/2003 0:00,Shipped,4,12,2003,Classic Cars,214,S10_1949,Canadian Gift Exchange Network,Vancouver,BC,Canada,Large,North America,2003-12-05,2003-12,149.79999999999998,2024.29,0.2233110385233577
10215,35,100.0,3,6075.3,1/29/2004 0:00,Shipped,1,1,2004,Classic Cars,214,S10_1949,West Coast Collectables Co.,Burbank,CA,USA,Medium,North America,2004-01-29,2004-01,149.79999999999998,832.3000000000011,0.13699734992510676
10228,29,100.0,2,6463.23,3/10/2004 0:00,Shipped,1,3,2004,Classic Cars,214,S10_1949,Cambridge Collectables Co.,Cambridge,MA,USA,Medium,North America,2004-03-10,2004-03,149.79999999999998,2119.0299999999997,0.3278592901691569
10245,34,100.0,9,6120.34,5/4/2004 0:00,Shipped,2,5,2004,Classic Cars,214,S10_1949,Super Scale Inc.,New Haven,CT,USA,Medium,North America,2004-05-04,2004-05,149.79999999999998,1027.1400000000003,0.16782400977723463
10258,32,100.0,6,7680.64,6/15/2004 0:00,Shipped,2,6,2004,Classic Cars,214,S10_1949,"Tokyo Collectables, Ltd",Minato-ku,Tokyo,Japan,Large,Japan,2004-06-15,2004-06,149.79999999999998,2887.040000000001,0.3758853428880928
10270,21,100.0,9,4905.39,7/19/2004 0:00,Shipped,3,7,2004,Classic Cars,214,S10_1949,Souveniers And Things Co.,Chatswood,NSW,Australia,Medium,APAC,2004-07-19,2004-07,149.79999999999998,1759.5900000000006,0.3587054240335632
10280,34,100.0,2,8014.82,8/17/2004 0:00,Shipped,3,8,2004,Classic Cars,214,S10_1949,Amica Models & Co.,Torino,,Italy,Large,EMEA,2004-08-17,2004-08,149.79999999999998,2921.62,0.36452721333729265
10291,37,100.0,11,7136.19,9/8/2004 0:00,Shipped,3,9,2004,Classic Cars,214,S10_1949,Scandinavian Gift Ideas,Boras,,Sweden,Large,EMEA,2004-09-08,2004-09,149.79999999999998,1593.5900000000001,0.22331103852335774
10304,47,100.0,6,10172.7,10/11/2004 0:00,Shipped,4,10,2004,Classic Cars,214,S10_1949,Auto Assoc. & Cie.,Versailles,,France,Large,EMEA,2004-10-11,2004-10,149.79999999999998,3132.1000000000013,0.30789269318863244
10312,48,100.0,3,11623.7,10/21/2004 0:00,Shipped,4,10,2004,Classic Cars,214,S10_1949,Mini Gifts Distributors Ltd.,San Rafael,CA,USA,Large,North America,2004-10-21,2004-10,149.79999999999998,4433.300000000001,0.3814017911680447
10322,40,100.0,1,6000.4,11/4/2004 0:00,Shipped,4,11,2004,Classic Cars,214,S10_1949,Online Diecast Creations Co.,Nashua,NH,USA,Medium,North America,2004-11-04,2004-11,149.79999999999998,8.400000000000546,0.0013999066728885652
10333,26,100.0,3,3003.0,11/18/2004 0:00,Shipped,4,11,2004,Classic Cars,214,S10_1949,Mini Wheels Co.,San Francisco,CA,USA,Medium,North America,2004-11-18,2004-11,149.79999999999998,-891.7999999999997,-0.2969696969696969
10347,30,100.0,1,3944.7,11/29/2004 0:00,Shipped,4,11,2004,Classic Cars,214,S10_1949,"Australian Collectors, Co.",Melbourne,Victoria,Australia,Medium,APAC,2004-11-29,2004-11,149.79999999999998,-549.2999999999993,-0.13925013308996864
10357,32,100.0,10,5691.84,12/10/2004 0:00,Shipped,4,12,2004,Classic Cars,214,S10_1949,Mini Gifts Distributors Ltd.,San Rafael,CA,USA,Medium,North America,2004-12-10,2004-12,149.79999999999998,898.2400000000007,0.15781188508461247
10369,41,100.0,2,4514.92,1/20/2005 0:00,Shipped,1,1,2005,Classic Cars,214,S10_1949,Collectables For Less Inc.,Brickhaven,MA,USA,Medium,North America,2005-01-20,2005-01,149.79999999999998,-1626.8799999999992,-0.36033418089357044
10381,36,100.0,3,8254.8,2/17/2005 0:00,Shipped,1,2,2005,Classic Cars,214,S10_1949,Corporate Gift Ideas Co.,San Francisco,CA,USA,Large,North America,2005-02-17,2005-02,149.79999999999998,2862.0,0.34670737025730486
10391,24,100.0,4,2416.56,3/9/2005 0:00,Shipped,1,3,2005,Classic Cars,214,S10_1949,"Anna's Decorations, Ltd",North Sydney,NSW,Australia,Small,APAC,2005-03-09,2005-03,149.79999999999998,-1178.6399999999999,-0.4877346310457841
10411,23,100.0,9,4140.23,5/1/2005 0:00,Shipped,2,5,2005,Classic Cars,214,S10_1949,Quebec Home Shopping Network,Montreal,Quebec,Canada,Medium,North America,2005-05-01,2005-05,149.79999999999998,694.8299999999999,0.1678240097772346
10424,50,100.0,6,12001.0,5/31/2005 0:00,In Process,2,5,2005,Classic Cars,214,S10_1949,Euro Shopping Channel,Madrid,,Spain,Large,EMEA,2005-05-31,2005-05,149.79999999999998,4511.000000000001,0.3758853428880927
10107,39,99.91,5,3896.49,2/24/2003 0:00,Shipped,1,2,2003,Motorcycles,118,S10_2016,Land of Toys Inc.,NYC,NY,USA,Medium,North America,2003-02-24,2003-02,82.6,675.0900000000001,0.17325593033730363
10120,29,96.34,3,2793.86,4/29/2003 0:00,Shipped,2,4,2003,Motorcycles,118,S10_2016,"Australian Collectors, Co.",Melbourne,Victoria,Australia,Small,APAC,2003-04-29,2003-04,82.6,398.4600000000005,0.1426198878970315
10134,27,100.0,5,3307.77,7/1/2003 0:00,Shipped,3,7,2003,Motorcycles,118,S10_2016,Lyon Souveniers,Paris,,France,Medium,EMEA,2003-07-01,2003-07,82.6,1077.5700000000002,0.3257693249530651
10145,37,100.0,9,5192.95,8/25/2003 0:00,Shipped,3,8,2003,Motorcycles,118,S10_2016,Toys4GrownUps.com,Pasadena,CA,USA,Medium,North America,2003-08-25,2003-08,82.6,2136.75,0.4114713216957606
10159,37,100.0,17,5016.83,10/10/2003 0:00,Shipped,4,10,2003,Motorcycles,118,S10_2016,Corporate Gift Ideas Co.,San Francisco,CA,USA,Medium,North America,2003-10-10,2003-10,82.6,1960.63,0.3908105317501291
10168,27,100.0,4,3660.93,10/28/2003 0:00,Shipped,4,10,2003,Motorcycles,118,S10_2016,Technics Stores Inc.,Burlingame,CA,USA,Medium,North America,2003-10-28,2003-10,82.6,1430.73,0.3908105317501291
10180,42,100.0,12,4695.6,11/11/2003 0:00,Shipped,4,11,2003,Motorcycles,118,S10_2016,Daedalus Designs Imports,Lille,,France,Medium,EMEA,2003-11-11,2003-11,82.6,1226.4000000000005,0.26118067978533105
10188,38,96.34,4,3660.92,11/18/2003 0:00,Shipped,4,11,2003,Motorcycles,118,S10_2016,Herkku Gifts,Bergen,,Norway,Medium,EMEA,2003-11-18,2003-11,82.6,522.1200000000003,0.14261988789703145
10201,24,100.0,5,3025.92,12/1/2003 0:00,Shipped,4,12,2003,Motorcycles,118,S10_2016,Mini Wheels Co.,San Francisco,CA,USA,Medium,North America,2003-12-01,2003-12,82.6,1043.5200000000002,0.34486040609137064
10210,23,100.0,2,3009.09,1/12/2004 0:00,Shipped,1,1,2004,Motorcycles,118,S10_2016,Osaka Souveniers Co.,Osaka,Osaka,Japan,Medium,Japan,2004-01-12,2004-01,82.6,1109.2900000000002,0.3686463349384698
10223,47,100.0,4,5422.39,2/20/2004 0:00,Shipped,1,2,2004,Motorcycles,118,S10_2016,"Australian Collectors, Co.",Melbourne,Victoria,Australia,Medium,APAC,2004-02-20,2004-02,82.6,1540.1900000000005,0.28404264540175095
10236,22,100.0,1,2852.08,4/3/2004 0:00,Shipped,2,4,2004,Motorcycles,118,S10_2016,Motor Mint Distributors Inc.,Philadelphia,PA,USA,Small,North America,2004-04-03,2004-04,82.6,1034.88,0.36285097192224625
10251,44,100.0,5,5756.52,5/18/2004 0:00,Shipped,2,5,2004,Motorcycles,118,S10_2016,Tekni Collectables Inc.,Newark,NJ,USA,Medium,North America,2004-05-18,2004-05,82.6,2122.120000000001,0.3686463349384699
10263,40,100.0,5,4472.0,6/28/2004 0:00,Shipped,2,6,2004,Motorcycles,118,S10_2016,Gift Depot Inc.,Bridgewater,CT,USA,Medium,North America,2004-06-28,2004-06,82.6,1168.0,0.26118067978533094
10275,22,100.0,4,2904.44,7/23/2004 0:00,Shipped,3,7,2004,Motorcycles,118,S10_2016,La Rochelle Gifts,Nantes,,France,Small,EMEA,2004-07-23,2004-07,82.6,1087.2400000000002,0.37433722163308597
10285,47,100.0,9,6484.59,8/27/2004 0:00,Shipped,3,8,2004,Motorcycles,118,S10_2016,Marta's Replicas Co.,Cambridge,MA,USA,Medium,North America,2004-08-27,2004-08,82.6,2602.3900000000003,0.40131912734652464
10298,39,96.34,1,3757.26,9/27/2004 0:00,Shipped,3,9,2004,Motorcycles,118,S10_2016,Atelier graphique,Nantes,,France,Medium,EMEA,2004-09-27,2004-09,82.6,535.8600000000006,0.1426198878970315
10308,34,100.0,2,4043.96,10/15/2004 0:00,Shipped,4,10,2004,Motorcycles,118,S10_2016,Mini Classics,White Plains,NY,USA,Medium,North America,2004-10-15,2004-10,82.6,1235.5600000000004,0.30553220110980334
10318,45,100.0,4,5566.5,11/2/2004 0:00,Shipped,4,11,2004,Motorcycles,118,S10_2016,Diecast Classics Inc.,Allentown,PA,USA,Medium,North America,2004-11-02,2004-11,82.6,1849.5000000000005,0.3322554567502022
10329,20,100.0,2,3176.0,11/15/2004 0:00,Shipped,4,11,2004,Motorcycles,118,S10_2016,Land of Toys Inc.,NYC,NY,USA,Medium,North America,2004-11-15,2004-11,82.6,1524.0,0.47984886649874053
10339,40,68.92,4,2756.8,11/23/2004 0:00,Shipped,4,11,2004,Motorcycles,118,S10_2016,"Tokyo Collectables, Ltd",Minato-ku,Tokyo,Japan,Small,Japan,2004-11-23,2004-11,82.6,-547.1999999999998,-0.1984910040626813
10361,26,51.15,8,1329.9,12/17/2004 0:00,Shipped,4,12,2004,Motorcycles,118,S10_2016,Souveniers And Things Co.,Chatswood,NSW,Australia,Small,APAC,2004-12-17,2004-12,82.6,-817.6999999999998,-0.6148582600195501
10374,39,100.0,5,5288.01,2/2/2005 0:00,Shipped,1,2,2005,Motorcycles,118,S10_2016,"Australian Gift Network, Co",South Brisbane,Queensland,Australia,Medium,APAC,2005-02-02,2005-02,82.6,2066.6100000000006,0.39081053175012914
10388,50,44.51,5,2225.5,3/3/2005 0:00,Shipped,1,3,2005,Motorcycles,118,S10_2016,FunGiftIdeas.com,New Bedford,MA,USA,Small,North America,2005-03-03,2005-03,82.6,-1904.5,-0.8557627499438328
10402,45,100.0,1,5833.8,4/7/2005 0:00,Shipped,2,4,2005,Motorcycles,118,S10_2016,Auto Canal Petit,Paris,,France,Medium,EMEA,2005-04-07,2005-04,82.6,2116.8000000000006,0.3628509719222463
10417,45,100.0,5,5887.35,5/13/2005 0:00,Disputed,2,5,2005,Motorcycles,118,S10_2016,Euro Shopping Channel,Madrid,,Spain,Medium,EMEA,2005-05-13,2005-05,82.6,2170.350000000001,0.3686463349384699
10107,27,100.0,4,6065.55,2/24/2003 0:00,Shipped,1,2,2003,Motorcycles,193,S10_4698,Land of Toys Inc.,NYC,NY,USA,Medium,North America,2003-02-24,2003-02,135.1,2417.8500000000004,0.39862007567326957
10120,46,100.0,2,9264.86,4/29/2003 0:00,Shipped,2,4,2003,Motorcycles,193,S10_4698,"Australian Collectors, Co.",Melbourne,Victoria,Australia,Large,APAC,2003-04-29,2003-04,135.1,3050.260000000001,0.3292289360011917
10134,31,100.0,4,7023.98,7/1/2003 0:00,Shipped,3,7,2003,Motorcycles,193,S10_4698,Lyon Souveniers,Paris,,France,Large,EMEA,2003-07-01,2003-07,135.1,2835.88,0.4037426074675612
10145,33,100.0,8,5176.38,8/25/2003 0:00,Shipped,3,8,2003,Motorcycles,193,S10_4698,Toys4GrownUps.com,Pasadena,CA,USA,Medium,North America,2003-08-25,2003-08,135.1,718.0799999999999,0.13872242764248371
10159,22,100.0,16,4132.7,10/10/2003 0:00,Shipped,4,10,2003,Motorcycles,193,S10_4698,Corporate Gift Ideas Co.,San Francisco,CA,USA,Medium,North America,2003-10-10,2003-10,135.1,1160.5,0.2808091562416822
10168,20,100.0,3,4183.0,10/28/2003 0:00,Shipped,4,10,2003,Motorcycles,193,S10_4698,Technics Stores Inc.,Burlingame,CA,USA,Medium,North America,2003-10-28,2003-10,135.1,1481.0,0.3540521157064308
10180,41,100.0,11,8892.9,11/11/2003 0:00,Shipped,4,11,2003,Motorcycles,193,S10_4698,Daedalus Designs Imports,Lille,,France,Large,EMEA,2003-11-11,2003-11,135.1,3353.8,0.3771323190410328
10188,45,100.0,3,8714.7,11/18/2003 0:00,Shipped,4,11,2003,Motorcycles,193,S10_4698,Herkku Gifts,Bergen,,Norway,Large,EMEA,2003-11-18,2003-11,135.1,2635.2000000000007,0.3023856242899928
10201,49,100.0,4,8065.89,12/1/2003 0:00,Shipped,4,12,2003,Motorcycles,193,S10_4698,Mini Wheels Co.,San Francisco,CA,USA,Large,North America,2003-12-01,2003-12,135.1,1445.9900000000007,0.17927221918473976
10210,34,100.0,1,6123.4,1/12/2004 0:00,Shipped,1,1,2004,Motorcycles,193,S10_4698,Osaka Souveniers Co.,Osaka,Osaka,Japan,Medium,Japan,2004-01-12,2004-01,135.1,1530.0,0.24986118822876183
10223,49,100.0,3,9774.03,2/20/2004 0:00,Shipped,1,2,2004,Motorcycles,193,S10_4698,"Australian Collectors, Co.",Melbourne,Victoria,Australia,Large,APAC,2004-02-20,2004-02,135.1,3154.130000000001,0.32270516869704724
10237,39,100.0,9,7023.9,4/5/2004 0:00,Shipped,2,4,2004,Motorcycles,193,S10_4698,Vitachrome Inc.,NYC,NY,USA,Large,North America,2004-04-05,2004-04,135.1,1755.0,0.2498611882287618
10251,43,100.0,4,7078.23,5/18/2004 0:00,Shipped,2,5,2004,Motorcycles,193,S10_4698,Tekni Collectables Inc.,Newark,NJ,USA,Large,North America,2004-05-18,2004-05,135.1,1268.9299999999994,0.17927221918473962
10263,41,100.0,4,8336.94,6/28/2004 0:00,Shipped,2,6,2004,Motorcycles,193,S10_4698,Gift Depot Inc.,Bridgewater,CT,USA,Large,North America,2004-06-28,2004-06,135.1,2797.840000000001,0.33559555424412324
10275,36,100.0,3,6901.92,7/23/2004 0:00,Shipped,3,7,2004,Motorcycles,193,S10_4698,La Rochelle Gifts,Nantes,,France,Medium,EMEA,2004-07-23,2004-07,135.1,2038.3200000000006,0.2953265178385146
10285,27,100.0,8,5438.07,8/27/2004 0:00,Shipped,3,8,2004,Motorcycles,193,S10_4698,Marta's Replicas Co.,Cambridge,MA,USA,Medium,North America,2004-08-27,2004-08,135.1,1790.37,0.3292289360011916
10299,29,100.0,11,6683.34,9/30/2004 0:00,Shipped,3,9,2004,Motorcycles,193,S10_4698,"Toys of Finland, Co.",Helsinki,,Finland,Medium,EMEA,2004-09-30,2004-09,135.1,2765.4400000000005,0.4137811333854032
10308,20,100.0,1,4570.4,10/15/2004 0:00,Shipped,4,10,2004,Motorcycles,193,S10_4698,Mini Classics,White Plains,NY,USA,Medium,North America,2004-10-15,2004-10,135.1,1868.3999999999996,0.4088044810082268
10318,37,100.0,3,7667.14,11/2/2004 0:00,Shipped,4,11,2004,Motorcycles,193,S10_4698,Diecast Classics Inc.,Allentown,PA,USA,Large,North America,2004-11-02,2004-11,135.1,2668.4400000000005,0.3480359038702828
10329,26,100.0,3,5868.2,11/15/2004 0:00,Shipped,4,11,2004,Motorcycles,193,S10_4698,Land of Toys Inc.,NYC,NY,USA,Medium,North America,2004-11-15,2004-11,135.1,2355.6,0.4014178112538768
10339,39,76.67,3,2990.13,11/23/2004 0:00,Shipped,4,11,2004,Motorcycles,193,S10_4698,"Tokyo Collectables, Ltd",Minato-ku,Tokyo,Japan,Small,Japan,2004-11-23,2004-11,135.1,-2278.7699999999995,-0.762097300117386
10362,22,100.0,4,3664.1,1/5/2005 0:00,Shipped,1,1,2005,Motorcycles,193,S10_4698,Technics Stores Inc.,Burlingame,CA,USA,Medium,North America,2005-01-05,2005-01,135.1,691.9000000000001,0.18883218252776945
10374,22,100.0,1,3834.38,2/2/2005 0:00,Shipped,1,2,2005,Motorcycles,193,S10_4698,"Australian Gift Network, Co",South Brisbane,Queensland,Australia,Medium,APAC,2005-02-02,2005-02,135.1,862.1800000000003,0.22485512651328252
10388,21,86.77,7,1822.17,3/3/2005 0:00,Shipped,1,3,2005,Motorcycles,193,S10_4698,FunGiftIdeas.com,New Bedford,MA,USA,Small,North America,2005-03-03,2005-03,135.1,-1014.9299999999998,-0.5569897429987322
10403,66,100.0,9,11886.6,4/8/2005 0:00,Shipped,2,4,2005,Motorcycles,193,S10_4698,"UK Collectables, Ltd.",Liverpool,,UK,Large,EMEA,2005-04-08,2005-04,135.1,2970.0,0.2498611882287618
10417,56,100.0,4,9218.16,5/13/2005 0:00,Disputed,2,5,2005,Motorcycles,193,S10_4698,Euro Shopping Channel,Madrid,,Spain,Large,EMEA,2005-05-13,2005-05,135.1,1652.5600000000004,0.17927221918473973
10105,50,100.0,2,7208.0,2/11/2003 0:00,Shipped,1,2,2003,Classic Cars,136,S10_4757,Danish Wholesale Imports,Kobenhavn,,Denmark,Large,EMEA,2003-02-11,2003-02,95.19999999999999,2448.000000000001,0.3396226415094341
10119,46,100.0,11,5004.8,4/28/2003 0:00,Shipped,2,4,2003,Classic Cars,136,S10_4757,Salzburg Collectables,Salzburg,,Austria,Medium,EMEA,2003-04-28,2003-04,95.19999999999999,625.6000000000004,0.12500000000000006
10129,33,100.0,2,4398.24,6/12/2003 0:00,Shipped,2,6,2003,Classic Cars,136,S10_4757,"Stylish Desk Decors, Co.",London,,UK,Medium,EMEA,2003-06-12,2003-06,95.19999999999999,1256.6400000000003,0.2857142857142858
10143,49,100.0,15,5597.76,8/10/2003 0:00,Shipped,3,8,2003,Classic Cars,136,S10_4757,Mini Creations Ltd.,New Bedford,MA,USA,Medium,North America,2003-08-10,2003-08,95.19999999999999,932.960000000001,0.16666666666666682
10155,32,100.0,13,4526.08,10/6/2003 0:00,Shipped,4,10,2003,Classic Cars,136,S10_4757,"Toys of Finland, Co.",Helsinki,,Finland,Medium,EMEA,2003-10-06,2003-10,95.19999999999999,1479.6800000000003,0.326923076923077
10167,44,100.0,9,5924.16,10/23/2003 0:00,Cancelled,4,10,2003,Classic Cars,136,S10_4757,Scandinavian Gift Ideas,Boras,,Sweden,Medium,EMEA,2003-10-23,2003-10,95.19999999999999,1735.3600000000006,0.29292929292929304
10178,24,100.0,12,3492.48,11/8/2003 0:00,Shipped,4,11,2003,Classic Cars,136,S10_4757,Alpha Cognac,Toulouse,,France,Medium,EMEA,2003-11-08,2003-11,95.19999999999999,1207.6800000000003,0.3457943925233646
10186,26,100.0,9,3854.24,11/14/2003 0:00,Shipped,4,11,2003,Classic Cars,136,S10_4757,"Double Decker Gift Stores, Ltd",London,,UK,Medium,EMEA,2003-11-14,2003-11,95.19999999999999,1379.04,0.3577981651376147
10197,45,100.0,6,5324.4,11/26/2003 0:00,Shipped,4,11,2003,Classic Cars,136,S10_4757,Enaco Distributors,Barcelona,,Spain,Medium,EMEA,2003-11-26,2003-11,95.19999999999999,1040.4000000000005,0.19540229885057483
10209,39,100.0,8,5197.92,1/9/2004 0:00,Shipped,1,1,2004,Classic Cars,136,S10_4757,"Men 'R' US Retailers, Ltd.",Los Angeles,CA,USA,Medium,North America,2004-01-09,2004-01,95.19999999999999,1485.1200000000003,0.28571428571428575
10222,49,100.0,12,5997.6,2/19/2004 0:00,Shipped,1,2,2004,Classic Cars,136,S10_4757,Collectable Mini Designs Co.,San Diego,CA,USA,Medium,North America,2004-02-19,2004-02,95.19999999999999,1332.800000000001,0.2222222222222224
10248,20,100.0,3,2910.4,5/7/2004 0:00,Cancelled,2,5,2004,Classic Cars,136,S10_4757,Land of Toys Inc.,NYC,NY,USA,Small,North America,2004-05-07,2004-05,95.19999999999999,1006.4000000000003,0.3457943925233646
10261,27,100.0,1,3378.24,6/17/2004 0:00,Shipped,2,6,2004,Classic Cars,136,S10_4757,Quebec Home Shopping Network,Montreal,Quebec,Canada,Medium,North America,2004-06-17,2004-06,95.19999999999999,807.8400000000001,0.23913043478260876
10273,30,100.0,4,3508.8,7/21/2004 0:00,Shipped,3,7,2004,Classic Cars,136,S10_4757,Petit Auto,Bruxelles,,Belgium,Medium,EMEA,2004-07-21,2004-07,95.19999999999999,652.8000000000006,0.18604651162790714
10283,25,100.0,6,2992.0,8/20/2004 0:00,Shipped,3,8,2004,Classic Cars,136,S10_4757,"Royal Canadian Collectables, Ltd.",Tsawassen,BC,Canada,Small,North America,2004-08-20,2004-08,95.19999999999999,612.0000000000005,0.2045454545454547
10295,24,100.0,1,3427.2,9/10/2004 0:00,Shipped,3,9,2004,Classic Cars,136,S10_4757,Gifts4AllAges.com,Boston,MA,USA,Medium,North America,2004-09-10,2004-09,95.19999999999999,1142.4,0.33333333333333337
10307,22,100.0,9,2692.8,10/14/2004 0:00,Shipped,4,10,2004,Classic Cars,136,S10_4757,"Classic Gift Ideas, Inc",Philadelphia,PA,USA,Small,North America,2004-10-14,2004-10,95.19999999999999,598.4000000000005,0.2222222222222224
10316,33,100.0,17,4128.96,11/1/2004 0:00,Shipped,4,11,2004,Classic Cars,136,S10_4757,giftsbymail.co.uk,Cowes,Isle of Wight,UK,Medium,EMEA,2004-11-01,2004-11,95.19999999999999,987.3600000000006,0.23913043478260884
10325,47,64.93,6,3051.71,11/5/2004 0:00,Shipped,4,11,2004,Classic Cars,136,S10_4757,Baane Mini Imports,Stavern,,Norway,Medium,EMEA,2004-11-05,2004-11,95.19999999999999,-1422.6899999999996,-0.46619436316032636
10337,25,48.05,8,1201.25,11/21/2004 0:00,Shipped,4,11,2004,Classic Cars,136,S10_4757,Classic Legends Inc.,NYC,NY,USA,Small,North America,2004-11-21,2004-11,95.19999999999999,-1178.7499999999995,-0.9812695109261182
10350,26,75.47,5,1962.22,12/2/2004 0:00,Shipped,4,12,2004,Classic Cars,136,S10_4757,Euro Shopping Channel,Madrid,,Spain,Small,EMEA,2004-12-02,2004-12,95.19999999999999,-512.9799999999998,-0.261428382138598
10359,48,54.68,6,2624.64,12/15/2004 0:00,Shipped,4,12,2004,Classic Cars,136,S10_4757,Reims Collectables,Reims,,France,Small,EMEA,2004-12-15,2004-12,95.19999999999999,-1944.9599999999996,-0.7410387710314557
10373,39,100.0,3,4046.25,1/31/2005 0:00,Shipped,1,1,2005,Classic Cars,136,S10_4757,"Oulu Toy Supplies, Inc.",Oulu,,Finland,Medium,EMEA,2005-01-31,2005-01,95.19999999999999,333.4500000000003,0.08240963855421693
10384,34,100.0,4,4846.7,2/23/2005 0:00,Shipped,1,2,2005,Classic Cars,136,S10_4757,Corporate Gift Ideas Co.,San Francisco,CA,USA,Medium,North America,2005-02-23,2005-02,95.19999999999999,1609.9,0.3321641529287969
10395,32,100.0,2,3370.56,3/17/2005 0:00,Shipped,1,3,2005,Classic Cars,136,S10_4757,Lyon Souveniers,Paris,,France,Medium,EMEA,2005-03-17,2005-03,95.19999999999999,324.1600000000003,0.09617392955473283
10400,64,100.0,9,9661.44,4/1/2005 0:00,Shipped,2,4,2005,Classic Cars,136,S10_4757,The Sharp Gifts Warehouse,San Jose,CA,USA,Large,North America,2005-04-01,2005-04,95.19999999999999,3568.6400000000012,0.3693693693693695
10414,19,100.0,3,2764.88,5/6/2005 0:00,On Hold,2,5,2005,Classic Cars,136,S10_4757,Gifts4AllAges.com,Boston,MA,USA,Small,North America,2005-05-06,2005-05,95.19999999999999,956.0800000000004,0.34579439252336464
10103,42,100.0,4,5398.26,1/29/2003 0:00,Shipped,1,1,2003,Classic Cars,147,S10_4962,Baane Mini Imports,Stavern,,Norway,Medium,EMEA,2003-01-29,2003-01,102.89999999999999,1076.460000000001,0.1994086983583601
10114,31,100.0,8,4305.28,4/1/2003 0:00,Shipped,2,4,2003,Classic Cars,147,S10_4962,"La Corne D'abondance, Co.",Paris,,France,Medium,EMEA,2003-04-01,2003-04,102.89999999999999,1115.38,0.2590725806451613
10126,22,100.0,4,3347.74,5/28/2003 0:00,Shipped,2,5,2003,Classic Cars,147,S10_4962,"Corrida Auto Replicas, Ltd",Madrid,,Spain,Medium,EMEA,2003-05-28,2003-05,102.89999999999999,1083.94,0.3237826115528685
10140,26,100.0,4,3188.12,7/24/2003 0:00,Shipped,3,7,2003,Classic Cars,147,S10_4962,Technics Stores Inc.,Burlingame,CA,USA,Medium,North America,2003-07-24,2003-07,102.89999999999999,512.7200000000003,0.1608220518675584
10150,20,100.0,1,3191.2,9/19/2003 0:00,Shipped,3,9,2003,Classic Cars,147,S10_4962,"Dragon Souveniers, Ltd.",Singapore,,Singapore,Medium,Japan,2003-09-19,2003-09,102.89999999999999,1133.1999999999998,0.35510152920531457
10164,21,100.0,2,3536.82,10/21/2003 0:00,Resolved,4,10,2003,Classic Cars,147,S10_4962,Mini Auto Werke,Graz,,Austria,Medium,EMEA,2003-10-21,2003-10,102.89999999999999,1375.9200000000005,0.3890274314214465
10175,33,100.0,9,5362.83,11/6/2003 0:00,Shipped,4,11,2003,Classic Cars,147,S10_4962,"Stylish Desk Decors, Co.",London,,UK,Medium,EMEA,2003-11-06,2003-11,102.89999999999999,1967.13,0.36680819641868195
10183,28,100.0,1,3433.36,11/13/2003 0:00,Shipped,4,11,2003,Classic Cars,147,S10_4962,"Classic Gift Ideas, Inc",Philadelphia,PA,USA,Medium,North America,2003-11-13,2003-11,102.89999999999999,552.1600000000003,0.1608220518675584
10194,26,100.0,4,4263.74,11/25/2003 0:00,Shipped,4,11,2003,Classic Cars,147,S10_4962,"Saveley & Henriot, Co.",Lyon,,France,Medium,EMEA,2003-11-25,2003-11,102.89999999999999,1588.3400000000001,0.37252271479968296
10207,31,100.0,15,4076.19,12/9/2003 0:00,Shipped,4,12,2003,Classic Cars,147,S10_4962,Diecast Collectables,Boston,MA,USA,Medium,North America,2003-12-09,2003-12,102.89999999999999,886.2900000000004,0.21743098334474115
10217,48,100.0,4,7020.48,2/4/2004 0:00,Shipped,1,2,2004,Classic Cars,147,S10_4962,Handji Gifts& Co,Singapore,,Singapore,Large,APAC,2004-02-04,2004-02,102.89999999999999,2081.2799999999997,0.2964583618214139
10229,50,100.0,9,6426.5,3/11/2004 0:00,Shipped,1,3,2004,Classic Cars,147,S10_4962,Mini Gifts Distributors Ltd.,San Rafael,CA,USA,Medium,North America,2004-03-11,2004-03,102.89999999999999,1281.5,0.19940869835835992
10245,28,100.0,2,4591.72,5/4/2004 0:00,Shipped,2,5,2004,Classic Cars,147,S10_4962,Super Scale Inc.,New Haven,CT,USA,Medium,North America,2004-05-04,2004-05,102.89999999999999,1710.5200000000004,0.37252271479968296
10259,26,100.0,12,4033.38,6/15/2004 0:00,Shipped,2,6,2004,Classic Cars,147,S10_4962,Handji Gifts& Co,Singapore,,Singapore,Medium,APAC,2004-06-15,2004-06,102.89999999999999,1357.9800000000005,0.3366853606652486
10270,32,100.0,2,4302.08,7/19/2004 0:00,Shipped,3,7,2004,Classic Cars,147,S10_4962,Souveniers And Things Co.,Chatswood,NSW,Australia,Medium,APAC,2004-07-19,2004-07,102.89999999999999,1009.2800000000002,0.23460279678667068
10281,44,100.0,9,7020.64,8/19/2004 0:00,Shipped,3,8,2004,Classic Cars,147,S10_4962,Diecast Classics Inc.,Allentown,PA,USA,Large,North America,2004-08-19,2004-08,102.89999999999999,2493.040000000001,0.35510152920531474
10291,30,100.0,4,3855.9,9/8/2004 0:00,Shipped,3,9,2004,Classic Cars,147,S10_4962,Scandinavian Gift Ideas,Boras,,Sweden,Medium,EMEA,2004-09-08,2004-09,102.89999999999999,768.9000000000005,0.19940869835836006
10305,38,100.0,13,6680.78,10/13/2004 0:00,Shipped,4,10,2004,Classic Cars,147,S10_4962,Marta's Replicas Co.,Cambridge,MA,USA,Medium,North America,2004-10-13,2004-10,102.89999999999999,2770.58,0.4147090609180365
10313,40,100.0,7,6678.0,10/22/2004 0:00,Shipped,4,10,2004,Classic Cars,147,S10_4962,Canadian Gift Exchange Network,Vancouver,BC,Canada,Medium,North America,2004-10-22,2004-10,102.89999999999999,2562.0,0.3836477987421384
10322,46,61.99,8,2851.54,11/4/2004 0:00,Shipped,4,11,2004,Classic Cars,147,S10_4962,Online Diecast Creations Co.,Nashua,NH,USA,Small,North America,2004-11-04,2004-11,102.89999999999999,-1881.8599999999997,-0.6599451524439425
10334,26,100.0,2,3188.12,11/19/2004 0:00,On Hold,4,11,2004,Classic Cars,147,S10_4962,"Volvo Model Replicas, Co",Lule,,Sweden,Medium,EMEA,2004-11-19,2004-11,102.89999999999999,512.7200000000003,0.1608220518675584
10347,27,100.0,2,4428.0,11/29/2004 0:00,Shipped,4,11,2004,Classic Cars,147,S10_4962,"Australian Collectors, Co.",Melbourne,Victoria,Australia,Medium,APAC,2004-11-29,2004-11,102.89999999999999,1649.7000000000003,0.37256097560975615
10357,43,100.0,9,5780.92,12/10/2004 0:00,Shipped,4,12,2004,Classic Cars,147,S10_4962,Mini Gifts Distributors Ltd.,San Rafael,CA,USA,Medium,North America,2004-12-10,2004-12,102.89999999999999,1356.2200000000003,0.23460279678667068
10370,35,65.63,4,2297.05,1/20/2005 0:00,Shipped,1,1,2005,Classic Cars,147,S10_4962,"Anna's Decorations, Ltd",North Sydney,NSW,Australia,Small,APAC,2005-01-20,2005-01,102.89999999999999,-1304.4499999999994,-0.5678805424348617
10381,37,100.0,6,6231.54,2/17/2005 0:00,Shipped,1,2,2005,Classic Cars,147,S10_4962,Corporate Gift Ideas Co.,San Francisco,CA,USA,Medium,North America,2005-02-17,2005-02,102.89999999999999,2424.2400000000002,0.3890274314214464
10391,37,46.9,7,1735.3,3/9/2005 0:00,Shipped,1,3,2005,Classic Cars,147,S10_4962,"Anna's Decorations, Ltd",North Sydney,NSW,Australia,Small,APAC,2005-03-09,2005-03,102.89999999999999,-2072.0,-1.1940298507462688
10411,27,100.0,2,4427.73,5/1/2005 0:00,Shipped,2,5,2005,Classic Cars,147,S10_4962,Quebec Home Shopping Network,Montreal,Quebec,Canada,Medium,North America,2005-05-01,2005-05,102.89999999999999,1649.4299999999998,0.3725227147996829
10425,38,100.0,12,5894.94,5/31/2005 0:00,In Process,2,5,2005,Classic Cars,147,S10_4962,La Rochelle Gifts,Nantes,,France,Medium,EMEA,2005-05-31,2005-05,102.89999999999999,1984.7399999999998,0.3366853606652485
10108,33,100.0,6,5265.15,3/3/2003 0:00,Shipped,1,3,2003,Classic Cars,194,S12_1099,Cruz & Sons Co.,Makati City,,Philippines,Medium,Japan,2003-03-03,2003-03,135.79999999999998,783.75,0.14885615794421814
10122,42,100.0,10,7599.9,5/8/2003 0:00,Shipped,2,5,2003,Classic Cars,194,S12_1099,Marseille Mini Autos,Marseille,,France,Large,EMEA,2003-05-08,2003-05,135.79999999999998,1896.3000000000002,0.24951644100580275
10135,42,100.0,7,8008.56,7/2/2003 0:00,Shipped,3,7,2003,Classic Cars,194,S12_1099,Mini Gifts Distributors Ltd.,San Rafael,CA,USA,Large,North America,2003-07-02,2003-07,135.79999999999998,2304.960000000001,0.287812041116006
10147,48,100.0,7,9245.76,9/5/2003 0:00,Shipped,3,9,2003,Classic Cars,194,S12_1099,Collectables For Less Inc.,Brickhaven,MA,USA,Large,North America,2003-09-05,2003-09,135.79999999999998,2727.3600000000006,0.2949849444502129
10159,41,100.0,2,8296.35,10/10/2003 0:00,Shipped,4,10,2003,Classic Cars,194,S12_1099,Corporate Gift Ideas Co.,San Francisco,CA,USA,Large,North America,2003-10-10,2003-10,135.79999999999998,2728.550000000001,0.32888559426735864
10169,30,100.0,2,5019.9,11/4/2003 0:00,Shipped,4,11,2003,Classic Cars,194,S12_1099,"Anna's Decorations, Ltd",North Sydney,NSW,Australia,Medium,APAC,2003-11-04,2003-11,135.79999999999998,945.9000000000001,0.18843004840733882
10181,27,100.0,14,5411.07,11/12/2003 0:00,Shipped,4,11,2003,Classic Cars,194,S12_1099,Herkku Gifts,Bergen,,Norway,Medium,EMEA,2003-11-12,2003-11,135.79999999999998,1744.4700000000003,0.3223891023402026
10191,21,100.0,3,3840.9,11/20/2003 0:00,Shipped,4,11,2003,Classic Cars,194,S12_1099,"Toms Spezialitten, Ltd",Koln,,Germany,Medium,EMEA,2003-11-20,2003-11,135.79999999999998,989.1000000000004,0.25751776927282677
10203,20,100.0,8,3930.4,12/2/2003 0:00,Shipped,4,12,2003,Classic Cars,194,S12_1099,Euro Shopping Channel,Madrid,,Spain,Medium,EMEA,2003-12-02,2003-12,135.79999999999998,1214.4000000000005,0.3089761856299615
10211,41,100.0,2,7498.9,1/15/2004 0:00,Shipped,1,1,2004,Classic Cars,194,S12_1099,Auto Canal Petit,Paris,,France,Large,EMEA,2004-01-15,2004-01,135.79999999999998,1931.1000000000004,0.25751776927282677
10225,27,100.0,9,4517.91,2/22/2004 0:00,Shipped,1,2,2004,Classic Cars,194,S12_1099,"Vida Sport, Ltd",Gensve,,Switzerland,Medium,EMEA,2004-02-22,2004-02,135.79999999999998,851.3100000000004,0.18843004840733887
10238,28,100.0,3,5774.72,4/9/2004 0:00,Shipped,2,4,2004,Classic Cars,194,S12_1099,Danish Wholesale Imports,Kobenhavn,,Denmark,Medium,EMEA,2004-04-09,2004-04,135.79999999999998,1972.3200000000006,0.34154383242823905
10253,24,100.0,13,3922.56,6/1/2004 0:00,Cancelled,2,6,2004,Classic Cars,194,S12_1099,"UK Collectables, Ltd.",Liverpool,,UK,Medium,EMEA,2004-06-01,2004-06,135.79999999999998,663.3600000000001,0.16911404796867355
10266,44,100.0,14,9160.36,7/6/2004 0:00,Shipped,3,7,2004,Classic Cars,194,S12_1099,L'ordine Souveniers,Reggio Emilia,,Italy,Large,EMEA,2004-07-06,2004-07,135.79999999999998,3185.1600000000017,0.3477112253230224
10276,50,100.0,3,9631.0,8/2/2004 0:00,Shipped,3,8,2004,Classic Cars,194,S12_1099,Online Mini Collectables,Brickhaven,MA,USA,Large,North America,2004-08-02,2004-08,135.79999999999998,2841.000000000001,0.29498494445021295
10287,21,100.0,12,3432.24,8/30/2004 0:00,Shipped,3,8,2004,Classic Cars,194,S12_1099,"Vida Sport, Ltd",Gensve,,Switzerland,Medium,EMEA,2004-08-30,2004-08,135.79999999999998,580.44,0.16911404796867355
10300,33,100.0,5,5521.89,10/4/2003 0:00,Shipped,4,10,2003,Classic Cars,194,S12_1099,"Blauer See Auto, Co.",Frankfurt,,Germany,Medium,EMEA,2003-10-04,2003-10,135.79999999999998,1040.4900000000007,0.1884300484073389
10310,33,100.0,10,6934.62,10/16/2004 0:00,Shipped,4,10,2004,Classic Cars,194,S12_1099,"Toms Spezialitten, Ltd",Koln,,Germany,Medium,EMEA,2004-10-16,2004-10,135.79999999999998,2453.2200000000003,0.35376415722851434
10320,31,100.0,3,6876.11,11/3/2004 0:00,Shipped,4,11,2004,Classic Cars,194,S12_1099,"Volvo Model Replicas, Co",Lule,,Sweden,Medium,EMEA,2004-11-03,2004-11,135.79999999999998,2666.3100000000004,0.3877643027816601
10329,41,71.47,5,2930.27,11/15/2004 0:00,Shipped,4,11,2004,Classic Cars,194,S12_1099,Land of Toys Inc.,NYC,NY,USA,Small,North America,2004-11-15,2004-11,135.79999999999998,-2637.5299999999993,-0.9000979431929479
10341,45,79.65,2,3584.25,11/24/2004 0:00,Shipped,4,11,2004,Classic Cars,194,S12_1099,Salzburg Collectables,Salzburg,,Austria,Medium,EMEA,2004-11-24,2004-11,135.79999999999998,-2526.749999999999,-0.7049591964846199
10363,33,85.39,3,2817.87,1/6/2005 0:00,Shipped,1,1,2005,Classic Cars,194,S12_1099,Suominen Souveniers,Espoo,,Finland,Small,EMEA,2005-01-06,2005-01,135.79999999999998,-1663.5299999999997,-0.5903501580981378
10375,45,76.0,7,3420.0,2/3/2005 0:00,Shipped,1,2,2005,Classic Cars,194,S12_1099,La Rochelle Gifts,Nantes,,France,Medium,EMEA,2005-02-03,2005-02,135.79999999999998,-2690.999999999999,-0.7868421052631577
10389,26,99.04,4,2575.04,3/3/2005 0:00,Shipped,1,3,2005,Classic Cars,194,S12_1099,Scandinavian Gift Ideas,Boras,,Sweden,Small,EMEA,2005-03-03,2005-03,135.79999999999998,-955.7599999999998,-0.3711631663974151
10419,12,100.0,13,1961.28,5/17/2005 0:00,Shipped,2,5,2005,Classic Cars,194,S12_1099,Salzburg Collectables,Salzburg,,Austria,Small,EMEA,2005-05-17,2005-05,135.79999999999998,331.68000000000006,0.16911404796867355
10105,41,100.0,15,8690.36,2/11/2003 0:00,Shipped,1,2,2003,Classic Cars,207,S12_1108,Danish Wholesale Imports,Kobenhavn,,Denmark,Large,EMEA,2003-02-11,2003-02,144.89999999999998,2749.460000000002,0.3163804491413476
10117,33,100.0,9,6034.38,4/16/2003 0:00,Shipped,2,4,2003,Classic Cars,207,S12_1108,"Dragon Souveniers, Ltd.",Singapore,,Singapore,Medium,Japan,2003-04-16,2003-04,144.89999999999998,1252.6800000000012,0.20759050639833773
10127,46,100.0,2,11279.2,6/3/2003 0:00,Shipped,2,6,2003,Classic Cars,207,S12_1108,Muscle Machine Inc,NYC,NY,USA,Large,North America,2003-06-03,2003-06,144.89999999999998,4613.800000000002,0.4090538336052204
10142,33,100.0,12,8023.29,8/8/2003 0:00,Shipped,3,8,2003,Classic Cars,207,S12_1108,Mini Gifts Distributors Ltd.,San Rafael,CA,USA,Large,North America,2003-08-08,2003-08,144.89999999999998,3241.590000000001,0.40402253938222366
10153,20,100.0,11,4904.0,9/28/2003 0:00,Shipped,3,9,2003,Classic Cars,207,S12_1108,Euro Shopping Channel,Madrid,,Spain,Medium,EMEA,2003-09-28,2003-09,144.89999999999998,2006.0000000000005,0.4090538336052203
10165,44,100.0,3,8594.52,10/22/2003 0:00,Shipped,4,10,2003,Classic Cars,207,S12_1108,"Dragon Souveniers, Ltd.",Singapore,,Singapore,Large,Japan,2003-10-22,2003-10,144.89999999999998,2218.920000000002,0.25817846720933824
10176,33,100.0,2,7474.5,11/6/2003 0:00,Shipped,4,11,2003,Classic Cars,207,S12_1108,L'ordine Souveniers,Reggio Emilia,,Italy,Large,EMEA,2003-11-06,2003-11,144.89999999999998,2692.800000000001,0.3602649006622518
10185,21,100.0,13,3883.74,11/14/2003 0:00,Shipped,4,11,2003,Classic Cars,207,S12_1108,Mini Creations Ltd.,New Bedford,MA,USA,Medium,North America,2003-11-14,2003-11,144.89999999999998,840.8400000000001,0.21650264950794856
10196,47,100.0,5,8887.7,11/26/2003 0:00,Shipped,4,11,2003,Classic Cars,207,S12_1108,Super Scale Inc.,New Haven,CT,USA,Large,North America,2003-11-26,2003-11,144.89999999999998,2077.4000000000015,0.23373876255949247
10208,46,100.0,13,8602.92,1/2/2004 0:00,Shipped,1,1,2004,Classic Cars,207,S12_1108,"Saveley & Henriot, Co.",Lyon,,France,Large,EMEA,2004-01-02,2004-01,144.89999999999998,1937.5200000000013,0.22521655437921093
10220,32,100.0,2,7181.44,2/12/2004 0:00,Shipped,1,2,2004,Classic Cars,207,S12_1108,"Clover Collections, Co.",Dublin,,Ireland,Large,EMEA,2004-02-12,2004-02,144.89999999999998,2544.6400000000003,0.35433562071116664
10231,42,100.0,2,8378.58,3/19/2004 0:00,Shipped,1,3,2004,Classic Cars,207,S12_1108,CAF Imports,Madrid,,Spain,Large,EMEA,2004-03-19,2004-03,144.89999999999998,2292.7800000000007,0.2736478018948319
10247,44,100.0,2,10606.2,5/5/2004 0:00,Shipped,2,5,2004,Classic Cars,207,S12_1108,Suominen Souveniers,Espoo,,Finland,Large,EMEA,2004-05-05,2004-05,144.89999999999998,4230.600000000002,0.39887990043559446
10272,35,100.0,2,5818.4,7/20/2004 0:00,Shipped,3,7,2004,Classic Cars,207,S12_1108,Diecast Classics Inc.,Allentown,PA,USA,Medium,North America,2004-07-20,2004-07,144.89999999999998,746.9000000000005,0.12836862367661223
10282,41,100.0,5,7071.27,8/20/2004 0:00,Shipped,3,8,2004,Classic Cars,207,S12_1108,Mini Gifts Distributors Ltd.,San Rafael,CA,USA,Large,North America,2004-08-20,2004-08,144.89999999999998,1130.3700000000017,0.159853887632632
10293,46,100.0,8,8411.56,9/9/2004 0:00,Shipped,3,9,2004,Classic Cars,207,S12_1108,Amica Models & Co.,Torino,,Italy,Large,EMEA,2004-09-09,2004-09,144.89999999999998,1746.1600000000008,0.20759050639833762
10306,31,100.0,13,6570.76,10/14/2004 0:00,Shipped,4,10,2004,Classic Cars,207,S12_1108,"AV Stores, Co.",Manchester,,UK,Medium,EMEA,2004-10-14,2004-10,144.89999999999998,2078.8600000000006,0.3163804491413475
10314,38,100.0,5,7975.44,10/22/2004 0:00,Shipped,4,10,2004,Classic Cars,207,S12_1108,Heintze Collectables,Aaarhus,,Denmark,Large,EMEA,2004-10-22,2004-10,144.89999999999998,2469.2400000000007,0.309605488850772
10325,42,64.0,8,2688.0,11/5/2004 0:00,Shipped,4,11,2004,Classic Cars,207,S12_1108,Baane Mini Imports,Stavern,,Norway,Small,EMEA,2004-11-05,2004-11,144.89999999999998,-3397.7999999999993,-1.2640624999999996
10336,33,57.22,10,1888.26,11/20/2004 0:00,Shipped,4,11,2004,Classic Cars,207,S12_1108,"La Corne D'abondance, Co.",Paris,,France,Small,EMEA,2004-11-20,2004-11,144.89999999999998,-2893.4399999999987,-1.5323313526738895
10348,48,52.36,8,2513.28,11/1/2004 0:00,Shipped,4,11,2004,Classic Cars,207,S12_1108,"Corrida Auto Replicas, Ltd",Madrid,,Spain,Small,EMEA,2004-11-01,2004-11,144.89999999999998,-4441.919999999998,-1.767379679144384
10359,42,100.0,8,4764.48,12/15/2004 0:00,Shipped,4,12,2004,Classic Cars,207,S12_1108,Reims Collectables,Reims,,France,Medium,EMEA,2004-12-15,2004-12,144.89999999999998,-1321.3199999999997,-0.27732722143864597
10371,32,100.0,6,3560.64,1/23/2005 0:00,Shipped,1,1,2005,Classic Cars,207,S12_1108,Mini Gifts Distributors Ltd.,San Rafael,CA,USA,Medium,North America,2005-01-23,2005-01,144.89999999999998,-1076.1599999999994,-0.30223779994607697
10382,34,100.0,10,3823.64,2/17/2005 0:00,Shipped,1,2,2005,Classic Cars,207,S12_1108,Mini Gifts Distributors Ltd.,San Rafael,CA,USA,Medium,North America,2005-02-17,2005-02,144.89999999999998,-1102.9599999999996,-0.28845811844211267
10395,33,69.12,1,2280.96,3/17/2005 0:00,Shipped,1,3,2005,Classic Cars,207,S12_1108,Lyon Souveniers,Paris,,France,Small,EMEA,2005-03-17,2005-03,144.89999999999998,-2500.739999999999,-1.096354166666666
10413,36,100.0,2,8677.8,5/5/2005 0:00,Shipped,2,5,2005,Classic Cars,207,S12_1108,Gift Depot Inc.,Bridgewater,CT,USA,Large,North America,2005-05-05,2005-05,144.89999999999998,3461.3999999999996,0.3988799004355943
10103,27,100.0,8,3394.98,1/29/2003 0:00,Shipped,1,1,2003,Trucks and Buses,136,S12_1666,Baane Mini Imports,Stavern,,Norway,Medium,EMEA,2003-01-29,2003-01,95.19999999999999,824.5800000000004,0.24288213774455236
10113,21,100.0,2,3415.44,3/26/2003 0:00,Shipped,1,3,2003,Trucks and Buses,136,S12_1666,Mini Gifts Distributors Ltd.,San Rafael,CA,USA,Medium,North America,2003-03-26,2003-03,95.19999999999999,1416.2400000000002,0.41465814067879986
10126,21,100.0,8,2439.57,5/28/2003 0:00,Shipped,2,5,2003,Trucks and Buses,136,S12_1666,"Corrida Auto Replicas, Ltd",Madrid,,Spain,Small,EMEA,2003-05-28,2003-05,95.19999999999999,440.37000000000035,0.18051131961780162
10140,38,100.0,8,4829.8,7/24/2003 0:00,Shipped,3,7,2003,Trucks and Buses,136,S12_1666,Technics Stores Inc.,Burlingame,CA,USA,Medium,North America,2003-07-24,2003-07,95.19999999999999,1212.2000000000007,0.2509834775767114
10150,30,100.0,5,4100.1,9/19/2003 0:00,Shipped,3,9,2003,Trucks and Buses,136,S12_1666,"Dragon Souveniers, Ltd.",Singapore,,Singapore,Medium,Japan,2003-09-19,2003-09,95.19999999999999,1244.1000000000008,0.3034316236189363
10164,49,100.0,6,6563.06,10/21/2003 0:00,Resolved,4,10,2003,Trucks and Buses,136,S12_1666,Mini Auto Werke,Graz,,Austria,Medium,EMEA,2003-10-21,2003-10,95.19999999999999,1898.2600000000011,0.2892339853665822
10174,43,100.0,1,6817.22,11/6/2003 0:00,Shipped,4,11,2003,Trucks and Buses,136,S12_1666,"Australian Gift Network, Co",South Brisbane,Queensland,Australia,Medium,APAC,2003-11-06,2003-11,95.19999999999999,2723.620000000001,0.39952062570960023
10183,41,100.0,5,6163.94,11/13/2003 0:00,Shipped,4,11,2003,Trucks and Buses,136,S12_1666,"Classic Gift Ideas, Inc",Philadelphia,PA,USA,Medium,North America,2003-11-13,2003-11,95.19999999999999,2260.7400000000002,0.36676865770919254
10194,38,100.0,8,4933.92,11/25/2003 0:00,Shipped,4,11,2003,Trucks and Buses,136,S12_1666,"Saveley & Henriot, Co.",Lyon,,France,Medium,EMEA,2003-11-25,2003-11,95.19999999999999,1316.3200000000006,0.26678989525569946
10206,28,100.0,3,4056.36,12/5/2003 0:00,Shipped,4,12,2003,Trucks and Buses,136,S12_1666,Canadian Gift Exchange Network,Vancouver,BC,Canada,Medium,North America,2003-12-05,2003-12,95.19999999999999,1390.7600000000007,0.34285911506868244
10216,43,100.0,1,5759.42,2/2/2004 0:00,Shipped,1,2,2004,Trucks and Buses,136,S12_1666,Auto Assoc. & Cie.,Versailles,,France,Medium,EMEA,2004-02-02,2004-02,95.19999999999999,1665.8200000000006,0.2892339853665822
10229,25,100.0,13,3451.0,3/11/2004 0:00,Shipped,1,3,2004,Trucks and Buses,136,S12_1666,Mini Gifts Distributors Ltd.,San Rafael,CA,USA,Medium,North America,2004-03-11,2004-03,95.19999999999999,1071.0000000000005,0.310344827586207
10245,38,100.0,6,5920.4,5/4/2004 0:00,Shipped,2,5,2004,Trucks and Buses,136,S12_1666,Super Scale Inc.,New Haven,CT,USA,Medium,North America,2004-05-04,2004-05,95.19999999999999,2302.8,0.38896020539152765
10258,41,100.0,3,6668.24,6/15/2004 0:00,Shipped,2,6,2004,Trucks and Buses,136,S12_1666,"Tokyo Collectables, Ltd",Minato-ku,Tokyo,Japan,Medium,Japan,2004-06-15,2004-06,95.19999999999999,2765.0400000000004,0.41465814067879986
10270,28,100.0,6,4094.72,7/19/2004 0:00,Shipped,3,7,2004,Trucks and Buses,136,S12_1666,Souveniers And Things Co.,Chatswood,NSW,Australia,Medium,APAC,2004-07-19,2004-07,95.19999999999999,1429.1200000000003,0.3490153172866522
10281,25,100.0,13,2938.5,8/19/2004 0:00,Shipped,3,8,2004,Trucks and Buses,136,S12_1666,Diecast Classics Inc.,Allentown,PA,USA,Small,North America,2004-08-19,2004-08,95.19999999999999,558.5000000000005,0.1900629572911351
10291,41,100.0,8,6387.8,9/8/2004 0:00,Shipped,3,9,2004,Trucks and Buses,136,S12_1666,Scandinavian Gift Ideas,Boras,,Sweden,Medium,EMEA,2004-09-08,2004-09,95.19999999999999,2484.600000000001,0.3889602053915277
10304,39,100.0,3,6396.0,10/11/2004 0:00,Shipped,4,10,2004,Trucks and Buses,136,S12_1666,Auto Assoc. & Cie.,Versailles,,France,Medium,EMEA,2004-10-11,2004-10,95.19999999999999,2683.2000000000003,0.41951219512195126
10313,21,100.0,11,2669.1,10/22/2004 0:00,Shipped,4,10,2004,Trucks and Buses,136,S12_1666,Canadian Gift Exchange Network,Vancouver,BC,Canada,Small,North America,2004-10-22,2004-10,95.19999999999999,669.9000000000001,0.2509834775767113
10322,27,100.0,9,4784.13,11/4/2004 0:00,Shipped,4,11,2004,Trucks and Buses,136,S12_1666,Online Diecast Creations Co.,Nashua,NH,USA,Medium,North America,2004-11-04,2004-11,95.19999999999999,2213.7300000000005,0.4627236300016932
10333,33,99.21,6,3273.93,11/18/2004 0:00,Shipped,4,11,2004,Trucks and Buses,136,S12_1666,Mini Wheels Co.,San Francisco,CA,USA,Medium,North America,2004-11-18,2004-11,95.19999999999999,132.33000000000038,0.040419312569297566
10347,29,100.0,3,3586.43,11/29/2004 0:00,Shipped,4,11,2004,Trucks and Buses,136,S12_1666,"Australian Collectors, Co.",Melbourne,Victoria,Australia,Medium,APAC,2004-11-29,2004-11,95.19999999999999,825.6300000000001,0.23020942831729607
10357,49,100.0,8,5960.36,12/10/2004 0:00,Shipped,4,12,2004,Trucks and Buses,136,S12_1666,Mini Gifts Distributors Ltd.,San Rafael,CA,USA,Medium,North America,2004-12-10,2004-12,95.19999999999999,1295.5600000000004,0.21736270963498858
10370,49,100.0,8,8470.14,1/20/2005 0:00,Shipped,1,1,2005,Trucks and Buses,136,S12_1666,"Anna's Decorations, Ltd",North Sydney,NSW,Australia,Large,APAC,2005-01-20,2005-01,95.19999999999999,3805.34,0.4492653013999769
10381,20,100.0,1,2952.0,2/17/2005 0:00,Shipped,1,2,2005,Trucks and Buses,136,S12_1666,Corporate Gift Ideas Co.,San Francisco,CA,USA,Small,North America,2005-02-17,2005-02,95.19999999999999,1048.0000000000002,0.35501355013550145
10391,39,63.2,9,2464.8,3/9/2005 0:00,Shipped,1,3,2005,Trucks and Buses,136,S12_1666,"Anna's Decorations, Ltd",North Sydney,NSW,Australia,Small,APAC,2005-03-09,2005-03,95.19999999999999,-1247.9999999999995,-0.5063291139240504
10411,40,100.0,6,6232.0,5/1/2005 0:00,Shipped,2,5,2005,Trucks and Buses,136,S12_1666,Quebec Home Shopping Network,Montreal,Quebec,Canada,Medium,North America,2005-05-01,2005-05,95.19999999999999,2424.0000000000005,0.38896020539152765
10424,49,100.0,3,7969.36,5/31/2005 0:00,In Process,2,5,2005,Trucks and Buses,136,S12_1666,Euro Shopping Channel,Madrid,,Spain,Large,EMEA,2005-05-31,2005-05,95.19999999999999,3304.5600000000004,0.41465814067879986
10107,21,100.0,1,3036.6,2/24/2003 0:00,Shipped,1,2,2003,Motorcycles,150,S12_2823,Land of Toys Inc.,NYC,NY,USA,Medium,North America,2003-02-24,2003-02,105.0,831.5999999999999,0.2738589211618257
10121,50,100.0,4,8284.0,5/7/2003 0:00,Shipped,2,5,2003,Motorcycles,150,S12_2823,Reims Collectables,Reims,,France,Large,EMEA,2003-05-07,2003-05,105.0,3034.0,0.3662481892805408
10134,20,100.0,1,2711.2,7/1/2003 0:00,Shipped,3,7,2003,Motorcycles,150,S12_2823,Lyon Souveniers,Paris,,France,Small,EMEA,2003-07-01,2003-07,105.0,611.1999999999998,0.22543523163174972
10145,49,100.0,5,8339.8,8/25/2003 0:00,Shipped,3,8,2003,Motorcycles,150,S12_2823,Toys4GrownUps.com,Pasadena,CA,USA,Large,North America,2003-08-25,2003-08,105.0,3194.7999999999993,0.3830787309048178
10159,38,100.0,13,6238.84,10/10/2003 0:00,Shipped,4,10,2003,Motorcycles,150,S12_2823,Corporate Gift Ideas Co.,San Francisco,CA,USA,Medium,North America,2003-10-10,2003-10,105.0,2248.84,0.36045803386526987
10169,35,100.0,13,4639.25,11/4/2003 0:00,Shipped,4,11,2003,Motorcycles,150,S12_2823,"Anna's Decorations, Ltd",North Sydney,NSW,Australia,Medium,APAC,2003-11-04,2003-11,105.0,964.25,0.20784609581290078
10180,40,100.0,8,6747.6,11/11/2003 0:00,Shipped,4,11,2003,Motorcycles,150,S12_2823,Daedalus Designs Imports,Lille,,France,Medium,EMEA,2003-11-11,2003-11,105.0,2547.6000000000004,0.3775564645207185
10189,28,100.0,1,4512.48,11/18/2003 0:00,Shipped,4,11,2003,Motorcycles,150,S12_2823,Toys4GrownUps.com,Pasadena,CA,USA,Medium,North America,2003-11-18,2003-11,105.0,1572.4799999999996,0.34847356664184653
10201,25,100.0,1,4029.0,12/1/2003 0:00,Shipped,4,12,2003,Motorcycles,150,S12_2823,Mini Wheels Co.,San Francisco,CA,USA,Medium,North America,2003-12-01,2003-12,105.0,1404.0,0.3484735666418466
10211,36,100.0,13,4771.8,1/15/2004 0:00,Shipped,1,1,2004,Motorcycles,150,S12_2823,Auto Canal Petit,Paris,,France,Medium,EMEA,2004-01-15,2004-01,105.0,991.8000000000002,0.2078460958129008
10224,43,100.0,6,6087.94,2/21/2004 0:00,Shipped,1,2,2004,Motorcycles,150,S12_2823,Daedalus Designs Imports,Lille,,France,Medium,EMEA,2004-02-21,2004-02,105.0,1572.9399999999996,0.25836982624664495
10237,32,100.0,6,4193.28,4/5/2004 0:00,Shipped,2,4,2004,Motorcycles,150,S12_2823,Vitachrome Inc.,NYC,NY,USA,Medium,North America,2004-04-05,2004-04,105.0,833.2799999999997,0.19871794871794868
10251,46,100.0,1,7552.28,5/18/2004 0:00,Shipped,2,5,2004,Motorcycles,150,S12_2823,Tekni Collectables Inc.,Newark,NJ,USA,Large,North America,2004-05-18,2004-05,105.0,2722.2799999999997,0.3604580338652698
10263,48,100.0,1,6434.4,6/28/2004 0:00,Shipped,2,6,2004,Motorcycles,150,S12_2823,Gift Depot Inc.,Bridgewater,CT,USA,Medium,North America,2004-06-28,2004-06,105.0,1394.3999999999996,0.21671018276762397
10276,43,100.0,14,5181.5,8/2/2004 0:00,Shipped,3,8,2004,Motorcycles,150,S12_2823,Online Mini Collectables,Brickhaven,MA,USA,Medium,North America,2004-08-02,2004-08,105.0,666.5,0.12863070539419086
10285,49,100.0,5,6863.92,8/27/2004 0:00,Shipped,3,8,2004,Motorcycles,150,S12_2823,Marta's Replicas Co.,Cambridge,MA,USA,Medium,North America,2004-08-27,2004-08,105.0,1718.92,0.25042832667047404
10299,24,100.0,8,4157.04,9/30/2004 0:00,Shipped,3,9,2004,Motorcycles,150,S12_2823,"Toys of Finland, Co.",Helsinki,,Finland,Medium,EMEA,2004-09-30,2004-09,105.0,1637.04,0.3937994342128053
10309,26,100.0,4,4660.24,10/15/2004 0:00,Shipped,4,10,2004,Motorcycles,150,S12_2823,Baane Mini Imports,Stavern,,Norway,Medium,EMEA,2004-10-15,2004-10,105.0,1930.2399999999998,0.414193260432939
10319,30,100.0,9,4111.8,11/3/2004 0:00,Shipped,4,11,2004,Motorcycles,150,S12_2823,Microscale Inc.,NYC,NY,USA,Medium,North America,2004-11-03,2004-11,105.0,961.8000000000002,0.2339121552604699
10329,24,100.0,6,3542.64,11/15/2004 0:00,Shipped,4,11,2004,Motorcycles,150,S12_2823,Land of Toys Inc.,NYC,NY,USA,Medium,North America,2004-11-15,2004-11,105.0,1022.6399999999999,0.2886660795339069
10341,55,100.0,8,8118.55,11/24/2004 0:00,Shipped,4,11,2004,Motorcycles,150,S12_2823,Salzburg Collectables,Salzburg,,Austria,Large,EMEA,2004-11-24,2004-11,105.0,2343.55,0.28866607953390694
10362,22,100.0,1,3877.06,1/5/2005 0:00,Shipped,1,1,2005,Motorcycles,150,S12_2823,Technics Stores Inc.,Burlingame,CA,USA,Medium,North America,2005-01-05,2005-01,105.0,1567.06,0.4041877092436021
10375,49,78.92,13,3867.08,2/3/2005 0:00,Shipped,1,2,2005,Motorcycles,150,S12_2823,La Rochelle Gifts,Nantes,,France,Medium,EMEA,2005-02-03,2005-02,105.0,-1277.92,-0.3304612265585403
10388,44,100.0,6,5951.44,3/3/2005 0:00,Shipped,1,3,2005,Motorcycles,150,S12_2823,FunGiftIdeas.com,New Bedford,MA,USA,Medium,North America,2005-03-03,2005-03,105.0,1331.4399999999996,0.22371728522844886
10403,66,100.0,6,8648.64,4/8/2005 0:00,Shipped,2,4,2005,Motorcycles,150,S12_2823,"UK Collectables, Ltd.",Liverpool,,UK,Large,EMEA,2005-04-08,2005-04,105.0,1718.6399999999994,0.19871794871794865
10417,21,100.0,1,3447.78,5/13/2005 0:00,Disputed,2,5,2005,Motorcycles,150,S12_2823,Euro Shopping Channel,Madrid,,Spain,Medium,EMEA,2005-05-13,2005-05,105.0,1242.7800000000002,0.36045803386526987
10104,34,100.0,1,5958.5,1/31/2003 0:00,Shipped,1,1,2003,Classic Cars,151,S12_3148,Euro Shopping Channel,Madrid,,Spain,Medium,EMEA,2003-01-31,2003-01,105.69999999999999,2364.7000000000003,0.39686162624821686
10117,43,100.0,10,5911.64,4/16/2003 0:00,Shipped,2,4,2003,Classic Cars,151,S12_3148,"Dragon Souveniers, Ltd.",Singapore,,Singapore,Medium,Japan,2003-04-16,2003-04,105.69999999999999,1366.5400000000009,0.23116089613034638
10127,46,100.0,3,7366.44,6/3/2003 0:00,Shipped,2,6,2003,Classic Cars,151,S12_3148,Muscle Machine Inc,NYC,NY,USA,Large,North America,2003-06-03,2003-06,105.69999999999999,2504.24,0.3399525415261646
10142,33,100.0,13,4985.64,8/8/2003 0:00,Shipped,3,8,2003,Classic Cars,151,S12_3148,Mini Gifts Distributors Ltd.,San Rafael,CA,USA,Medium,North America,2003-08-08,2003-08,105.69999999999999,1497.5400000000009,0.3003706645485837
10153,42,100.0,12,5393.64,9/28/2003 0:00,Shipped,3,9,2003,Classic Cars,151,S12_3148,Euro Shopping Channel,Madrid,,Spain,Medium,EMEA,2003-09-28,2003-09,105.69999999999999,954.2400000000007,0.17691948294658164
10165,34,100.0,4,4880.02,10/22/2003 0:00,Shipped,4,10,2003,Classic Cars,151,S12_3148,"Dragon Souveniers, Ltd.",Singapore,,Singapore,Medium,Japan,2003-10-22,2003-10,105.69999999999999,1286.2200000000007,0.2635685919320004
10176,47,100.0,3,8378.69,11/6/2003 0:00,Shipped,4,11,2003,Classic Cars,151,S12_3148,L'ordine Souveniers,Reggio Emilia,,Italy,Large,EMEA,2003-11-06,2003-11,105.69999999999999,3410.790000000001,0.4070791496045325
10185,33,100.0,14,4038.21,11/14/2003 0:00,Shipped,4,11,2003,Classic Cars,151,S12_3148,Mini Creations Ltd.,New Bedford,MA,USA,Medium,North America,2003-11-14,2003-11,105.69999999999999,550.1100000000006,0.136226199231838
10196,24,100.0,6,3807.12,11/26/2003 0:00,Shipped,4,11,2003,Classic Cars,151,S12_3148,Super Scale Inc.,New Haven,CT,USA,Medium,North America,2003-11-26,2003-11,105.69999999999999,1270.3200000000002,0.33366954548319994
10208,26,100.0,14,3142.36,1/2/2004 0:00,Shipped,1,1,2004,Classic Cars,151,S12_3148,"Saveley & Henriot, Co.",Lyon,,France,Medium,EMEA,2004-01-02,2004-01,105.69999999999999,394.1600000000003,0.12543438689392694
10220,30,100.0,3,4713.6,2/12/2004 0:00,Shipped,1,2,2004,Classic Cars,151,S12_3148,"Clover Collections, Co.",Dublin,,Ireland,Medium,EMEA,2004-02-12,2004-02,105.69999999999999,1542.6000000000008,0.3272657841140531
10230,43,100.0,1,7016.31,3/15/2004 0:00,Shipped,1,3,2004,Classic Cars,151,S12_3148,"Blauer See Auto, Co.",Frankfurt,,Germany,Large,EMEA,2004-03-15,2004-03,105.69999999999999,2471.210000000001,0.35220935220935234
10247,25,100.0,3,4381.25,5/5/2004 0:00,Shipped,2,5,2004,Classic Cars,151,S12_3148,Suominen Souveniers,Espoo,,Finland,Medium,EMEA,2004-05-05,2004-05,105.69999999999999,1738.7500000000005,0.3968616262482169
10272,27,100.0,3,4283.01,7/20/2004 0:00,Shipped,3,7,2004,Classic Cars,151,S12_3148,Diecast Classics Inc.,Allentown,PA,USA,Medium,North America,2004-07-20,2004-07,105.69999999999999,1429.1100000000006,0.3336695454832
10282,27,100.0,6,4364.82,8/20/2004 0:00,Shipped,3,8,2004,Classic Cars,151,S12_3148,Mini Gifts Distributors Ltd.,San Rafael,CA,USA,Medium,North America,2004-08-20,2004-08,105.69999999999999,1510.92,0.34615860447853525
10293,24,100.0,9,4242.24,9/9/2004 0:00,Shipped,3,9,2004,Classic Cars,151,S12_3148,Amica Models & Co.,Torino,,Italy,Medium,EMEA,2004-09-09,2004-09,105.69999999999999,1705.44,0.40201403032360267
10306,34,100.0,14,4982.7,10/14/2004 0:00,Shipped,4,10,2004,Classic Cars,151,S12_3148,"AV Stores, Co.",Manchester,,UK,Medium,EMEA,2004-10-14,2004-10,105.69999999999999,1388.9,0.2787444558171273
10314,46,100.0,6,6393.54,10/22/2004 0:00,Shipped,4,10,2004,Classic Cars,151,S12_3148,Heintze Collectables,Aaarhus,,Denmark,Medium,EMEA,2004-10-22,2004-10,105.69999999999999,1531.3400000000001,0.23951363407439386
10324,27,54.33,1,1466.91,11/5/2004 0:00,Shipped,4,11,2004,Classic Cars,151,S12_3148,Vitachrome Inc.,NYC,NY,USA,Small,North America,2004-11-05,2004-11,105.69999999999999,-1386.9899999999996,-0.9455181299466221
10336,33,100.0,11,4059.33,11/20/2004 0:00,Shipped,4,11,2004,Classic Cars,151,S12_3148,"La Corne D'abondance, Co.",Paris,,France,Medium,EMEA,2004-11-20,2004-11,105.69999999999999,571.2300000000005,0.14072026664498832
10348,47,100.0,4,4801.52,11/1/2004 0:00,Shipped,4,11,2004,Classic Cars,151,S12_3148,"Corrida Auto Replicas, Ltd",Madrid,,Spain,Medium,EMEA,2004-11-01,2004-11,105.69999999999999,-166.3799999999992,-0.034651527016444625
10358,49,55.34,5,2711.66,12/10/2004 0:00,Shipped,4,12,2004,Classic Cars,151,S12_3148,Euro Shopping Channel,Madrid,,Spain,Small,EMEA,2004-12-10,2004-12,105.69999999999999,-2467.6399999999994,-0.9100108420672206
10372,40,100.0,4,5862.0,1/26/2005 0:00,Shipped,1,1,2005,Classic Cars,151,S12_3148,"Tokyo Collectables, Ltd",Minato-ku,Tokyo,Japan,Medium,Japan,2005-01-26,2005-01,105.69999999999999,1634.0,0.27874445581712726
10382,37,100.0,11,4071.85,2/17/2005 0:00,Shipped,1,2,2005,Classic Cars,151,S12_3148,Mini Gifts Distributors Ltd.,San Rafael,CA,USA,Medium,North America,2005-02-17,2005-02,105.69999999999999,160.95000000000027,0.039527487505679304
10413,47,100.0,3,8236.75,5/5/2005 0:00,Shipped,2,5,2005,Classic Cars,151,S12_3148,Gift Depot Inc.,Bridgewater,CT,USA,Large,North America,2005-05-05,2005-05,105.69999999999999,3268.8500000000004,0.39686162624821686
10108,45,100.0,4,6130.35,3/3/2003 0:00,Shipped,1,3,2003,Classic Cars,117,S12_3380,Cruz & Sons Co.,Makati City,,Philippines,Medium,Japan,2003-03-03,2003-03,81.89999999999999,2444.850000000001,0.39881083461792566
10122,37,99.82,8,3693.34,5/8/2003 0:00,Shipped,2,5,2003,Classic Cars,117,S12_3380,Marseille Mini Autos,Marseille,,France,Medium,EMEA,2003-05-08,2003-05,81.89999999999999,663.0400000000004,0.17952314165497907
10135,48,100.0,5,6031.68,7/2/2003 0:00,Shipped,3,7,2003,Classic Cars,117,S12_3380,Mini Gifts Distributors Ltd.,San Rafael,CA,USA,Medium,North America,2003-07-02,2003-07,81.89999999999999,2100.4800000000005,0.348241286009868
10147,31,100.0,5,3494.94,9/5/2003 0:00,Shipped,3,9,2003,Classic Cars,117,S12_3380,Collectables For Less Inc.,Brickhaven,MA,USA,Medium,North America,2003-09-05,2003-09,81.89999999999999,956.0400000000004,0.2735497605109102
10160,46,100.0,6,5294.14,10/11/2003 0:00,Shipped,4,10,2003,Classic Cars,117,S12_3380,"Men 'R' US Retailers, Ltd.",Los Angeles,CA,USA,Medium,North America,2003-10-11,2003-10,81.89999999999999,1526.7400000000007,0.28838300460509175
10170,47,100.0,4,5464.69,11/4/2003 0:00,Shipped,4,11,2003,Classic Cars,117,S12_3380,Mini Auto Werke,Graz,,Austria,Medium,EMEA,2003-11-04,2003-11,81.89999999999999,1615.3899999999999,0.2956050571944612
10181,28,100.0,12,2860.76,11/12/2003 0:00,Shipped,4,11,2003,Classic Cars,117,S12_3380,Herkku Gifts,Bergen,,Norway,Small,EMEA,2003-11-12,2003-11,81.89999999999999,567.5600000000004,0.19839483214250772
10191,40,100.0,1,5590.0,11/20/2003 0:00,Shipped,4,11,2003,Classic Cars,117,S12_3380,"Toms Spezialitten, Ltd",Koln,,Germany,Medium,EMEA,2003-11-20,2003-11,81.89999999999999,2314.0000000000005,0.4139534883720931
10203,20,100.0,6,2254.8,12/2/2003 0:00,Shipped,4,12,2003,Classic Cars,117,S12_3380,Euro Shopping Channel,Madrid,,Spain,Small,EMEA,2003-12-02,2003-12,81.89999999999999,616.8000000000004,0.27354976051091023
10212,39,100.0,16,4946.76,1/16/2004 0:00,Shipped,1,1,2004,Classic Cars,117,S12_3380,Euro Shopping Channel,Madrid,,Spain,Medium,EMEA,2004-01-16,2004-01,81.89999999999999,1752.6600000000008,0.35430463576158955
10225,25,99.82,7,2495.5,2/22/2004 0:00,Shipped,1,2,2004,Classic Cars,117,S12_3380,"Vida Sport, Ltd",Gensve,,Switzerland,Small,EMEA,2004-02-22,2004-02,81.89999999999999,448.0000000000002,0.17952314165497904
10238,29,100.0,1,3167.38,4/9/2004 0:00,Shipped,2,4,2004,Classic Cars,117,S12_3380,Danish Wholesale Imports,Kobenhavn,,Denmark,Medium,EMEA,2004-04-09,2004-04,81.89999999999999,792.2800000000002,0.2501373374839774
10253,22,100.0,11,2402.84,6/1/2004 0:00,Cancelled,2,6,2004,Classic Cars,117,S12_3380,"UK Collectables, Ltd.",Liverpool,,UK,Small,EMEA,2004-06-01,2004-06,81.89999999999999,601.0400000000004,0.25013733748397743
10266,22,100.0,12,2454.54,7/6/2004 0:00,Shipped,3,7,2004,Classic Cars,117,S12_3380,L'ordine Souveniers,Reggio Emilia,,Italy,Small,EMEA,2004-07-06,2004-07,81.89999999999999,652.7400000000002,0.26593170207044914
10276,47,100.0,1,5464.69,8/2/2004 0:00,Shipped,3,8,2004,Classic Cars,117,S12_3380,Online Mini Collectables,Brickhaven,MA,USA,Medium,North America,2004-08-02,2004-08,81.89999999999999,1615.3899999999999,0.2956050571944612
10287,45,100.0,10,4756.5,8/30/2004 0:00,Shipped,3,8,2004,Classic Cars,117,S12_3380,"Vida Sport, Ltd",Gensve,,Switzerland,Medium,EMEA,2004-08-30,2004-08,81.89999999999999,1071.0000000000005,0.22516556291390738
10300,29,100.0,3,3984.6,10/4/2003 0:00,Shipped,4,10,2003,Classic Cars,117,S12_3380,"Blauer See Auto, Co.",Frankfurt,,Germany,Medium,EMEA,2003-10-04,2003-10,81.89999999999999,1609.5,0.4039301310043668
10310,24,100.0,8,3100.32,10/16/2004 0:00,Shipped,4,10,2004,Classic Cars,117,S12_3380,"Toms Spezialitten, Ltd",Koln,,Germany,Medium,EMEA,2004-10-16,2004-10,81.89999999999999,1134.7200000000003,0.36600092893636793
10320,35,100.0,1,4850.3,11/3/2004 0:00,Shipped,4,11,2004,Classic Cars,117,S12_3380,"Volvo Model Replicas, Co",Lule,,Sweden,Medium,EMEA,2004-11-03,2004-11,81.89999999999999,1983.8000000000006,0.40900562851782374
10329,46,83.63,13,3846.98,11/15/2004 0:00,Shipped,4,11,2004,Classic Cars,117,S12_3380,Land of Toys Inc.,NYC,NY,USA,Medium,North America,2004-11-15,2004-11,81.89999999999999,79.58000000000038,0.020686356570608733
10341,44,95.93,1,4220.92,11/24/2004 0:00,Shipped,4,11,2004,Classic Cars,117,S12_3380,Salzburg Collectables,Salzburg,,Austria,Medium,EMEA,2004-11-24,2004-11,81.89999999999999,617.3200000000006,0.14625247576357775
10363,34,96.73,4,3288.82,1/6/2005 0:00,Shipped,1,1,2005,Classic Cars,117,S12_3380,Suominen Souveniers,Espoo,,Finland,Medium,EMEA,2005-01-06,2005-01,81.89999999999999,504.22000000000025,0.15331334642820227
10376,35,100.0,1,3987.2,2/8/2005 0:00,Shipped,1,2,2005,Classic Cars,117,S12_3380,Boards & Toys Co.,Glendale,CA,USA,Medium,North America,2005-02-08,2005-02,81.89999999999999,1120.7000000000003,0.28107443820224726
10389,25,72.38,6,1809.5,3/3/2005 0:00,Shipped,1,3,2005,Classic Cars,117,S12_3380,Scandinavian Gift Ideas,Boras,,Sweden,Small,EMEA,2005-03-03,2005-03,81.89999999999999,-237.99999999999977,-0.13152804642166332
10419,10,100.0,11,1092.2,5/17/2005 0:00,Shipped,2,5,2005,Classic Cars,117,S12_3380,Salzburg Collectables,Salzburg,,Austria,Small,EMEA,2005-05-17,2005-05,81.89999999999999,273.20000000000016,0.25013733748397743
10105,29,100.0,14,4566.05,2/11/2003 0:00,Shipped,1,2,2003,Classic Cars,173,S12_3891,Danish Wholesale Imports,Kobenhavn,,Denmark,Medium,EMEA,2003-02-11,2003-02,121.1,1054.1500000000005,0.23086694188631324
10117,39,100.0,8,5938.14,4/16/2003 0:00,Shipped,2,4,2003,Classic Cars,173,S12_3891,"Dragon Souveniers, Ltd.",Singapore,,Singapore,Medium,Japan,2003-04-16,2003-04,121.1,1215.2400000000007,0.204649940890582
10127,42,100.0,1,8138.76,6/3/2003 0:00,Shipped,2,6,2003,Classic Cars,173,S12_3891,Muscle Machine Inc,NYC,NY,USA,Large,North America,2003-06-03,2003-06,121.1,3052.5600000000004,0.3750645061409847
10142,46,100.0,11,9470.94,8/8/2003 0:00,Shipped,3,8,2003,Classic Cars,173,S12_3891,Mini Gifts Distributors Ltd.,San Rafael,CA,USA,Large,North America,2003-08-08,2003-08,121.1,3900.340000000001,0.41182184661712573
10153,49,100.0,10,7036.89,9/28/2003 0:00,Shipped,3,9,2003,Classic Cars,173,S12_3891,Euro Shopping Channel,Madrid,,Spain,Large,EMEA,2003-09-28,2003-09,121.1,1102.9900000000007,0.1567439593343083
10165,27,100.0,2,5559.03,10/22/2003 0:00,Shipped,4,10,2003,Classic Cars,173,S12_3891,"Dragon Souveniers, Ltd.",Singapore,,Singapore,Medium,Japan,2003-10-22,2003-10,121.1,2289.33,0.4118218466171257
10176,50,100.0,1,7872.5,11/6/2003 0:00,Shipped,4,11,2003,Classic Cars,173,S12_3891,L'ordine Souveniers,Reggio Emilia,,Italy,Large,EMEA,2003-11-06,2003-11,121.1,1817.5,0.23086694188631313
10185,43,100.0,12,7886.2,11/14/2003 0:00,Shipped,4,11,2003,Classic Cars,173,S12_3891,Mini Creations Ltd.,New Bedford,MA,USA,Large,North America,2003-11-14,2003-11,121.1,2678.8999999999996,0.3396946564885496
10196,38,100.0,4,7232.16,11/26/2003 0:00,Shipped,4,11,2003,Classic Cars,173,S12_3891,Super Scale Inc.,New Haven,CT,USA,Large,North America,2003-11-26,2003-11,121.1,2630.3599999999997,0.3637032366540563
10208,20,100.0,12,3114.4,1/2/2004 0:00,Shipped,1,1,2004,Classic Cars,173,S12_3891,"Saveley & Henriot, Co.",Lyon,,France,Medium,EMEA,2004-01-02,2004-01,121.1,692.4000000000001,0.22232211661957363
10220,27,100.0,1,5045.22,2/12/2004 0:00,Shipped,1,2,2004,Classic Cars,173,S12_3891,"Clover Collections, Co.",Dublin,,Ireland,Medium,EMEA,2004-02-12,2004-02,121.1,1775.5200000000004,0.35192122444610946
10231,49,100.0,1,6952.12,3/19/2004 0:00,Shipped,1,3,2004,Classic Cars,173,S12_3891,CAF Imports,Madrid,,Spain,Medium,EMEA,2004-03-19,2004-03,121.1,1018.2200000000003,0.14646179870312945
10247,27,100.0,1,4157.73,5/5/2004 0:00,Shipped,2,5,2004,Classic Cars,173,S12_3891,Suominen Souveniers,Espoo,,Finland,Medium,EMEA,2004-05-05,2004-05,121.1,888.0299999999997,0.2135852977466069
10272,39,100.0,1,7962.24,7/20/2004 0:00,Shipped,3,7,2004,Classic Cars,173,S12_3891,Diecast Classics Inc.,Allentown,PA,USA,Large,North America,2004-07-20,2004-07,121.1,3239.34,0.4068377742946709
10282,24,100.0,4,3778.8,8/20/2004 0:00,Shipped,3,8,2004,Classic Cars,173,S12_3891,Mini Gifts Distributors Ltd.,San Rafael,CA,USA,Medium,North America,2004-08-20,2004-08,121.1,872.4000000000005,0.23086694188631324
10293,45,100.0,7,8253.0,9/9/2004 0:00,Shipped,3,9,2004,Classic Cars,173,S12_3891,Amica Models & Co.,Torino,,Italy,Large,EMEA,2004-09-09,2004-09,121.1,2803.5,0.33969465648854963
10306,20,100.0,12,3633.4,10/14/2004 0:00,Shipped,4,10,2004,Classic Cars,173,S12_3891,"AV Stores, Co.",Manchester,,UK,Medium,EMEA,2004-10-14,2004-10,121.1,1211.4,0.3334067264820829
10314,36,100.0,4,6913.8,10/22/2004 0:00,Shipped,4,10,2004,Classic Cars,173,S12_3891,Heintze Collectables,Aaarhus,,Denmark,Medium,EMEA,2004-10-22,2004-10,121.1,2554.2000000000007,0.36943504295756324
10325,24,100.0,1,2583.6,11/5/2004 0:00,Shipped,4,11,2004,Classic Cars,173,S12_3891,Baane Mini Imports,Stavern,,Norway,Small,EMEA,2004-11-05,2004-11,121.1,-322.7999999999997,-0.12494194147700872
10336,49,63.38,1,3105.62,11/20/2004 0:00,Shipped,4,11,2004,Classic Cars,173,S12_3891,"La Corne D'abondance, Co.",Paris,,France,Medium,EMEA,2004-11-20,2004-11,121.1,-2828.2799999999997,-0.9106973808772483
10349,26,100.0,10,4408.56,12/1/2004 0:00,Shipped,4,12,2004,Classic Cars,173,S12_3891,Muscle Machine Inc,NYC,NY,USA,Medium,North America,2004-12-01,2004-12,121.1,1259.9600000000005,0.28579853739089417
10359,49,62.09,5,3042.41,12/15/2004 0:00,Shipped,4,12,2004,Classic Cars,173,S12_3891,Reims Collectables,Reims,,France,Medium,EMEA,2004-12-15,2004-12,121.1,-2891.49,-0.9503945885005637
10372,34,100.0,1,5941.5,1/26/2005 0:00,Shipped,1,1,2005,Classic Cars,173,S12_3891,"Tokyo Collectables, Ltd",Minato-ku,Tokyo,Japan,Medium,Japan,2005-01-26,2005-01,121.1,1824.1000000000004,0.3070100143061517
10382,34,95.35,12,3241.9,2/17/2005 0:00,Shipped,1,2,2005,Classic Cars,173,S12_3891,Mini Gifts Distributors Ltd.,San Rafael,CA,USA,Medium,North America,2005-02-17,2005-02,121.1,-875.4999999999995,-0.2700576822233874
10396,33,100.0,3,6109.29,3/23/2005 0:00,Shipped,1,3,2005,Classic Cars,173,S12_3891,Mini Gifts Distributors Ltd.,San Rafael,CA,USA,Medium,North America,2005-03-23,2005-03,121.1,2112.9900000000002,0.34586506779020154
10413,22,100.0,1,3387.78,5/5/2005 0:00,Shipped,2,5,2005,Classic Cars,173,S12_3891,Gift Depot Inc.,Bridgewater,CT,USA,Medium,North America,2005-05-05,2005-05,121.1,723.5800000000004,0.21358529774660703
10108,39,89.38,7,3485.82,3/3/2003 0:00,Shipped,1,3,2003,Classic Cars,79,S12_3990,Cruz & Sons Co.,Makati City,,Philippines,Medium,Japan,2003-03-03,2003-03,55.3,1329.1200000000003,0.3812933542179459
10122,32,63.84,11,2042.88,5/8/2003 0:00,Shipped,2,5,2003,Classic Cars,79,S12_3990,Marseille Mini Autos,Marseille,,France,Small,EMEA,2003-05-08,2003-05,55.3,273.2800000000002,0.1337719298245615
10135,24,75.01,8,1800.24,7/2/2003 0:00,Shipped,3,7,2003,Classic Cars,79,S12_3990,Mini Gifts Distributors Ltd.,San Rafael,CA,USA,Small,North America,2003-07-02,2003-07,55.3,473.0400000000002,0.2627649646713773
10147,21,63.84,8,1340.64,9/5/2003 0:00,Shipped,3,9,2003,Classic Cars,79,S12_3990,Collectables For Less Inc.,Brickhaven,MA,USA,Small,North America,2003-09-05,2003-09,55.3,179.34000000000015,0.13377192982456151
10159,24,73.42,3,1762.08,10/10/2003 0:00,Shipped,4,10,2003,Classic Cars,79,S12_3990,Corporate Gift Ideas Co.,San Francisco,CA,USA,Small,North America,2003-10-10,2003-10,55.3,434.8800000000001,0.24679923726505046
10169,36,63.84,3,2298.24,11/4/2003 0:00,Shipped,4,11,2003,Classic Cars,79,S12_3990,"Anna's Decorations, Ltd",North Sydney,NSW,Australia,Small,APAC,2003-11-04,2003-11,55.3,307.4399999999998,0.13377192982456135
10181,20,81.4,15,1628.0,11/12/2003 0:00,Shipped,4,11,2003,Classic Cars,79,S12_3990,Herkku Gifts,Bergen,,Norway,Small,EMEA,2003-11-12,2003-11,55.3,522.0,0.32063882063882065
10191,30,64.64,4,1939.2,11/20/2003 0:00,Shipped,4,11,2003,Classic Cars,79,S12_3990,"Toms Spezialitten, Ltd",Koln,,Germany,Small,EMEA,2003-11-20,2003-11,55.3,280.20000000000005,0.14449257425742576
10203,44,82.99,9,3651.56,12/2/2003 0:00,Shipped,4,12,2003,Classic Cars,79,S12_3990,Euro Shopping Channel,Madrid,,Spain,Medium,EMEA,2003-12-02,2003-12,55.3,1218.3600000000001,0.333654657187613
10211,28,92.57,3,2591.96,1/15/2004 0:00,Shipped,1,1,2004,Classic Cars,79,S12_3990,Auto Canal Petit,Paris,,France,Small,EMEA,2004-01-15,2004-01,55.3,1043.5600000000002,0.4026142378740413
10225,37,77.41,10,2864.17,2/22/2004 0:00,Shipped,1,2,2004,Classic Cars,79,S12_3990,"Vida Sport, Ltd",Gensve,,Switzerland,Small,EMEA,2004-02-22,2004-02,55.3,818.0700000000002,0.2856220126598631
10238,20,74.21,4,1484.2,4/9/2004 0:00,Shipped,2,4,2004,Classic Cars,79,S12_3990,Danish Wholesale Imports,Kobenhavn,,Denmark,Small,EMEA,2004-04-09,2004-04,55.3,378.20000000000005,0.2548174100525536
10253,25,90.17,14,2254.25,6/1/2004 0:00,Cancelled,2,6,2004,Classic Cars,79,S12_3990,"UK Collectables, Ltd.",Liverpool,,UK,Small,EMEA,2004-06-01,2004-06,55.3,871.75,0.38671398469557505
10266,35,76.61,15,2681.35,7/6/2004 0:00,Shipped,3,7,2004,Classic Cars,79,S12_3990,L'ordine Souveniers,Reggio Emilia,,Italy,Small,EMEA,2004-07-06,2004-07,55.3,745.8499999999999,0.27816211982769873
10276,38,83.79,4,3184.02,8/2/2004 0:00,Shipped,3,8,2004,Classic Cars,79,S12_3990,Online Mini Collectables,Brickhaven,MA,USA,Medium,North America,2004-08-02,2004-08,55.3,1082.62,0.34001670843776105
10287,41,69.43,13,2846.63,8/30/2004 0:00,Shipped,3,8,2004,Classic Cars,79,S12_3990,"Vida Sport, Ltd",Gensve,,Switzerland,Small,EMEA,2004-08-30,2004-08,55.3,579.3300000000004,0.20351433098084415
10300,22,76.61,6,1685.42,10/4/2003 0:00,Shipped,4,10,2003,Classic Cars,79,S12_3990,"Blauer See Auto, Co.",Frankfurt,,Germany,Small,EMEA,2003-10-04,2003-10,55.3,468.82000000000016,0.27816211982769884
10310,49,81.4,11,3988.6,10/16/2004 0:00,Shipped,4,10,2004,Classic Cars,79,S12_3990,"Toms Spezialitten, Ltd",Koln,,Germany,Medium,EMEA,2004-10-16,2004-10,55.3,1278.9,0.32063882063882065
10320,38,73.42,4,2789.96,11/3/2004 0:00,Shipped,4,11,2004,Classic Cars,79,S12_3990,"Volvo Model Replicas, Co",Lule,,Sweden,Small,EMEA,2004-11-03,2004-11,55.3,688.56,0.24679923726505038
10329,33,100.0,14,3607.56,11/15/2004 0:00,Shipped,4,11,2004,Classic Cars,79,S12_3990,Land of Toys Inc.,NYC,NY,USA,Medium,North America,2004-11-15,2004-11,55.3,1782.66,0.4941456275155507
10341,36,93.56,10,3368.16,11/24/2004 0:00,Shipped,4,11,2004,Classic Cars,79,S12_3990,Salzburg Collectables,Salzburg,,Austria,Medium,EMEA,2004-11-24,2004-11,55.3,1377.36,0.4089354424967935
10363,34,81.62,5,2775.08,1/6/2005 0:00,Shipped,1,1,2005,Classic Cars,79,S12_3990,Suominen Souveniers,Espoo,,Finland,Small,EMEA,2005-01-06,2005-01,55.3,894.8800000000001,0.3224699828473414
10377,24,67.83,5,1627.92,2/9/2005 0:00,Shipped,1,2,2005,Classic Cars,79,S12_3990,"Toys of Finland, Co.",Helsinki,,Finland,Small,EMEA,2005-02-09,2005-02,55.3,300.72000000000025,0.18472652218782265
10389,36,70.26,7,2529.36,3/3/2005 0:00,Shipped,1,3,2005,Classic Cars,79,S12_3990,Scandinavian Gift Ideas,Boras,,Sweden,Small,EMEA,2005-03-03,2005-03,55.3,538.5600000000002,0.21292342727013955
10419,34,90.17,14,3065.78,5/17/2005 0:00,Shipped,2,5,2005,Classic Cars,79,S12_3990,Salzburg Collectables,Salzburg,,Austria,Medium,EMEA,2005-05-17,2005-05,55.3,1185.5800000000004,0.3867139846955751
10104,41,100.0,9,4615.78,1/31/2003 0:00,Shipped,1,1,2003,Trucks and Buses,118,S12_4473,Euro Shopping Channel,Madrid,,Spain,Medium,EMEA,2003-01-31,2003-01,82.6,1229.1799999999998,0.2662995203410908
10115,46,100.0,5,5723.78,4/4/2003 0:00,Shipped,2,4,2003,Trucks and Buses,118,S12_4473,Classic Legends Inc.,NYC,NY,USA,Medium,North America,2003-04-04,2003-04,82.6,1924.1799999999998,0.3361729486458249
10127,24,100.0,11,2559.6,6/3/2003 0:00,Shipped,2,6,2003,Trucks and Buses,118,S12_4473,Muscle Machine Inc,NYC,NY,USA,Small,North America,2003-06-03,2003-06,82.6,577.2,0.22550398499765592
10141,21,100.0,5,2140.11,8/1/2003 0:00,Shipped,3,8,2003,Trucks and Buses,118,S12_4473,Suominen Souveniers,Espoo,,Finland,Small,EMEA,2003-08-01,2003-08,82.6,405.5100000000002,0.18948091453243066
10151,24,100.0,3,3327.6,9/21/2003 0:00,Shipped,3,9,2003,Trucks and Buses,118,S12_4473,"Oulu Toy Supplies, Inc.",Oulu,,Finland,Medium,EMEA,2003-09-21,2003-09,82.6,1345.2,0.4042553191489362
10165,48,100.0,12,6825.6,10/22/2003 0:00,Shipped,4,10,2003,Trucks and Buses,118,S12_4473,"Dragon Souveniers, Ltd.",Singapore,,Singapore,Medium,Japan,2003-10-22,2003-10,82.6,2860.8000000000006,0.419127988748242
10175,26,100.0,1,3543.28,11/6/2003 0:00,Shipped,4,11,2003,Trucks and Buses,118,S12_4473,"Stylish Desk Decors, Co.",London,,UK,Medium,EMEA,2003-11-06,2003-11,82.6,1395.6800000000003,0.393894922218961
10184,37,100.0,6,4516.22,11/14/2003 0:00,Shipped,4,11,2003,Trucks and Buses,118,S12_4473,"Iberia Gift Imports, Corp.",Sevilla,,Spain,Medium,EMEA,2003-11-14,2003-11,82.6,1460.0200000000004,0.32328363100114704
10195,49,100.0,6,6445.46,11/25/2003 0:00,Shipped,4,11,2003,Trucks and Buses,118,S12_4473,Mini Classics,White Plains,NY,USA,Medium,North America,2003-11-25,2003-11,82.6,2398.0600000000004,0.3720541280218945
10207,34,99.54,7,3384.36,12/9/2003 0:00,Shipped,4,12,2003,Trucks and Buses,118,S12_4473,Diecast Collectables,Boston,MA,USA,Medium,North America,2003-12-09,2003-12,82.6,575.9600000000005,0.17018284106891715
10219,48,100.0,2,4891.68,2/10/2004 0:00,Shipped,1,2,2004,Trucks and Buses,118,S12_4473,Signal Collectibles Ltd.,Brisbane,CA,USA,Medium,North America,2004-02-10,2004-02,82.6,926.8800000000006,0.18948091453243068
10229,36,100.0,1,4521.96,3/11/2004 0:00,Shipped,1,3,2004,Trucks and Buses,118,S12_4473,Mini Gifts Distributors Ltd.,San Rafael,CA,USA,Medium,North America,2004-03-11,2004-03,82.6,1548.3600000000001,0.3424090438659343
10246,46,100.0,5,5069.66,5/5/2004 0:00,Shipped,2,5,2004,Trucks and Buses,118,S12_4473,Euro Shopping Channel,Madrid,,Spain,Medium,EMEA,2004-05-05,2004-05,82.6,1270.06,0.2505217312403593
10259,46,100.0,4,6541.2,6/15/2004 0:00,Shipped,2,6,2004,Trucks and Buses,118,S12_4473,Handji Gifts& Co,Singapore,,Singapore,Medium,APAC,2004-06-15,2004-06,82.6,2741.6,0.4191279887482419
10271,31,97.17,5,3012.27,7/20/2004 0:00,Shipped,3,7,2004,Trucks and Buses,118,S12_4473,Mini Gifts Distributors Ltd.,San Rafael,CA,USA,Medium,North America,2004-07-20,2004-07,82.6,451.6700000000001,0.1499433981681589
10281,41,100.0,1,5247.18,8/19/2004 0:00,Shipped,3,8,2004,Trucks and Buses,118,S12_4473,Diecast Classics Inc.,Allentown,PA,USA,Medium,North America,2004-08-19,2004-08,82.6,1860.5800000000004,0.3545866541647133
10292,21,100.0,8,2214.87,9/8/2004 0:00,Shipped,3,9,2004,Trucks and Buses,118,S12_4473,Land of Toys Inc.,NYC,NY,USA,Small,North America,2004-09-08,2004-09,82.6,480.27,0.2168389115388262
10305,38,100.0,5,4773.18,10/13/2004 0:00,Shipped,4,10,2004,Trucks and Buses,118,S12_4473,Marta's Replicas Co.,Cambridge,MA,USA,Medium,North America,2004-10-13,2004-10,82.6,1634.3800000000006,0.34240904386593435
10314,45,100.0,14,6185.7,10/22/2004 0:00,Shipped,4,10,2004,Trucks and Buses,118,S12_4473,Heintze Collectables,Aaarhus,,Denmark,Medium,EMEA,2004-10-22,2004-10,82.6,2468.7000000000003,0.39909791939473305
10324,26,58.38,7,1517.88,11/5/2004 0:00,Shipped,4,11,2004,Trucks and Buses,118,S12_4473,Vitachrome Inc.,NYC,NY,USA,Small,North America,2004-11-05,2004-11,82.6,-629.7199999999998,-0.4148681055155874
10336,38,100.0,3,6372.6,11/20/2004 0:00,Shipped,4,11,2004,Trucks and Buses,118,S12_4473,"La Corne D'abondance, Co.",Paris,,France,Medium,EMEA,2004-11-20,2004-11,82.6,3233.8000000000006,0.507453786523554
10349,48,100.0,9,5232.96,12/1/2004 0:00,Shipped,4,12,2004,Trucks and Buses,118,S12_4473,Muscle Machine Inc,NYC,NY,USA,Medium,North America,2004-12-01,2004-12,82.6,1268.1600000000003,0.24234085488901125
10358,42,64.16,9,2694.72,12/10/2004 0:00,Shipped,4,12,2004,Trucks and Buses,118,S12_4473,Euro Shopping Channel,Madrid,,Spain,Small,EMEA,2004-12-10,2004-12,82.6,-774.48,-0.2874064837905237
10371,49,35.71,4,1749.79,1/23/2005 0:00,Shipped,1,1,2005,Trucks and Buses,118,S12_4473,Mini Gifts Distributors Ltd.,San Rafael,CA,USA,Small,North America,2005-01-23,2005-01,82.6,-2297.6099999999997,-1.3130775693083168
10382,32,66.58,13,2130.56,2/17/2005 0:00,Shipped,1,2,2005,Trucks and Buses,118,S12_4473,Mini Gifts Distributors Ltd.,San Rafael,CA,USA,Small,North America,2005-02-17,2005-02,82.6,-512.6399999999999,-0.24061279663562626
10412,54,100.0,5,5951.34,5/3/2005 0:00,Shipped,2,5,2005,Trucks and Buses,118,S12_4473,Euro Shopping Channel,Madrid,,Spain,Medium,EMEA,2005-05-03,2005-05,82.6,1490.9400000000005,0.25052173124035937
10425,33,100.0,4,4692.6,5/31/2005 0:00,In Process,2,5,2005,Trucks and Buses,118,S12_4473,La Rochelle Gifts,Nantes,,France,Medium,EMEA,2005-05-31,2005-05,82.6,1966.8000000000006,0.41912798874824203
10108,36,100.0,3,3731.04,3/3/2003 0:00,Shipped,1,3,2003,Classic Cars,115,S12_4675,Cruz & Sons Co.,Makati City,,Philippines,Medium,Japan,2003-03-03,2003-03,80.5,833.04,0.22327286761868004
10122,20,100.0,7,2142.0,5/8/2003 0:00,Shipped,2,5,2003,Classic Cars,115,S12_4675,Marseille Mini Autos,Marseille,,France,Small,EMEA,2003-05-08,2003-05,80.5,532.0,0.24836601307189543
10135,29,97.89,4,2838.81,7/2/2003 0:00,Shipped,3,7,2003,Classic Cars,115,S12_4675,Mini Gifts Distributors Ltd.,San Rafael,CA,USA,Small,North America,2003-07-02,2003-07,80.5,504.30999999999995,0.1776483808356318
10147,33,97.89,4,3230.37,9/5/2003 0:00,Shipped,3,9,2003,Classic Cars,115,S12_4675,Collectables For Less Inc.,Brickhaven,MA,USA,Medium,North America,2003-09-05,2003-09,80.5,573.8699999999999,0.1776483808356318
10160,50,100.0,5,5182.0,10/11/2003 0:00,Shipped,4,10,2003,Classic Cars,115,S12_4675,"Men 'R' US Retailers, Ltd.",Los Angeles,CA,USA,Medium,North America,2003-10-11,2003-10,80.5,1157.0,0.22327286761868004
10170,41,100.0,3,4391.1,11/4/2003 0:00,Shipped,4,11,2003,Classic Cars,115,S12_4675,Mini Auto Werke,Graz,,Austria,Medium,EMEA,2003-11-04,2003-11,80.5,1090.6000000000004,0.2483660130718955
10181,36,100.0,11,4477.32,11/12/2003 0:00,Shipped,4,11,2003,Classic Cars,115,S12_4675,Herkku Gifts,Bergen,,Norway,Medium,EMEA,2003-11-12,2003-11,80.5,1579.3199999999997,0.35273779850446246
10192,27,100.0,16,3544.56,11/20/2003 0:00,Shipped,4,11,2003,Classic Cars,115,S12_4675,Online Diecast Creations Co.,Nashua,NH,USA,Medium,North America,2003-11-20,2003-11,80.5,1371.06,0.38680682510664227
10203,47,100.0,5,5195.85,12/2/2003 0:00,Shipped,4,12,2003,Classic Cars,115,S12_4675,Euro Shopping Channel,Madrid,,Spain,Medium,EMEA,2003-12-02,2003-12,80.5,1412.3500000000004,0.2718227046585256
10212,33,100.0,15,4180.44,1/16/2004 0:00,Shipped,1,1,2004,Classic Cars,115,S12_4675,Euro Shopping Channel,Madrid,,Spain,Medium,EMEA,2004-01-16,2004-01,80.5,1523.9399999999996,0.3645405746763498
10225,21,100.0,6,2684.43,2/22/2004 0:00,Shipped,1,2,2004,Classic Cars,115,S12_4675,"Vida Sport, Ltd",Gensve,,Switzerland,Small,EMEA,2004-02-22,2004-02,80.5,993.9299999999998,0.37025737307361334
10239,21,93.28,5,1958.88,4/12/2004 0:00,Shipped,2,4,2004,Classic Cars,115,S12_4675,"Oulu Toy Supplies, Inc.",Oulu,,Finland,Small,EMEA,2004-04-12,2004-04,80.5,268.3800000000001,0.13700686106346488
10253,41,100.0,10,4910.57,6/1/2004 0:00,Cancelled,2,6,2004,Classic Cars,115,S12_4675,"UK Collectables, Ltd.",Liverpool,,UK,Medium,EMEA,2004-06-01,2004-06,80.5,1610.0699999999997,0.3278784336645236
10266,40,100.0,11,4468.4,7/6/2004 0:00,Shipped,3,7,2004,Classic Cars,115,S12_4675,L'ordine Souveniers,Reggio Emilia,,Italy,Medium,EMEA,2004-07-06,2004-07,80.5,1248.3999999999996,0.27938411959538084
10277,28,100.0,1,3127.88,8/4/2004 0:00,Shipped,3,8,2004,Classic Cars,115,S12_4675,"Dragon Souveniers, Ltd.",Singapore,,Singapore,Medium,Japan,2004-08-04,2004-08,80.5,873.8800000000001,0.2793841195953809
10287,23,100.0,9,2675.13,8/30/2004 0:00,Shipped,3,8,2004,Classic Cars,115,S12_4675,"Vida Sport, Ltd",Gensve,,Switzerland,Small,EMEA,2004-08-30,2004-08,80.5,823.6300000000001,0.3078841028286476
10300,23,100.0,2,2807.61,10/4/2003 0:00,Shipped,4,10,2003,Classic Cars,115,S12_4675,"Blauer See Auto, Co.",Frankfurt,,Germany,Small,EMEA,2003-10-04,2003-10,80.5,956.1100000000001,0.34054231178831823
10310,25,100.0,7,2504.75,10/16/2004 0:00,Shipped,4,10,2004,Classic Cars,115,S12_4675,"Toms Spezialitten, Ltd",Koln,,Germany,Small,EMEA,2004-10-16,2004-10,80.5,492.25,0.19652659946102405
10321,24,100.0,15,2984.88,11/4/2004 0:00,Shipped,4,11,2004,Classic Cars,115,S12_4675,FunGiftIdeas.com,New Bedford,MA,USA,Small,North America,2004-11-04,2004-11,80.5,1052.88,0.3527377985044625
10329,39,64.74,15,2524.86,11/15/2004 0:00,Shipped,4,11,2004,Classic Cars,115,S12_4675,Land of Toys Inc.,NYC,NY,USA,Small,North America,2004-11-15,2004-11,80.5,-614.6399999999999,-0.24343527957985783
10341,55,75.2,7,4136.0,11/24/2004 0:00,Shipped,4,11,2004,Classic Cars,115,S12_4675,Salzburg Collectables,Salzburg,,Austria,Medium,EMEA,2004-11-24,2004-11,80.5,-291.5,-0.07047872340425532
10363,46,88.45,6,4068.7,1/6/2005 0:00,Shipped,1,1,2005,Classic Cars,115,S12_4675,Suominen Souveniers,Espoo,,Finland,Medium,EMEA,2005-01-06,2005-01,80.5,365.6999999999998,0.0898812888637648
10377,50,100.0,1,5182.0,2/9/2005 0:00,Shipped,1,2,2005,Classic Cars,115,S12_4675,"Toys of Finland, Co.",Helsinki,,Finland,Medium,EMEA,2005-02-09,2005-02,80.5,1157.0,0.22327286761868004
10389,47,100.0,8,5243.79,3/3/2005 0:00,Shipped,1,3,2005,Classic Cars,115,S12_4675,Scandinavian Gift Ideas,Boras,,Sweden,Medium,EMEA,2005-03-03,2005-03,80.5,1460.29,0.27847987810343283
10405,97,93.28,5,9048.16,4/14/2005 0:00,Shipped,2,4,2005,Classic Cars,115,S12_4675,Mini Caravy,Strasbourg,,France,Large,EMEA,2005-04-14,2005-04,80.5,1239.6599999999999,0.13700686106346482
10419,32,100.0,10,3832.64,5/17/2005 0:00,Shipped,2,5,2005,Classic Cars,115,S12_4675,Salzburg Collectables,Salzburg,,Austria,Medium,EMEA,2005-05-17,2005-05,80.5,1256.6399999999999,0.3278784336645236
10103,35,100.0,10,3920.0,1/29/2003 0:00,Shipped,1,1,2003,Trucks and Buses,116,S18_1097,Baane Mini Imports,Stavern,,Norway,Medium,EMEA,2003-01-29,2003-01,81.19999999999999,1078.0000000000005,0.27500000000000013
10113,49,100.0,4,4916.66,3/26/2003 0:00,Shipped,1,3,2003,Trucks and Buses,116,S18_1097,Mini Gifts Distributors Ltd.,San Rafael,CA,USA,Medium,North America,2003-03-26,2003-03,81.19999999999999,937.8600000000006,0.19075144508670533
10126,38,100.0,10,3857.0,5/28/2003 0:00,Shipped,2,5,2003,Trucks and Buses,116,S18_1097,"Corrida Auto Replicas, Ltd",Madrid,,Spain,Medium,EMEA,2003-05-28,2003-05,81.19999999999999,771.4000000000005,0.20000000000000015
10140,32,100.0,10,4181.44,7/24/2003 0:00,Shipped,3,7,2003,Trucks and Buses,116,S18_1097,Technics Stores Inc.,Burlingame,CA,USA,Medium,North America,2003-07-24,2003-07,81.19999999999999,1583.04,0.37858728093671085
10150,34,100.0,7,4641.0,9/19/2003 0:00,Shipped,3,9,2003,Trucks and Buses,116,S18_1097,"Dragon Souveniers, Ltd.",Singapore,,Singapore,Medium,Japan,2003-09-19,2003-09,81.19999999999999,1880.2000000000003,0.4051282051282052
10164,36,99.17,8,3570.12,10/21/2003 0:00,Resolved,4,10,2003,Trucks and Buses,116,S18_1097,Mini Auto Werke,Graz,,Austria,Medium,EMEA,2003-10-21,2003-10,81.19999999999999,646.9200000000001,0.18120399314308766
10174,48,93.34,3,4480.32,11/6/2003 0:00,Shipped,4,11,2003,Trucks and Buses,116,S18_1097,"Australian Gift Network, Co",South Brisbane,Queensland,Australia,Medium,APAC,2003-11-06,2003-11,81.19999999999999,582.7200000000003,0.13006213841868444
10183,21,96.84,7,2033.64,11/13/2003 0:00,Shipped,4,11,2003,Trucks and Buses,116,S18_1097,"Classic Gift Ideas, Inc",Philadelphia,PA,USA,Small,North America,2003-11-13,2003-11,81.19999999999999,328.4400000000003,0.16150351094589027
10194,21,93.34,10,1960.14,11/25/2003 0:00,Shipped,4,11,2003,Trucks and Buses,116,S18_1097,"Saveley & Henriot, Co.",Lyon,,France,Small,EMEA,2003-11-25,2003-11,81.19999999999999,254.94000000000028,0.13006213841868453
10206,34,100.0,5,3966.78,12/5/2003 0:00,Shipped,4,12,2003,Trucks and Buses,116,S18_1097,Canadian Gift Exchange Network,Vancouver,BC,Canada,Medium,North America,2003-12-05,2003-12,81.19999999999999,1205.9800000000005,0.3040198851461388
10215,46,100.0,2,5152.0,1/29/2004 0:00,Shipped,1,1,2004,Trucks and Buses,116,S18_1097,West Coast Collectables Co.,Burbank,CA,USA,Medium,North America,2004-01-29,2004-01,81.19999999999999,1416.8000000000006,0.27500000000000013
10228,32,100.0,1,3360.0,3/10/2004 0:00,Shipped,1,3,2004,Trucks and Buses,116,S18_1097,Cambridge Collectables Co.,Cambridge,MA,USA,Medium,North America,2004-03-10,2004-03,81.19999999999999,761.6000000000004,0.22666666666666677
10245,29,100.0,8,3451.0,5/4/2004 0:00,Shipped,2,5,2004,Trucks and Buses,116,S18_1097,Super Scale Inc.,New Haven,CT,USA,Medium,North America,2004-05-04,2004-05,81.19999999999999,1096.2000000000003,0.3176470588235295
10258,41,100.0,5,5453.0,6/15/2004 0:00,Shipped,2,6,2004,Trucks and Buses,116,S18_1097,"Tokyo Collectables, Ltd",Minato-ku,Tokyo,Japan,Medium,Japan,2004-06-15,2004-06,81.19999999999999,2123.8000000000006,0.3894736842105264
10270,43,96.84,8,4164.12,7/19/2004 0:00,Shipped,3,7,2004,Trucks and Buses,116,S18_1097,Souveniers And Things Co.,Chatswood,NSW,Australia,Medium,APAC,2004-07-19,2004-07,81.19999999999999,672.5200000000004,0.16150351094589024
10280,24,100.0,1,2800.08,8/17/2004 0:00,Shipped,3,8,2004,Trucks and Buses,116,S18_1097,Amica Models & Co.,Torino,,Italy,Small,EMEA,2004-08-17,2004-08,81.19999999999999,851.2800000000002,0.30401988514613876
10291,41,100.0,10,4687.94,9/8/2004 0:00,Shipped,3,9,2004,Trucks and Buses,116,S18_1097,Scandinavian Gift Ideas,Boras,,Sweden,Medium,EMEA,2004-09-08,2004-09,81.19999999999999,1358.7400000000002,0.28983732726954703
10304,46,98.0,5,4508.0,10/11/2004 0:00,Shipped,4,10,2004,Trucks and Buses,116,S18_1097,Auto Assoc. & Cie.,Versailles,,France,Medium,EMEA,2004-10-11,2004-10,81.19999999999999,772.8000000000006,0.17142857142857157
10312,32,100.0,2,4181.44,10/21/2004 0:00,Shipped,4,10,2004,Trucks and Buses,116,S18_1097,Mini Gifts Distributors Ltd.,San Rafael,CA,USA,Medium,North America,2004-10-21,2004-10,81.19999999999999,1583.04,0.37858728093671085
10322,22,100.0,10,2251.04,11/4/2004 0:00,Shipped,4,11,2004,Trucks and Buses,116,S18_1097,Online Diecast Creations Co.,Nashua,NH,USA,Small,North America,2004-11-04,2004-11,81.19999999999999,464.6400000000003,0.20641125879593447
10333,29,40.25,7,1167.25,11/18/2004 0:00,Shipped,4,11,2004,Trucks and Buses,116,S18_1097,Mini Wheels Co.,San Francisco,CA,USA,Small,North America,2004-11-18,2004-11,81.19999999999999,-1187.5499999999997,-1.0173913043478258
10347,42,49.6,5,2083.2,11/29/2004 0:00,Shipped,4,11,2004,Trucks and Buses,116,S18_1097,"Australian Collectors, Co.",Melbourne,Victoria,Australia,Small,APAC,2004-11-29,2004-11,81.19999999999999,-1327.1999999999998,-0.6370967741935484
10357,39,98.0,1,3822.0,12/10/2004 0:00,Shipped,4,12,2004,Trucks and Buses,116,S18_1097,Mini Gifts Distributors Ltd.,San Rafael,CA,USA,Medium,North America,2004-12-10,2004-12,81.19999999999999,655.2000000000003,0.1714285714285715
10370,27,100.0,1,3911.49,1/20/2005 0:00,Shipped,1,1,2005,Trucks and Buses,116,S18_1097,"Anna's Decorations, Ltd",North Sydney,NSW,Australia,Medium,APAC,2005-01-20,2005-01,81.19999999999999,1719.0900000000001,0.43949748049975845
10381,48,98.0,2,4704.0,2/17/2005 0:00,Shipped,1,2,2005,Trucks and Buses,116,S18_1097,Corporate Gift Ideas Co.,San Francisco,CA,USA,Medium,North America,2005-02-17,2005-02,81.19999999999999,806.4000000000005,0.17142857142857154
10391,29,85.1,10,2467.9,3/9/2005 0:00,Shipped,1,3,2005,Trucks and Buses,116,S18_1097,"Anna's Decorations, Ltd",North Sydney,NSW,Australia,Small,APAC,2005-03-09,2005-03,81.19999999999999,113.10000000000036,0.0458284371327851
10411,27,100.0,8,3213.0,5/1/2005 0:00,Shipped,2,5,2005,Trucks and Buses,116,S18_1097,Quebec Home Shopping Network,Montreal,Quebec,Canada,Medium,North America,2005-05-01,2005-05,81.19999999999999,1020.6000000000004,0.3176470588235295
10424,54,100.0,5,7182.0,5/31/2005 0:00,In Process,2,5,2005,Trucks and Buses,116,S18_1097,Euro Shopping Channel,Madrid,,Spain,Large,EMEA,2005-05-31,2005-05,81.19999999999999,2797.2000000000007,0.3894736842105264
10109,26,100.0,4,4379.18,3/10/2003 0:00,Shipped,1,3,2003,Classic Cars,141,S18_1129,Motor Mint Distributors Inc.,Philadelphia,PA,USA,Medium,North America,2003-03-10,2003-03,98.69999999999999,1812.9800000000005,0.4139998812563083
10122,34,100.0,2,5004.8,5/8/2003 0:00,Shipped,2,5,2003,Classic Cars,141,S18_1129,Marseille Mini Autos,Marseille,,France,Medium,EMEA,2003-05-08,2003-05,98.69999999999999,1649.0000000000005,0.329483695652174
10136,25,100.0,2,3644.75,7/4/2003 0:00,Shipped,3,7,2003,Classic Cars,141,S18_1129,Alpha Cognac,Toulouse,,France,Medium,EMEA,2003-07-04,2003-07,98.69999999999999,1177.2500000000005,0.3229988339392278
10148,23,100.0,13,2702.04,9/11/2003 0:00,Shipped,3,9,2003,Classic Cars,141,S18_1129,"Anna's Decorations, Ltd",North Sydney,NSW,Australia,Small,APAC,2003-09-11,2003-09,98.69999999999999,431.94000000000005,0.15985699693564864
10161,28,100.0,12,3764.88,10/17/2003 0:00,Shipped,4,10,2003,Classic Cars,141,S18_1129,Heintze Collectables,Aaarhus,,Denmark,Medium,EMEA,2003-10-17,2003-10,98.69999999999999,1001.2800000000007,0.2659526996876396
10171,35,100.0,2,4508.0,11/5/2003 0:00,Shipped,4,11,2003,Classic Cars,141,S18_1129,Quebec Home Shopping Network,Montreal,Quebec,Canada,Medium,North America,2003-11-05,2003-11,98.69999999999999,1053.5000000000005,0.23369565217391314
10181,44,100.0,6,5418.16,11/12/2003 0:00,Shipped,4,11,2003,Classic Cars,141,S18_1129,Herkku Gifts,Bergen,,Norway,Medium,EMEA,2003-11-12,2003-11,98.69999999999999,1075.3600000000006,0.1984732824427482
10192,22,100.0,11,3300.66,11/20/2003 0:00,Shipped,4,11,2003,Classic Cars,141,S18_1129,Online Diecast Creations Co.,Nashua,NH,USA,Medium,North America,2003-11-20,2003-11,98.69999999999999,1129.2600000000002,0.34213157368526304
10204,42,100.0,17,6182.4,12/2/2003 0:00,Shipped,4,12,2003,Classic Cars,141,S18_1129,Muscle Machine Inc,NYC,NY,USA,Medium,North America,2003-12-02,2003-12,98.69999999999999,2037.0,0.32948369565217395
10212,29,100.0,10,4186.73,1/16/2004 0:00,Shipped,1,1,2004,Classic Cars,141,S18_1129,Euro Shopping Channel,Madrid,,Spain,Medium,EMEA,2004-01-16,2004-01,98.69999999999999,1324.4299999999998,0.3163399598254485
10225,32,100.0,1,4529.28,2/22/2004 0:00,Shipped,1,2,2004,Classic Cars,141,S18_1129,"Vida Sport, Ltd",Gensve,,Switzerland,Medium,EMEA,2004-02-22,2004-02,98.69999999999999,1370.88,0.3026706231454006
10240,41,100.0,3,5628.89,4/13/2004 0:00,Shipped,2,4,2004,Classic Cars,141,S18_1129,Osaka Souveniers Co.,Osaka,Osaka,Japan,Medium,Japan,2004-04-13,2004-04,98.69999999999999,1582.190000000001,0.2810838371330761
10253,26,100.0,5,3054.48,6/1/2004 0:00,Cancelled,2,6,2004,Classic Cars,141,S18_1129,"UK Collectables, Ltd.",Liverpool,,UK,Medium,EMEA,2004-06-01,2004-06,98.69999999999999,488.2800000000002,0.1598569969356487
10266,21,100.0,6,2526.51,7/6/2004 0:00,Shipped,3,7,2004,Classic Cars,141,S18_1129,L'ordine Souveniers,Reggio Emilia,,Italy,Small,EMEA,2004-07-06,2004-07,98.69999999999999,453.8100000000004,0.17961931676502382
10278,34,100.0,6,4667.86,8/6/2004 0:00,Shipped,3,8,2004,Classic Cars,141,S18_1129,Signal Gift Stores,Las Vegas,NV,USA,Medium,North America,2004-08-06,2004-08,98.69999999999999,1312.06,0.281083837133076
10287,41,100.0,4,6499.32,8/30/2004 0:00,Shipped,3,8,2004,Classic Cars,141,S18_1129,"Vida Sport, Ltd",Gensve,,Switzerland,Medium,EMEA,2004-08-30,2004-08,98.69999999999999,2452.6200000000003,0.3773656320968964
10301,37,100.0,8,5917.78,10/5/2003 0:00,Shipped,4,10,2003,Classic Cars,141,S18_1129,"Norway Gifts By Mail, Co.",Oslo,,Norway,Medium,EMEA,2003-10-05,2003-10,98.69999999999999,2265.88,0.38289358509441046
10310,37,100.0,2,6231.91,10/16/2004 0:00,Shipped,4,10,2004,Classic Cars,141,S18_1129,"Toms Spezialitten, Ltd",Koln,,Germany,Medium,EMEA,2004-10-16,2004-10,98.69999999999999,2580.01,0.4139998812563083
10321,41,100.0,10,5803.14,11/4/2004 0:00,Shipped,4,11,2004,Classic Cars,141,S18_1129,FunGiftIdeas.com,New Bedford,MA,USA,Medium,North America,2004-11-04,2004-11,98.69999999999999,1756.440000000001,0.3026706231454007
10331,46,100.0,6,6434.02,11/17/2004 0:00,Shipped,4,11,2004,Classic Cars,141,S18_1129,Motor Mint Distributors Inc.,Philadelphia,PA,USA,Medium,North America,2004-11-17,2004-11,98.69999999999999,1893.8200000000006,0.29434474869521704
10342,40,100.0,2,6454.4,11/24/2004 0:00,Shipped,4,11,2004,Classic Cars,141,S18_1129,"Australian Collectors, Co.",Melbourne,Victoria,Australia,Medium,APAC,2004-11-24,2004-11,98.69999999999999,2506.4,0.38832424392662374
10356,43,97.6,8,4196.8,12/9/2004 0:00,Shipped,4,12,2004,Classic Cars,141,S18_1129,Lyon Souveniers,Paris,,France,Medium,EMEA,2004-12-09,2004-12,98.69999999999999,-47.29999999999927,-0.011270491803278515
10365,30,87.06,1,2611.8,1/7/2005 0:00,Shipped,1,1,2005,Classic Cars,141,S18_1129,Mini Creations Ltd.,New Bedford,MA,USA,Small,North America,2005-01-07,2005-01,98.69999999999999,-349.19999999999936,-0.13370089593383847
10377,35,100.0,2,5895.05,2/9/2005 0:00,Shipped,1,2,2005,Classic Cars,141,S18_1129,"Toys of Finland, Co.",Helsinki,,Finland,Medium,EMEA,2005-02-09,2005-02,98.69999999999999,2440.5500000000006,0.4139998812563084
10390,36,93.77,14,3375.72,3/4/2005 0:00,Shipped,1,3,2005,Classic Cars,141,S18_1129,Mini Gifts Distributors Ltd.,San Rafael,CA,USA,Medium,North America,2005-03-04,2005-03,98.69999999999999,-177.48000000000002,-0.05257545057054496
10406,61,100.0,3,8374.69,4/15/2005 0:00,Disputed,2,4,2005,Classic Cars,141,S18_1129,Danish Wholesale Imports,Kobenhavn,,Denmark,Large,EMEA,2005-04-15,2005-04,98.69999999999999,2353.9900000000016,0.28108383713307616
10419,38,100.0,5,4464.24,5/17/2005 0:00,Shipped,2,5,2005,Classic Cars,141,S18_1129,Salzburg Collectables,Salzburg,,Austria,Medium,EMEA,2005-05-17,2005-05,98.69999999999999,713.6400000000003,0.1598569969356487
10102,39,100.0,2,4808.31,1/10/2003 0:00,Shipped,1,1,2003,Vintage Cars,102,S18_1342,Vitachrome Inc.,NYC,NY,USA,Medium,North America,2003-01-10,2003-01,71.39999999999999,2023.710000000001,0.42087760564522686
10111,33,99.66,6,3288.78,3/25/2003 0:00,Shipped,1,3,2003,Vintage Cars,102,S18_1342,Mini Wheels Co.,San Francisco,CA,USA,Medium,North America,2003-03-25,2003-03,71.39999999999999,932.5800000000004,0.2835641180012042
10125,32,100.0,1,3254.72,5/21/2003 0:00,Shipped,2,5,2003,Vintage Cars,102,S18_1342,"Australian Collectors, Co.",Melbourne,Victoria,Australia,Medium,APAC,2003-05-21,2003-05,71.39999999999999,969.9200000000001,0.2980041293874742
10139,31,100.0,7,3184.94,7/16/2003 0:00,Shipped,3,7,2003,Vintage Cars,102,S18_1342,Souveniers And Things Co.,Chatswood,NSW,Australia,Medium,APAC,2003-07-16,2003-07,71.39999999999999,971.5400000000004,0.3050418532217249
10149,50,100.0,4,5907.5,9/12/2003 0:00,Shipped,3,9,2003,Vintage Cars,102,S18_1342,Signal Collectibles Ltd.,Brisbane,CA,USA,Medium,North America,2003-09-12,2003-09,71.39999999999999,2337.5000000000005,0.39568345323741017
10162,48,91.44,2,4389.12,10/18/2003 0:00,Shipped,4,10,2003,Vintage Cars,102,S18_1342,Corporate Gift Ideas Co.,San Francisco,CA,USA,Medium,North America,2003-10-18,2003-10,71.39999999999999,961.9200000000001,0.21916010498687666
10173,43,100.0,6,5036.16,11/5/2003 0:00,Shipped,4,11,2003,Vintage Cars,102,S18_1342,Rovelli Gifts,Bergamo,,Italy,Medium,EMEA,2003-11-05,2003-11,71.39999999999999,1965.96,0.3903688524590164
10182,25,87.33,3,2183.25,11/12/2003 0:00,Shipped,4,11,2003,Vintage Cars,102,S18_1342,Mini Gifts Distributors Ltd.,San Rafael,CA,USA,Small,North America,2003-11-12,2003-11,71.39999999999999,398.2500000000002,0.1824115424252835
10193,28,100.0,7,3106.88,11/21/2003 0:00,Shipped,4,11,2003,Vintage Cars,102,S18_1342,"Australian Collectables, Ltd",Glen Waverly,Victoria,Australia,Medium,APAC,2003-11-21,2003-11,71.39999999999999,1107.6800000000003,0.3565248738284067
10205,36,100.0,2,3735.72,12/3/2003 0:00,Shipped,4,12,2003,Vintage Cars,102,S18_1342,Euro Shopping Channel,Madrid,,Spain,Medium,EMEA,2003-12-03,2003-12,71.39999999999999,1165.3200000000002,0.3119398670135878
10215,27,89.38,10,2413.26,1/29/2004 0:00,Shipped,1,1,2004,Vintage Cars,102,S18_1342,West Coast Collectables Co.,Burbank,CA,USA,Small,North America,2004-01-29,2004-01,71.39999999999999,485.4600000000005,0.2011635712687404
10227,25,100.0,3,2953.75,3/2/2004 0:00,Shipped,1,3,2004,Vintage Cars,102,S18_1342,"Saveley & Henriot, Co.",Lyon,,France,Small,EMEA,2004-03-02,2004-03,71.39999999999999,1168.7500000000002,0.39568345323741017
10244,40,100.0,7,4684.8,4/29/2004 0:00,Shipped,2,4,2004,Vintage Cars,102,S18_1342,Euro Shopping Channel,Madrid,,Spain,Medium,EMEA,2004-04-29,2004-04,71.39999999999999,1828.8000000000006,0.39036885245901654
10256,34,95.55,2,3248.7,6/8/2004 0:00,Shipped,2,6,2004,Vintage Cars,102,S18_1342,Danish Wholesale Imports,Kobenhavn,,Denmark,Medium,EMEA,2004-06-08,2004-06,71.39999999999999,821.0999999999999,0.25274725274725274
10280,50,100.0,9,5239.5,8/17/2004 0:00,Shipped,3,8,2004,Vintage Cars,102,S18_1342,Amica Models & Co.,Torino,,Italy,Medium,EMEA,2004-08-17,2004-08,71.39999999999999,1669.5000000000005,0.3186372745490983
10289,38,100.0,2,4567.98,9/3/2004 0:00,Shipped,3,9,2004,Vintage Cars,102,S18_1342,Herkku Gifts,Bergen,,Norway,Medium,EMEA,2004-09-03,2004-09,71.39999999999999,1854.7799999999997,0.4060394309957574
10304,37,95.55,13,3535.35,10/11/2004 0:00,Shipped,4,10,2004,Vintage Cars,102,S18_1342,Auto Assoc. & Cie.,Versailles,,France,Medium,EMEA,2004-10-11,2004-10,71.39999999999999,893.5500000000002,0.2527472527472528
10312,43,89.38,10,3843.34,10/21/2004 0:00,Shipped,4,10,2004,Vintage Cars,102,S18_1342,Mini Gifts Distributors Ltd.,San Rafael,CA,USA,Medium,North America,2004-10-21,2004-10,71.39999999999999,773.1400000000003,0.2011635712687403
10322,43,86.3,14,3710.9,11/4/2004 0:00,Shipped,4,11,2004,Vintage Cars,102,S18_1342,Online Diecast Creations Co.,Nashua,NH,USA,Medium,North America,2004-11-04,2004-11,71.39999999999999,640.7000000000003,0.17265353418308235
10332,46,95.13,15,4375.98,11/17/2004 0:00,Shipped,4,11,2004,Vintage Cars,102,S18_1342,"AV Stores, Co.",Manchester,,UK,Medium,EMEA,2004-11-17,2004-11,71.39999999999999,1091.58,0.24944812362030905
10346,42,36.11,3,1516.62,11/29/2004 0:00,Shipped,4,11,2004,Vintage Cars,102,S18_1342,Signal Gift Stores,Las Vegas,NV,USA,Small,North America,2004-11-29,2004-11,71.39999999999999,-1482.1799999999998,-0.9772916089725837
10356,50,50.18,9,2509.0,12/9/2004 0:00,Shipped,4,12,2004,Vintage Cars,102,S18_1342,Lyon Souveniers,Paris,,France,Small,EMEA,2004-12-09,2004-12,71.39999999999999,-1060.9999999999995,-0.4228776404942206
10369,44,100.0,8,9240.44,1/20/2005 0:00,Shipped,1,1,2005,Vintage Cars,102,S18_1342,Collectables For Less Inc.,Brickhaven,MA,USA,Large,North America,2005-01-20,2005-01,71.39999999999999,6098.840000000001,0.6600161897052522
10380,27,93.16,13,2515.32,2/16/2005 0:00,Shipped,1,2,2005,Vintage Cars,102,S18_1342,Euro Shopping Channel,Madrid,,Spain,Small,EMEA,2005-02-16,2005-02,71.39999999999999,587.5200000000004,0.23357664233576658
10391,35,100.0,2,5548.9,3/9/2005 0:00,Shipped,1,3,2005,Vintage Cars,102,S18_1342,"Anna's Decorations, Ltd",North Sydney,NSW,Australia,Medium,APAC,2005-03-09,2005-03,71.39999999999999,3049.9,0.5496404692822001
10422,51,95.55,2,4873.05,5/30/2005 0:00,In Process,2,5,2005,Vintage Cars,102,S18_1342,Diecast Classics Inc.,Allentown,PA,USA,Medium,North America,2005-05-30,2005-05,71.39999999999999,1231.6500000000005,0.25274725274725285
10102,41,50.14,1,2055.74,1/10/2003 0:00,Shipped,1,1,2003,Vintage Cars,53,S18_1367,Vitachrome Inc.,NYC,NY,USA,Small,North America,2003-01-10,2003-01,37.099999999999994,534.6400000000001,0.26007179896290394
10111,48,49.06,5,2354.88,3/25/2003 0:00,Shipped,1,3,2003,Vintage Cars,53,S18_1367,Mini Wheels Co.,San Francisco,CA,USA,Small,North America,2003-03-25,2003-03,37.099999999999994,574.0800000000004,0.24378312270688968
10126,42,54.99,17,2309.58,5/28/2003 0:00,Shipped,2,5,2003,Vintage Cars,53,S18_1367,"Corrida Auto Replicas, Ltd",Madrid,,Spain,Small,EMEA,2003-05-28,2003-05,37.099999999999994,751.3800000000001,0.3253318785233679
10139,49,43.13,6,2113.37,7/16/2003 0:00,Shipped,3,7,2003,Vintage Cars,53,S18_1367,Souveniers And Things Co.,Chatswood,NSW,Australia,Small,APAC,2003-07-16,2003-07,37.099999999999994,295.47000000000025,0.13980987711569687
10149,30,58.22,3,1746.6,9/12/2003 0:00,Shipped,3,9,2003,Vintage Cars,53,S18_1367,Signal Collectibles Ltd.,Brisbane,CA,USA,Small,North America,2003-09-12,2003-09,37.099999999999994,633.6000000000001,0.3627619374785298
10162,45,51.21,1,2304.45,10/18/2003 0:00,Shipped,4,10,2003,Vintage Cars,53,S18_1367,Corporate Gift Ideas Co.,San Francisco,CA,USA,Small,North America,2003-10-18,2003-10,37.099999999999994,634.95,0.2755321226322984
10173,48,44.21,5,2122.08,11/5/2003 0:00,Shipped,4,11,2003,Vintage Cars,53,S18_1367,Rovelli Gifts,Bergamo,,Italy,Small,EMEA,2003-11-05,2003-11,37.099999999999994,341.2800000000002,0.16082334313503743
10182,32,54.45,2,1742.4,11/12/2003 0:00,Shipped,4,11,2003,Vintage Cars,53,S18_1367,Mini Gifts Distributors Ltd.,San Rafael,CA,USA,Small,North America,2003-11-12,2003-11,37.099999999999994,555.2000000000003,0.3186409550045915
10193,46,53.37,6,2455.02,11/21/2003 0:00,Shipped,4,11,2003,Vintage Cars,53,S18_1367,"Australian Collectables, Ltd",Glen Waverly,Victoria,Australia,Small,APAC,2003-11-21,2003-11,37.099999999999994,748.4200000000003,0.3048529136218851
10205,48,63.61,1,3053.28,12/3/2003 0:00,Shipped,4,12,2003,Vintage Cars,53,S18_1367,Euro Shopping Channel,Madrid,,Spain,Medium,EMEA,2003-12-03,2003-12,37.099999999999994,1272.4800000000005,0.41675837132526344
10215,33,43.13,9,1423.29,1/29/2004 0:00,Shipped,1,1,2004,Vintage Cars,53,S18_1367,West Coast Collectables Co.,Burbank,CA,USA,Small,North America,2004-01-29,2004-01,37.099999999999994,198.99000000000024,0.1398098771156969
10227,31,48.52,2,1504.12,3/2/2004 0:00,Shipped,1,3,2004,Vintage Cars,53,S18_1367,"Saveley & Henriot, Co.",Lyon,,France,Small,EMEA,2004-03-02,2004-03,37.099999999999994,354.02,0.23536685902720528
10244,20,58.22,6,1164.4,4/29/2004 0:00,Shipped,2,4,2004,Vintage Cars,53,S18_1367,Euro Shopping Channel,Madrid,,Spain,Small,EMEA,2004-04-29,2004-04,37.099999999999994,422.4000000000002,0.36276193747852986
10256,29,51.75,1,1500.75,6/8/2004 0:00,Shipped,2,6,2004,Vintage Cars,53,S18_1367,Danish Wholesale Imports,Kobenhavn,,Denmark,Small,EMEA,2004-06-08,2004-06,37.099999999999994,424.85000000000014,0.2830917874396136
10280,27,57.68,8,1557.36,8/17/2004 0:00,Shipped,3,8,2004,Vintage Cars,53,S18_1367,Amica Models & Co.,Torino,,Italy,Small,EMEA,2004-08-17,2004-08,37.099999999999994,555.6600000000001,0.35679611650485443
10289,24,56.07,1,1345.68,9/3/2004 0:00,Shipped,3,9,2004,Vintage Cars,53,S18_1367,Herkku Gifts,Bergen,,Norway,Small,EMEA,2004-09-03,2004-09,37.099999999999994,455.2800000000002,0.33832709113608006
10304,37,48.52,12,1795.24,10/11/2004 0:00,Shipped,4,10,2004,Vintage Cars,53,S18_1367,Auto Assoc. & Cie.,Versailles,,France,Small,EMEA,2004-10-11,2004-10,37.099999999999994,422.5400000000002,0.2353668590272054
10312,25,44.21,9,1105.25,10/21/2004 0:00,Shipped,4,10,2004,Vintage Cars,53,S18_1367,Mini Gifts Distributors Ltd.,San Rafael,CA,USA,Small,North America,2004-10-21,2004-10,37.099999999999994,177.7500000000001,0.16082334313503743
10322,41,57.68,5,2364.88,11/4/2004 0:00,Shipped,4,11,2004,Vintage Cars,53,S18_1367,Online Diecast Creations Co.,Nashua,NH,USA,Small,North America,2004-11-04,2004-11,37.099999999999994,843.7800000000004,0.35679611650485454
10332,27,89.89,16,2427.03,11/17/2004 0:00,Shipped,4,11,2004,Vintage Cars,53,S18_1367,"AV Stores, Co.",Manchester,,UK,Small,EMEA,2004-11-17,2004-11,37.099999999999994,1425.3300000000004,0.5872733340749806
10347,21,58.95,7,1237.95,11/29/2004 0:00,Shipped,4,11,2004,Vintage Cars,53,S18_1367,"Australian Collectors, Co.",Melbourne,Victoria,Australia,Small,APAC,2004-11-29,2004-11,37.099999999999994,458.85000000000014,0.37065309584393563
10356,22,72.41,6,1593.02,12/9/2004 0:00,Shipped,4,12,2004,Vintage Cars,53,S18_1367,Lyon Souveniers,Paris,,France,Small,EMEA,2004-12-09,2004-12,37.099999999999994,776.8200000000002,0.48763982875293477
10369,32,98.63,7,3156.16,1/20/2005 0:00,Shipped,1,1,2005,Vintage Cars,53,S18_1367,Collectables For Less Inc.,Brickhaven,MA,USA,Medium,North America,2005-01-20,2005-01,37.099999999999994,1968.96,0.6238466997870831
10381,25,52.83,9,1320.75,2/17/2005 0:00,Shipped,1,2,2005,Vintage Cars,53,S18_1367,Corporate Gift Ideas Co.,San Francisco,CA,USA,Small,North America,2005-02-17,2005-02,37.099999999999994,393.2500000000001,0.2977474919553285
10391,42,100.0,3,4998.0,3/9/2005 0:00,Shipped,1,3,2005,Vintage Cars,53,S18_1367,"Anna's Decorations, Ltd",North Sydney,NSW,Australia,Medium,APAC,2005-03-09,2005-03,37.099999999999994,3439.8,0.6882352941176471
10422,25,51.75,1,1293.75,5/30/2005 0:00,In Process,2,5,2005,Vintage Cars,53,S18_1367,Diecast Classics Inc.,Allentown,PA,USA,Small,North America,2005-05-30,2005-05,37.099999999999994,366.2500000000001,0.2830917874396136
10110,37,100.0,16,5433.08,3/18/2003 0:00,Shipped,1,3,2003,Classic Cars,124,S18_1589,"AV Stores, Co.",Manchester,,UK,Medium,EMEA,2003-03-18,2003-03,86.8,2221.48,0.4088804140561155
10123,26,100.0,2,3073.72,5/20/2003 0:00,Shipped,2,5,2003,Classic Cars,124,S18_1589,Atelier graphique,Nantes,,France,Medium,EMEA,2003-05-20,2003-05,86.8,816.9200000000001,0.2657756724750466
10137,44,99.55,2,4380.2,7/10/2003 0:00,Shipped,3,7,2003,Classic Cars,124,S18_1589,Reims Collectables,Reims,,France,Medium,EMEA,2003-07-10,2003-07,86.8,561.0,0.12807634354595682
10148,47,100.0,9,5848.68,9/11/2003 0:00,Shipped,3,9,2003,Classic Cars,124,S18_1589,"Anna's Decorations, Ltd",North Sydney,NSW,Australia,Medium,APAC,2003-09-11,2003-09,86.8,1769.0800000000004,0.30247508839601417
10161,43,100.0,8,6153.73,10/17/2003 0:00,Shipped,4,10,2003,Classic Cars,124,S18_1589,Heintze Collectables,Aaarhus,,Denmark,Medium,EMEA,2003-10-17,2003-10,86.8,2421.3299999999995,0.3934735518132904
10172,42,100.0,6,4965.24,11/5/2003 0:00,Shipped,4,11,2003,Classic Cars,124,S18_1589,Gift Depot Inc.,Bridgewater,CT,USA,Medium,North America,2003-11-05,2003-11,86.8,1319.6399999999999,0.2657756724750465
10181,42,100.0,2,5435.64,11/12/2003 0:00,Shipped,4,11,2003,Classic Cars,124,S18_1589,Herkku Gifts,Bergen,,Norway,Medium,EMEA,2003-11-12,2003-11,86.8,1790.0400000000004,0.32931540720136
10192,29,100.0,7,4258.36,11/20/2003 0:00,Shipped,4,11,2003,Classic Cars,124,S18_1589,Online Diecast Creations Co.,Nashua,NH,USA,Medium,North America,2003-11-20,2003-11,86.8,1741.1599999999999,0.40888041405611547
10204,40,100.0,13,4032.0,12/2/2003 0:00,Shipped,4,12,2003,Classic Cars,124,S18_1589,Muscle Machine Inc,NYC,NY,USA,Medium,North America,2003-12-02,2003-12,86.8,560.0,0.1388888888888889
10212,38,100.0,6,4492.36,1/16/2004 0:00,Shipped,1,1,2004,Classic Cars,124,S18_1589,Euro Shopping Channel,Madrid,,Spain,Medium,EMEA,2004-01-16,2004-01,86.8,1193.9599999999996,0.26577567247504646
10226,38,100.0,4,4161.38,2/26/2004 0:00,Shipped,1,2,2004,Classic Cars,124,S18_1589,Collectable Mini Designs Co.,San Diego,CA,USA,Medium,North America,2004-02-26,2004-02,86.8,862.98,0.20737832161446443
10241,21,100.0,11,2508.66,4/13/2004 0:00,Shipped,2,4,2004,Classic Cars,124,S18_1589,Mini Caravy,Strasbourg,,France,Small,EMEA,2004-04-13,2004-04,86.8,685.8599999999999,0.27339695295496397
10253,24,100.0,1,3374.88,6/1/2004 0:00,Cancelled,2,6,2004,Classic Cars,124,S18_1589,"UK Collectables, Ltd.",Liverpool,,UK,Medium,EMEA,2004-06-01,2004-06,86.8,1291.6800000000003,0.38273360830607317
10266,36,100.0,2,5196.6,7/6/2004 0:00,Shipped,3,7,2004,Classic Cars,124,S18_1589,L'ordine Souveniers,Reggio Emilia,,Italy,Medium,EMEA,2004-07-06,2004-07,86.8,2071.8000000000006,0.39868375476272955
10278,23,100.0,2,2604.52,8/6/2004 0:00,Shipped,3,8,2004,Classic Cars,124,S18_1589,Signal Gift Stores,Las Vegas,NV,USA,Small,North America,2004-08-06,2004-08,86.8,608.1200000000001,0.23348640056517136
10288,20,100.0,14,2936.8,9/1/2004 0:00,Shipped,3,9,2004,Classic Cars,124,S18_1589,Handji Gifts& Co,Singapore,,Singapore,Small,APAC,2004-09-01,2004-09,86.8,1200.8000000000002,0.4088804140561155
10301,32,100.0,4,3424.64,10/5/2003 0:00,Shipped,4,10,2003,Classic Cars,124,S18_1589,"Norway Gifts By Mail, Co.",Oslo,,Norway,Medium,EMEA,2003-10-05,2003-10,86.8,647.04,0.18893664735563445
10311,29,100.0,9,2923.2,10/16/2004 0:00,Shipped,4,10,2004,Classic Cars,124,S18_1589,Euro Shopping Channel,Madrid,,Spain,Small,EMEA,2004-10-16,2004-10,86.8,406.0,0.1388888888888889
10321,44,100.0,6,4489.76,11/4/2004 0:00,Shipped,4,11,2004,Classic Cars,124,S18_1589,FunGiftIdeas.com,New Bedford,MA,USA,Medium,North America,2004-11-04,2004-11,86.8,670.5600000000004,0.1493531948255587
10331,44,100.0,14,4849.24,11/17/2004 0:00,Shipped,4,11,2004,Classic Cars,124,S18_1589,Motor Mint Distributors Inc.,Philadelphia,PA,USA,Medium,North America,2004-11-17,2004-11,86.8,1030.04,0.21241266672715725
10343,36,100.0,4,5848.92,11/24/2004 0:00,Shipped,4,11,2004,Classic Cars,124,S18_1589,Reims Collectables,Reims,,France,Medium,EMEA,2004-11-24,2004-11,86.8,2724.1200000000003,0.4657475226195606
10367,49,56.3,1,2758.7,1/12/2005 0:00,Resolved,1,1,2005,Classic Cars,124,S18_1589,Toys4GrownUps.com,Pasadena,CA,USA,Small,North America,2005-01-12,2005-01,86.8,-1494.5,-0.5417406749555951
10378,34,42.64,5,1449.76,2/10/2005 0:00,Shipped,1,2,2005,Classic Cars,124,S18_1589,Euro Shopping Channel,Madrid,,Spain,Small,EMEA,2005-02-10,2005-02,86.8,-1501.4399999999998,-1.0356472795497185
10407,59,100.0,11,7048.14,4/22/2005 0:00,On Hold,2,4,2005,Classic Cars,124,S18_1589,The Sharp Gifts Warehouse,San Jose,CA,USA,Large,North America,2005-04-22,2005-04,86.8,1926.9400000000005,0.2733969529549641
10419,37,100.0,1,5202.94,5/17/2005 0:00,Shipped,2,5,2005,Classic Cars,124,S18_1589,Salzburg Collectables,Salzburg,,Austria,Medium,EMEA,2005-05-17,2005-05,86.8,1991.3399999999997,0.38273360830607306
10106,36,100.0,12,5279.4,2/17/2003 0:00,Shipped,1,2,2003,Planes,157,S18_1662,Rovelli Gifts,Bergamo,,Italy,Medium,EMEA,2003-02-17,2003-02,109.89999999999999,1323.0,0.2505966587112172
10119,43,100.0,3,6916.12,4/28/2003 0:00,Shipped,2,4,2003,Planes,157,S18_1662,Salzburg Collectables,Salzburg,,Austria,Medium,EMEA,2003-04-28,2003-04,109.89999999999999,2190.42,0.3167122606316837
10131,21,100.0,4,2781.66,6/16/2003 0:00,Shipped,2,6,2003,Planes,157,S18_1662,Gift Ideas Corp.,Glendale,CT,USA,Small,North America,2003-06-16,2003-06,109.89999999999999,473.7600000000002,0.17031556696361175
10143,32,100.0,7,5248.0,8/10/2003 0:00,Shipped,3,8,2003,Planes,157,S18_1662,Mini Creations Ltd.,New Bedford,MA,USA,Medium,North America,2003-08-10,2003-08,109.89999999999999,1731.2000000000003,0.3298780487804879
10155,38,100.0,5,6531.44,10/6/2003 0:00,Shipped,4,10,2003,Planes,157,S18_1662,"Toys of Finland, Co.",Helsinki,,Finland,Medium,EMEA,2003-10-06,2003-10,109.89999999999999,2355.24,0.3606004188969048
10167,43,100.0,1,5763.72,10/23/2003 0:00,Cancelled,4,10,2003,Planes,157,S18_1662,Scandinavian Gift Ideas,Boras,,Sweden,Medium,EMEA,2003-10-23,2003-10,109.89999999999999,1038.0200000000004,0.1800954938824232
10178,42,100.0,4,6490.68,11/8/2003 0:00,Shipped,4,11,2003,Planes,157,S18_1662,Alpha Cognac,Toulouse,,France,Medium,EMEA,2003-11-08,2003-11,109.89999999999999,1874.880000000001,0.28885725378542787
10186,32,100.0,1,6004.8,11/14/2003 0:00,Shipped,4,11,2003,Planes,157,S18_1662,"Double Decker Gift Stores, Ltd",London,,UK,Medium,EMEA,2003-11-14,2003-11,109.89999999999999,2488.0000000000005,0.41433519850786044
10198,42,100.0,4,7483.98,11/27/2003 0:00,Shipped,4,11,2003,Planes,157,S18_1662,Cruz & Sons Co.,Makati City,,Philippines,Large,Japan,2003-11-27,2003-11,109.89999999999999,2868.1800000000003,0.3832426062068579
10210,31,100.0,17,5719.5,1/12/2004 0:00,Shipped,1,1,2004,Planes,157,S18_1662,Osaka Souveniers Co.,Osaka,Osaka,Japan,Medium,Japan,2004-01-12,2004-01,109.89999999999999,2312.6000000000004,0.40433604336043366
10222,49,100.0,4,6954.08,2/19/2004 0:00,Shipped,1,2,2004,Planes,157,S18_1662,Collectable Mini Designs Co.,San Diego,CA,USA,Medium,North America,2004-02-19,2004-02,109.89999999999999,1568.9800000000005,0.225620067643743
10250,45,100.0,14,8160.3,5/11/2004 0:00,Shipped,2,5,2004,Planes,157,S18_1662,The Sharp Gifts Warehouse,San Jose,CA,USA,Large,North America,2004-05-11,2004-05,109.89999999999999,3214.8,0.3939561045549796
10262,49,100.0,9,6567.96,6/24/2004 0:00,Cancelled,2,6,2004,Planes,157,S18_1662,Euro Shopping Channel,Madrid,,Spain,Medium,EMEA,2004-06-24,2004-06,109.89999999999999,1182.8600000000006,0.18009549388242324
10274,41,100.0,1,6724.0,7/21/2004 0:00,Shipped,3,7,2004,Planes,157,S18_1662,Collectables For Less Inc.,Brickhaven,MA,USA,Medium,North America,2004-07-21,2004-07,109.89999999999999,2218.1000000000004,0.3298780487804879
10284,45,100.0,11,5747.85,8/21/2004 0:00,Shipped,3,8,2004,Planes,157,S18_1662,"Norway Gifts By Mail, Co.",Oslo,,Norway,Medium,EMEA,2004-08-21,2004-08,109.89999999999999,802.3500000000004,0.13959132545212563
10296,36,100.0,7,5676.84,9/15/2004 0:00,Shipped,3,9,2004,Planes,157,S18_1662,"Bavarian Collectables Imports, Co.",Munich,,Germany,Medium,EMEA,2004-09-15,2004-09,109.89999999999999,1720.4400000000005,0.3030629716532438
10307,39,100.0,1,7379.97,10/14/2004 0:00,Shipped,4,10,2004,Planes,157,S18_1662,"Classic Gift Ideas, Inc",Philadelphia,PA,USA,Large,North America,2004-10-14,2004-10,109.89999999999999,3093.870000000001,0.41922528140358306
10316,27,100.0,9,3704.13,11/1/2004 0:00,Shipped,4,11,2004,Planes,157,S18_1662,giftsbymail.co.uk,Cowes,Isle of Wight,UK,Medium,EMEA,2004-11-01,2004-11,109.89999999999999,736.8300000000004,0.1989212041694002
10327,25,100.0,6,2804.75,11/10/2004 0:00,Resolved,4,11,2004,Planes,157,S18_1662,Danish Wholesale Imports,Kobenhavn,,Denmark,Small,EMEA,2004-11-10,2004-11,109.89999999999999,57.25,0.020411801408325162
10338,41,100.0,1,5624.79,11/22/2004 0:00,Shipped,4,11,2004,Planes,157,S18_1662,Royale Belge,Charleroi,,Belgium,Medium,EMEA,2004-11-22,2004-11,109.89999999999999,1118.8900000000003,0.19892120416940015
10351,39,99.52,1,3881.28,12/3/2004 0:00,Shipped,4,12,2004,Planes,157,S18_1662,"Stylish Desk Decors, Co.",London,,UK,Medium,EMEA,2004-12-03,2004-12,109.89999999999999,-404.81999999999925,-0.10430064308681652
10373,28,57.55,4,1611.4,1/31/2005 0:00,Shipped,1,1,2005,Planes,157,S18_1662,"Oulu Toy Supplies, Inc.",Oulu,,Finland,Small,EMEA,2005-01-31,2005-01,109.89999999999999,-1465.7999999999997,-0.9096437880104254
10386,25,54.57,7,1364.25,3/1/2005 0:00,Resolved,1,3,2005,Planes,157,S18_1662,Euro Shopping Channel,Madrid,,Spain,Small,EMEA,2005-03-01,2005-03,109.89999999999999,-1383.25,-1.0139270661535642
10398,33,100.0,11,4215.09,3/30/2005 0:00,Shipped,1,3,2005,Planes,157,S18_1662,Reims Collectables,Reims,,France,Medium,EMEA,2005-03-30,2005-03,109.89999999999999,588.3900000000003,0.13959132545212566
10400,34,100.0,1,6433.82,4/1/2005 0:00,Shipped,2,4,2005,Planes,157,S18_1662,The Sharp Gifts Warehouse,San Jose,CA,USA,Medium,North America,2005-04-01,2005-04,109.89999999999999,2697.22,0.41922528140358295
10416,24,100.0,14,4352.16,5/10/2005 0:00,Shipped,2,5,2005,Planes,157,S18_1662,L'ordine Souveniers,Reggio Emilia,,Italy,Medium,EMEA,2005-05-10,2005-05,109.89999999999999,1714.56,0.3939561045549796
10100,30,100.0,3,5151.0,1/6/2003 0:00,Shipped,1,1,2003,Vintage Cars,170,S18_1749,Online Diecast Creations Co.,Nashua,NH,USA,Medium,North America,2003-01-06,2003-01,118.99999999999999,1581.0000000000005,0.30693069306930704
10110,42,100.0,7,6069.0,3/18/2003 0:00,Shipped,1,3,2003,Vintage Cars,170,S18_1749,"AV Stores, Co.",Manchester,,UK,Medium,EMEA,2003-03-18,2003-03,118.99999999999999,1071.000000000001,0.17647058823529427
10124,21,100.0,6,2856.0,5/21/2003 0:00,Shipped,2,5,2003,Vintage Cars,170,S18_1749,Signal Gift Stores,Las Vegas,NV,USA,Small,North America,2003-05-21,2003-05,118.99999999999999,357.00000000000045,0.12500000000000017
10149,34,100.0,11,5375.4,9/12/2003 0:00,Shipped,3,9,2003,Vintage Cars,170,S18_1749,Signal Collectibles Ltd.,Brisbane,CA,USA,Medium,North America,2003-09-12,2003-09,118.99999999999999,1329.4,0.24731182795698928
10162,29,100.0,9,5176.5,10/18/2003 0:00,Shipped,4,10,2003,Vintage Cars,170,S18_1749,Corporate Gift Ideas Co.,San Francisco,CA,USA,Medium,North America,2003-10-18,2003-10,118.99999999999999,1725.5000000000005,0.3333333333333334
10173,24,100.0,13,3508.8,11/5/2003 0:00,Shipped,4,11,2003,Vintage Cars,170,S18_1749,Rovelli Gifts,Bergamo,,Italy,Medium,EMEA,2003-11-05,2003-11,118.99999999999999,652.8000000000006,0.18604651162790714
10182,44,100.0,10,7554.8,11/12/2003 0:00,Shipped,4,11,2003,Vintage Cars,170,S18_1749,Mini Gifts Distributors Ltd.,San Rafael,CA,USA,Large,North America,2003-11-12,2003-11,118.99999999999999,2318.800000000001,0.3069306930693071
10193,21,100.0,14,3141.6,11/21/2003 0:00,Shipped,4,11,2003,Vintage Cars,170,S18_1749,"Australian Collectables, Ltd",Glen Waverly,Victoria,Australia,Medium,APAC,2003-11-21,2003-11,118.99999999999999,642.6000000000004,0.20454545454545467
10204,33,100.0,4,5890.5,12/2/2003 0:00,Shipped,4,12,2003,Vintage Cars,170,S18_1749,Muscle Machine Inc,NYC,NY,USA,Medium,North America,2003-12-02,2003-12,118.99999999999999,1963.5000000000005,0.3333333333333334
10214,30,100.0,7,5967.0,1/26/2004 0:00,Shipped,1,1,2004,Vintage Cars,170,S18_1749,"Corrida Auto Replicas, Ltd",Madrid,,Spain,Medium,EMEA,2004-01-26,2004-01,118.99999999999999,2397.0000000000005,0.4017094017094018
10227,26,100.0,10,3712.8,3/2/2004 0:00,Shipped,1,3,2004,Vintage Cars,170,S18_1749,"Saveley & Henriot, Co.",Lyon,,France,Medium,EMEA,2004-03-02,2004-03,118.99999999999999,618.8000000000006,0.16666666666666682
10241,41,100.0,2,7597.3,4/13/2004 0:00,Shipped,2,4,2004,Vintage Cars,170,S18_1749,Mini Caravy,Strasbourg,,France,Large,EMEA,2004-04-13,2004-04,118.99999999999999,2718.300000000001,0.3577981651376148
10280,26,100.0,16,3668.6,8/17/2004 0:00,Shipped,3,8,2004,Vintage Cars,170,S18_1749,Amica Models & Co.,Torino,,Italy,Medium,EMEA,2004-08-17,2004-08,118.99999999999999,574.6000000000004,0.1566265060240965
10288,32,100.0,5,5875.2,9/1/2004 0:00,Shipped,3,9,2004,Vintage Cars,170,S18_1749,Handji Gifts& Co,Singapore,,Singapore,Medium,APAC,2004-09-01,2004-09,118.99999999999999,2067.2000000000003,0.3518518518518519
10302,43,100.0,1,7310.0,10/6/2003 0:00,Shipped,4,10,2003,Vintage Cars,170,S18_1749,"UK Collectables, Ltd.",Liverpool,,UK,Large,EMEA,2003-10-06,2003-10,118.99999999999999,2193.000000000001,0.3000000000000001
10312,48,100.0,17,8078.4,10/21/2004 0:00,Shipped,4,10,2004,Vintage Cars,170,S18_1749,Mini Gifts Distributors Ltd.,San Rafael,CA,USA,Large,North America,2004-10-21,2004-10,118.99999999999999,2366.4000000000005,0.292929292929293
10331,44,74.04,7,3257.76,11/17/2004 0:00,Shipped,4,11,2004,Vintage Cars,170,S18_1749,Motor Mint Distributors Inc.,Philadelphia,PA,USA,Medium,North America,2004-11-17,2004-11,118.99999999999999,-1978.2399999999989,-0.6072393300918418
10344,45,100.0,1,7650.0,11/25/2004 0:00,Shipped,4,11,2004,Vintage Cars,170,S18_1749,Marseille Mini Autos,Marseille,,France,Large,EMEA,2004-11-25,2004-11,118.99999999999999,2295.000000000001,0.3000000000000001
10367,37,100.0,3,4703.81,1/12/2005 0:00,Resolved,1,1,2005,Vintage Cars,170,S18_1749,Toys4GrownUps.com,Pasadena,CA,USA,Medium,North America,2005-01-12,2005-01,118.99999999999999,300.8100000000013,0.06395028710768531
10379,39,100.0,2,5399.55,2/10/2005 0:00,Shipped,1,2,2005,Vintage Cars,170,S18_1749,Euro Shopping Channel,Madrid,,Spain,Medium,EMEA,2005-02-10,2005-02,118.99999999999999,758.5500000000011,0.14048392921632377
10407,76,100.0,2,14082.8,4/22/2005 0:00,On Hold,2,4,2005,Vintage Cars,170,S18_1749,The Sharp Gifts Warehouse,San Jose,CA,USA,Large,North America,2005-04-22,2005-04,118.99999999999999,5038.800000000001,0.35779816513761475
10420,37,100.0,5,5283.6,5/29/2005 0:00,In Process,2,5,2005,Vintage Cars,170,S18_1749,Souveniers And Things Co.,Chatswood,NSW,Australia,Medium,APAC,2005-05-29,2005-05,118.99999999999999,880.6000000000013,0.1666666666666669
10108,38,82.39,2,3130.82,3/3/2003 0:00,Shipped,1,3,2003,Classic Cars,77,S18_1889,Cruz & Sons Co.,Makati City,,Philippines,Medium,Japan,2003-03-03,2003-03,53.9,1082.6200000000003,0.3457943925233646
10122,43,72.38,6,3112.34,5/8/2003 0:00,Shipped,2,5,2003,Classic Cars,77,S18_1889,Marseille Mini Autos,Marseille,,France,Medium,EMEA,2003-05-08,2003-05,53.9,794.6400000000003,0.2553191489361703
10135,48,79.31,3,3806.88,7/2/2003 0:00,Shipped,3,7,2003,Classic Cars,77,S18_1889,Mini Gifts Distributors Ltd.,San Rafael,CA,USA,Medium,North America,2003-07-02,2003-07,53.9,1219.6800000000003,0.3203883495145632
10147,26,82.39,3,2142.14,9/5/2003 0:00,Shipped,3,9,2003,Classic Cars,77,S18_1889,Collectables For Less Inc.,Brickhaven,MA,USA,Small,North America,2003-09-05,2003-09,53.9,740.74,0.3457943925233645
10160,38,88.55,4,3364.9,10/11/2003 0:00,Shipped,4,10,2003,Classic Cars,77,S18_1889,"Men 'R' US Retailers, Ltd.",Los Angeles,CA,USA,Medium,North America,2003-10-11,2003-10,53.9,1316.7000000000003,0.39130434782608703
10170,20,63.14,2,1262.8,11/4/2003 0:00,Shipped,4,11,2003,Classic Cars,77,S18_1889,Mini Auto Werke,Graz,,Austria,Small,EMEA,2003-11-04,2003-11,53.9,184.79999999999995,0.1463414634146341
10181,22,73.92,10,1626.24,11/12/2003 0:00,Shipped,4,11,2003,Classic Cars,77,S18_1889,Herkku Gifts,Bergen,,Norway,Small,EMEA,2003-11-12,2003-11,53.9,440.44000000000005,0.27083333333333337
10192,45,90.86,15,4088.7,11/20/2003 0:00,Shipped,4,11,2003,Classic Cars,77,S18_1889,Online Diecast Creations Co.,Nashua,NH,USA,Medium,North America,2003-11-20,2003-11,53.9,1663.1999999999998,0.4067796610169491
10203,45,85.47,4,3846.15,12/2/2003 0:00,Shipped,4,12,2003,Classic Cars,77,S18_1889,Euro Shopping Channel,Madrid,,Spain,Medium,EMEA,2003-12-02,2003-12,53.9,1420.65,0.36936936936936937
10212,20,66.99,14,1339.8,1/16/2004 0:00,Shipped,1,1,2004,Classic Cars,77,S18_1889,Euro Shopping Channel,Madrid,,Spain,Small,EMEA,2004-01-16,2004-01,53.9,261.79999999999995,0.1954022988505747
10225,47,64.68,5,3039.96,2/22/2004 0:00,Shipped,1,2,2004,Classic Cars,77,S18_1889,"Vida Sport, Ltd",Gensve,,Switzerland,Medium,EMEA,2004-02-22,2004-02,53.9,506.6600000000003,0.16666666666666677
10239,46,73.92,4,3400.32,4/12/2004 0:00,Shipped,2,4,2004,Classic Cars,77,S18_1889,"Oulu Toy Supplies, Inc.",Oulu,,Finland,Medium,EMEA,2004-04-12,2004-04,53.9,920.9200000000001,0.2708333333333333
10253,23,83.93,9,1930.39,6/1/2004 0:00,Cancelled,2,6,2004,Classic Cars,77,S18_1889,"UK Collectables, Ltd.",Liverpool,,UK,Small,EMEA,2004-06-01,2004-06,53.9,690.69,0.3577981651376147
10266,33,74.69,10,2464.77,7/6/2004 0:00,Shipped,3,7,2004,Classic Cars,77,S18_1889,L'ordine Souveniers,Reggio Emilia,,Italy,Small,EMEA,2004-07-06,2004-07,53.9,686.0699999999999,0.2783505154639175
10278,29,90.86,10,2634.94,8/6/2004 0:00,Shipped,3,8,2004,Classic Cars,77,S18_1889,Signal Gift Stores,Las Vegas,NV,USA,Small,North America,2004-08-06,2004-08,53.9,1071.8400000000001,0.4067796610169492
10287,44,82.39,8,3625.16,8/30/2004 0:00,Shipped,3,8,2004,Classic Cars,77,S18_1889,"Vida Sport, Ltd",Gensve,,Switzerland,Medium,EMEA,2004-08-30,2004-08,53.9,1253.56,0.34579439252336447
10300,41,92.4,1,3788.4,10/4/2003 0:00,Shipped,4,10,2003,Classic Cars,77,S18_1889,"Blauer See Auto, Co.",Frankfurt,,Germany,Medium,EMEA,2003-10-04,2003-10,53.9,1578.5,0.41666666666666663
10310,20,91.63,6,1832.6,10/16/2004 0:00,Shipped,4,10,2004,Classic Cars,77,S18_1889,"Toms Spezialitten, Ltd",Koln,,Germany,Small,EMEA,2004-10-16,2004-10,53.9,754.5999999999999,0.4117647058823529
10321,37,78.54,14,2905.98,11/4/2004 0:00,Shipped,4,11,2004,Classic Cars,77,S18_1889,FunGiftIdeas.com,New Bedford,MA,USA,Small,North America,2004-11-04,2004-11,53.9,911.6800000000001,0.3137254901960784
10329,29,100.0,9,2954.81,11/15/2004 0:00,Shipped,4,11,2004,Classic Cars,77,S18_1889,Land of Toys Inc.,NYC,NY,USA,Small,North America,2004-11-15,2004-11,53.9,1391.71,0.4709981352438905
10342,55,65.45,1,3599.75,11/24/2004 0:00,Shipped,4,11,2004,Classic Cars,77,S18_1889,"Australian Collectors, Co.",Melbourne,Victoria,Australia,Medium,APAC,2004-11-24,2004-11,53.9,635.25,0.17647058823529413
10363,22,100.0,7,3686.54,1/6/2005 0:00,Shipped,1,1,2005,Classic Cars,77,S18_1889,Suominen Souveniers,Espoo,,Finland,Medium,EMEA,2005-01-06,2005-01,53.9,2500.74,0.6783433788864355
10377,31,67.76,4,2100.56,2/9/2005 0:00,Shipped,1,2,2005,Classic Cars,77,S18_1889,"Toys of Finland, Co.",Helsinki,,Finland,Small,EMEA,2005-02-09,2005-02,53.9,429.6600000000001,0.20454545454545459
10389,49,79.22,3,3881.78,3/3/2005 0:00,Shipped,1,3,2005,Classic Cars,77,S18_1889,Scandinavian Gift Ideas,Boras,,Sweden,Medium,EMEA,2005-03-03,2005-03,53.9,1240.6800000000003,0.3196162585205757
10405,61,73.92,4,4509.12,4/14/2005 0:00,Shipped,2,4,2005,Classic Cars,77,S18_1889,Mini Caravy,Strasbourg,,France,Medium,EMEA,2005-04-14,2005-04,53.9,1221.2199999999998,0.2708333333333333
10419,39,83.93,9,3273.27,5/17/2005 0:00,Shipped,2,5,2005,Classic Cars,77,S18_1889,Salzburg Collectables,Salzburg,,Austria,Medium,EMEA,2005-05-17,2005-05,53.9,1171.17,0.3577981651376147
10109,38,100.0,3,4432.7,3/10/2003 0:00,Shipped,1,3,2003,Classic Cars,142,S18_1984,Motor Mint Distributors Inc.,Philadelphia,PA,USA,Medium,North America,2003-03-10,2003-03,99.39999999999999,655.5,0.1478782683240463
10122,31,100.0,1,4100.99,5/8/2003 0:00,Shipped,2,5,2003,Classic Cars,142,S18_1984,Marseille Mini Autos,Marseille,,France,Medium,EMEA,2003-05-08,2003-05,99.39999999999999,1019.5900000000001,0.2486204550608512
10136,36,100.0,1,5274.72,7/4/2003 0:00,Shipped,3,7,2003,Classic Cars,142,S18_1984,Alpha Cognac,Toulouse,,France,Medium,EMEA,2003-07-04,2003-07,99.39999999999999,1696.3200000000006,0.3215943215943217
10148,25,100.0,12,4232.0,9/11/2003 0:00,Shipped,3,9,2003,Classic Cars,142,S18_1984,"Anna's Decorations, Ltd",North Sydney,NSW,Australia,Medium,APAC,2003-09-11,2003-09,99.39999999999999,1747.0,0.4128071833648393
10161,48,100.0,11,6145.44,10/17/2003 0:00,Shipped,4,10,2003,Classic Cars,142,S18_1984,Heintze Collectables,Aaarhus,,Denmark,Medium,EMEA,2003-10-17,2003-10,99.39999999999999,1374.2399999999998,0.2236194641880809
10171,35,100.0,1,4680.2,11/5/2003 0:00,Shipped,4,11,2003,Classic Cars,142,S18_1984,Quebec Home Shopping Network,Montreal,Quebec,Canada,Medium,North America,2003-11-05,2003-11,99.39999999999999,1201.2000000000003,0.25665569847442427
10181,21,100.0,5,3286.08,11/12/2003 0:00,Shipped,4,11,2003,Classic Cars,142,S18_1984,Herkku Gifts,Bergen,,Norway,Medium,EMEA,2003-11-12,2003-11,99.39999999999999,1198.6800000000003,0.36477505112474445
10192,47,100.0,10,7421.3,11/20/2003 0:00,Shipped,4,11,2003,Classic Cars,142,S18_1984,Online Diecast Creations Co.,Nashua,NH,USA,Large,North America,2003-11-20,2003-11,99.39999999999999,2749.500000000001,0.37048765041165305
10204,38,100.0,16,6432.64,12/2/2003 0:00,Shipped,4,12,2003,Classic Cars,142,S18_1984,Muscle Machine Inc,NYC,NY,USA,Medium,North America,2003-12-02,2003-12,99.39999999999999,2655.4400000000005,0.4128071833648394
10212,41,100.0,9,4840.87,1/16/2004 0:00,Shipped,1,1,2004,Classic Cars,142,S18_1984,Euro Shopping Channel,Madrid,,Spain,Medium,EMEA,2004-01-16,2004-01,99.39999999999999,765.4700000000003,0.15812653510629293
10226,24,100.0,7,3892.08,2/26/2004 0:00,Shipped,1,2,2004,Classic Cars,142,S18_1984,Collectable Mini Designs Co.,San Diego,CA,USA,Medium,North America,2004-02-26,2004-02,99.39999999999999,1506.48,0.3870629586236665
10240,37,100.0,2,5526.32,4/13/2004 0:00,Shipped,2,4,2004,Classic Cars,142,S18_1984,Osaka Souveniers Co.,Osaka,Osaka,Japan,Medium,Japan,2004-04-13,2004-04,99.39999999999999,1848.52,0.33449384038564545
10253,33,100.0,4,4459.62,6/1/2004 0:00,Cancelled,2,6,2004,Classic Cars,142,S18_1984,"UK Collectables, Ltd.",Liverpool,,UK,Medium,EMEA,2004-06-01,2004-06,99.39999999999999,1179.42,0.2644664792067486
10266,49,100.0,5,6203.4,7/6/2004 0:00,Shipped,3,7,2004,Classic Cars,142,S18_1984,L'ordine Souveniers,Reggio Emilia,,Italy,Medium,EMEA,2004-07-06,2004-07,99.39999999999999,1332.8000000000002,0.2148499210110585
10278,29,100.0,5,3754.05,8/6/2004 0:00,Shipped,3,8,2004,Classic Cars,142,S18_1984,Signal Gift Stores,Las Vegas,NV,USA,Medium,North America,2004-08-06,2004-08,99.39999999999999,871.4500000000003,0.23213595983005028
10287,24,100.0,3,3516.48,8/30/2004 0:00,Shipped,3,8,2004,Classic Cars,142,S18_1984,"Vida Sport, Ltd",Gensve,,Switzerland,Medium,EMEA,2004-08-30,2004-08,99.39999999999999,1130.88,0.3215943215943216
10301,47,100.0,7,7488.04,10/5/2003 0:00,Shipped,4,10,2003,Classic Cars,142,S18_1984,"Norway Gifts By Mail, Co.",Oslo,,Norway,Large,EMEA,2003-10-05,2003-10,99.39999999999999,2816.2400000000007,0.37609841827768026
10310,24,100.0,1,3448.08,10/16/2004 0:00,Shipped,4,10,2004,Classic Cars,142,S18_1984,"Toms Spezialitten, Ltd",Koln,,Germany,Medium,EMEA,2004-10-16,2004-10,99.39999999999999,1062.48,0.308136702164683
10321,25,100.0,9,3734.0,11/4/2004 0:00,Shipped,4,11,2004,Classic Cars,142,S18_1984,FunGiftIdeas.com,New Bedford,MA,USA,Medium,North America,2004-11-04,2004-11,99.39999999999999,1249.0,0.33449384038564545
10331,30,32.47,8,974.1,11/17/2004 0:00,Shipped,4,11,2004,Classic Cars,142,S18_1984,Motor Mint Distributors Inc.,Philadelphia,PA,USA,Small,North America,2004-11-17,2004-11,99.39999999999999,-2007.8999999999996,-2.0612873421619953
10342,22,100.0,3,3160.74,11/24/2004 0:00,Shipped,4,11,2004,Classic Cars,142,S18_1984,"Australian Collectors, Co.",Melbourne,Victoria,Australia,Medium,APAC,2004-11-24,2004-11,99.39999999999999,973.94,0.308136702164683
10356,27,64.69,2,1746.63,12/9/2004 0:00,Shipped,4,12,2004,Classic Cars,142,S18_1984,Lyon Souveniers,Paris,,France,Small,EMEA,2004-12-09,2004-12,99.39999999999999,-937.1699999999996,-0.5365589735662387
10366,34,100.0,3,4207.84,1/10/2005 0:00,Shipped,1,1,2005,Classic Cars,142,S18_1984,Royale Belge,Charleroi,,Belgium,Medium,EMEA,2005-01-10,2005-01,99.39999999999999,828.2400000000002,0.1968325791855204
10377,36,100.0,6,4352.76,2/9/2005 0:00,Shipped,1,2,2005,Classic Cars,142,S18_1984,"Toys of Finland, Co.",Helsinki,,Finland,Medium,EMEA,2005-02-09,2005-02,99.39999999999999,774.3600000000006,0.17790091803821037
10390,34,43.05,15,1463.7,3/4/2005 0:00,Shipped,1,3,2005,Classic Cars,142,S18_1984,Mini Gifts Distributors Ltd.,San Rafael,CA,USA,Small,North America,2005-03-04,2005-03,99.39999999999999,-1915.8999999999999,-1.3089430894308942
10406,48,100.0,2,7169.28,4/15/2005 0:00,Disputed,2,4,2005,Classic Cars,142,S18_1984,Danish Wholesale Imports,Kobenhavn,,Denmark,Large,EMEA,2005-04-15,2005-04,99.39999999999999,2398.08,0.33449384038564545
10419,34,100.0,4,4594.76,5/17/2005 0:00,Shipped,2,5,2005,Classic Cars,142,S18_1984,Salzburg Collectables,Salzburg,,Austria,Medium,EMEA,2005-05-17,2005-05,99.39999999999999,1215.1600000000003,0.2644664792067486
10104,24,100.0,8,3457.92,1/31/2003 0:00,Shipped,1,1,2003,Classic Cars,163,S18_2238,Euro Shopping Channel,Madrid,,Spain,Medium,EMEA,2003-01-31,2003-01,114.1,719.5200000000004,0.20807884508606342
10115,46,100.0,4,7381.16,4/4/2003 0:00,Shipped,2,4,2003,Classic Cars,163,S18_2238,Classic Legends Inc.,NYC,NY,USA,Large,North America,2003-04-04,2003-04,114.1,2132.5600000000004,0.288919356849059
10127,45,100.0,10,7146.9,6/3/2003 0:00,Shipped,2,6,2003,Classic Cars,163,S18_2238,Muscle Machine Inc,NYC,NY,USA,Large,North America,2003-06-03,2003-06,114.1,2012.3999999999996,0.28157662762876207
10141,39,100.0,4,5938.53,8/1/2003 0:00,Shipped,3,8,2003,Classic Cars,163,S18_2238,Suominen Souveniers,Espoo,,Finland,Medium,EMEA,2003-08-01,2003-08,114.1,1488.63,0.2506731463847114
10151,43,100.0,2,7110.91,9/21/2003 0:00,Shipped,3,9,2003,Classic Cars,163,S18_2238,"Oulu Toy Supplies, Inc.",Oulu,,Finland,Large,EMEA,2003-09-21,2003-09,114.1,2204.6099999999997,0.31003204934389544
10165,29,100.0,11,5032.95,10/22/2003 0:00,Shipped,4,10,2003,Classic Cars,163,S18_2238,"Dragon Souveniers, Ltd.",Singapore,,Singapore,Medium,Japan,2003-10-22,2003-10,114.1,1724.0500000000002,0.3425525785076347
10176,20,100.0,10,3667.6,11/6/2003 0:00,Shipped,4,11,2003,Classic Cars,163,S18_2238,L'ordine Souveniers,Reggio Emilia,,Italy,Medium,EMEA,2003-11-06,2003-11,114.1,1385.6,0.37779474315628747
10184,46,100.0,5,7381.16,11/14/2003 0:00,Shipped,4,11,2003,Classic Cars,163,S18_2238,"Iberia Gift Imports, Corp.",Sevilla,,Spain,Large,EMEA,2003-11-14,2003-11,114.1,2132.5600000000004,0.288919356849059
10195,27,100.0,5,5128.11,11/25/2003 0:00,Shipped,4,11,2003,Classic Cars,163,S18_2238,Mini Classics,White Plains,NY,USA,Medium,North America,2003-11-25,2003-11,114.1,2047.4099999999999,0.39925235613120624
10207,44,100.0,6,7060.24,12/9/2003 0:00,Shipped,4,12,2003,Classic Cars,163,S18_2238,Diecast Collectables,Boston,MA,USA,Large,North America,2003-12-09,2003-12,114.1,2039.8400000000001,0.288919356849059
10219,43,100.0,1,8448.64,2/10/2004 0:00,Shipped,1,2,2004,Classic Cars,163,S18_2238,Signal Collectibles Ltd.,Brisbane,CA,USA,Large,North America,2004-02-10,2004-02,114.1,3542.3399999999992,0.419279315960912
10230,49,100.0,8,7300.51,3/15/2004 0:00,Shipped,1,3,2004,Classic Cars,163,S18_2238,"Blauer See Auto, Co.",Frankfurt,,Germany,Large,EMEA,2004-03-15,2004-03,114.1,1709.6100000000006,0.23417679038861675
10246,40,100.0,4,6549.2,5/5/2004 0:00,Shipped,2,5,2004,Classic Cars,163,S18_2238,Euro Shopping Channel,Madrid,,Spain,Medium,EMEA,2004-05-05,2004-05,114.1,1985.1999999999998,0.3031209918768704
10259,30,100.0,3,5697.9,6/15/2004 0:00,Shipped,2,6,2004,Classic Cars,163,S18_2238,Handji Gifts& Co,Singapore,,Singapore,Medium,APAC,2004-06-15,2004-06,114.1,2274.8999999999996,0.3992523561312062
10271,50,100.0,4,9169.0,7/20/2004 0:00,Shipped,3,7,2004,Classic Cars,163,S18_2238,Mini Gifts Distributors Ltd.,San Rafael,CA,USA,Large,North America,2004-07-20,2004-07,114.1,3464.0,0.37779474315628747
10282,23,100.0,13,3238.63,8/20/2004 0:00,Shipped,3,8,2004,Classic Cars,163,S18_2238,Mini Gifts Distributors Ltd.,San Rafael,CA,USA,Medium,North America,2004-08-20,2004-08,114.1,614.3300000000004,0.1896882323698602
10292,26,100.0,7,4554.94,9/8/2004 0:00,Shipped,3,9,2004,Classic Cars,163,S18_2238,Land of Toys Inc.,NYC,NY,USA,Medium,North America,2004-09-08,2004-09,114.1,1588.3399999999997,0.34870711798618637
10305,27,100.0,4,3934.44,10/13/2004 0:00,Shipped,4,10,2004,Classic Cars,163,S18_2238,Marta's Replicas Co.,Cambridge,MA,USA,Medium,North America,2004-10-13,2004-10,114.1,853.7400000000002,0.2169914905297832
10314,42,100.0,13,5776.26,10/22/2004 0:00,Shipped,4,10,2004,Classic Cars,163,S18_2238,Heintze Collectables,Aaarhus,,Denmark,Medium,EMEA,2004-10-22,2004-10,114.1,984.0600000000004,0.17036282992801577
10324,47,100.0,8,7207.45,11/5/2004 0:00,Shipped,4,11,2004,Classic Cars,163,S18_2238,Vitachrome Inc.,NYC,NY,USA,Large,North America,2004-11-05,2004-11,114.1,1844.75,0.2559504401695468
10336,49,100.0,6,7460.74,11/20/2004 0:00,Shipped,4,11,2004,Classic Cars,163,S18_2238,"La Corne D'abondance, Co.",Paris,,France,Large,EMEA,2004-11-20,2004-11,114.1,1869.8400000000001,0.25062393274661765
10349,38,100.0,8,6719.54,12/1/2004 0:00,Shipped,4,12,2004,Classic Cars,163,S18_2238,Muscle Machine Inc,NYC,NY,USA,Medium,North America,2004-12-01,2004-12,114.1,2383.74,0.35474749759656166
10358,20,100.0,10,2428.0,12/10/2004 0:00,Shipped,4,12,2004,Classic Cars,163,S18_2238,Euro Shopping Channel,Madrid,,Spain,Small,EMEA,2004-12-10,2004-12,114.1,146.0,0.06013179571663921
10371,25,100.0,7,2602.25,1/23/2005 0:00,Shipped,1,1,2005,Classic Cars,163,S18_2238,Mini Gifts Distributors Ltd.,San Rafael,CA,USA,Small,North America,2005-01-23,2005-01,114.1,-250.25,-0.09616677874915938
10382,25,88.0,5,2200.0,2/17/2005 0:00,Shipped,1,2,2005,Classic Cars,163,S18_2238,Mini Gifts Distributors Ltd.,San Rafael,CA,USA,Small,North America,2005-02-17,2005-02,114.1,-652.5,-0.29659090909090907
10412,41,100.0,4,6712.93,5/3/2005 0:00,Shipped,2,5,2005,Classic Cars,163,S18_2238,Euro Shopping Channel,Madrid,,Spain,Medium,EMEA,2005-05-03,2005-05,114.1,2034.8300000000008,0.3031209918768706
10425,28,100.0,3,5318.04,5/31/2005 0:00,In Process,2,5,2005,Classic Cars,163,S18_2238,La Rochelle Gifts,Nantes,,France,Medium,EMEA,2005-05-31,2005-05,114.1,2123.2400000000002,0.3992523561312063
10100,50,67.8,2,3390.0,1/6/2003 0:00,Shipped,1,1,2003,Vintage Cars,60,S18_2248,Online Diecast Creations Co.,Nashua,NH,USA,Medium,North America,2003-01-06,2003-01,42.0,1290.0,0.3805309734513274
10110,32,50.25,6,1608.0,3/18/2003 0:00,Shipped,1,3,2003,Vintage Cars,60,S18_2248,"AV Stores, Co.",Manchester,,UK,Small,EMEA,2003-03-18,2003-03,42.0,264.0,0.16417910447761194
10124,42,53.88,5,2262.96,5/21/2003 0:00,Shipped,2,5,2003,Vintage Cars,60,S18_2248,Signal Gift Stores,Las Vegas,NV,USA,Small,North America,2003-05-21,2003-05,42.0,498.96000000000004,0.2204899777282851
10149,24,62.36,10,1496.64,9/12/2003 0:00,Shipped,3,9,2003,Vintage Cars,60,S18_2248,Signal Collectibles Ltd.,Brisbane,CA,USA,Small,North America,2003-09-12,2003-09,42.0,488.6400000000001,0.32649134060295065
10162,27,69.62,8,1879.74,10/18/2003 0:00,Shipped,4,10,2003,Vintage Cars,60,S18_2248,Corporate Gift Ideas Co.,San Francisco,CA,USA,Small,North America,2003-10-18,2003-10,42.0,745.74,0.39672507900028725
10173,26,57.51,12,1495.26,11/5/2003 0:00,Shipped,4,11,2003,Vintage Cars,60,S18_2248,Rovelli Gifts,Bergamo,,Italy,Small,EMEA,2003-11-05,2003-11,42.0,403.26,0.2696922274387063
10182,38,61.15,9,2323.7,11/12/2003 0:00,Shipped,4,11,2003,Vintage Cars,60,S18_2248,Mini Gifts Distributors Ltd.,San Rafael,CA,USA,Small,North America,2003-11-12,2003-11,42.0,727.6999999999998,0.31316434995911685
10193,42,59.33,13,2491.86,11/21/2003 0:00,Shipped,4,11,2003,Vintage Cars,60,S18_2248,"Australian Collectables, Ltd",Glen Waverly,Victoria,Australia,Small,APAC,2003-11-21,2003-11,42.0,727.8600000000001,0.2920950615203102
10204,23,71.44,3,1643.12,12/2/2003 0:00,Shipped,4,12,2003,Vintage Cars,60,S18_2248,Muscle Machine Inc,NYC,NY,USA,Small,North America,2003-12-02,2003-12,42.0,677.1199999999999,0.41209406494960804
10214,21,62.96,6,1322.16,1/26/2004 0:00,Shipped,1,1,2004,Vintage Cars,60,S18_2248,"Corrida Auto Replicas, Ltd",Madrid,,Spain,Small,EMEA,2004-01-26,2004-01,42.0,440.1600000000001,0.33290978398983484
10227,28,50.85,9,1423.8,3/2/2004 0:00,Shipped,1,3,2004,Vintage Cars,60,S18_2248,"Saveley & Henriot, Co.",Lyon,,France,Small,EMEA,2004-03-02,2004-03,42.0,247.79999999999995,0.17404129793510323
10241,33,72.65,1,2397.45,4/13/2004 0:00,Shipped,2,4,2004,Vintage Cars,60,S18_2248,Mini Caravy,Strasbourg,,France,Small,EMEA,2004-04-13,2004-04,42.0,1011.4499999999998,0.421885753613214
10280,25,62.96,15,1574.0,8/17/2004 0:00,Shipped,3,8,2004,Vintage Cars,60,S18_2248,Amica Models & Co.,Torino,,Italy,Small,EMEA,2004-08-17,2004-08,42.0,524.0,0.33290978398983484
10288,28,61.75,4,1729.0,9/1/2004 0:00,Shipped,3,9,2004,Vintage Cars,60,S18_2248,Handji Gifts& Co,Singapore,,Singapore,Small,APAC,2004-09-01,2004-09,42.0,553.0,0.31983805668016196
10303,46,49.04,2,2255.84,10/6/2004 0:00,Shipped,4,10,2004,Vintage Cars,60,S18_2248,"Iberia Gift Imports, Corp.",Sevilla,,Spain,Small,EMEA,2004-10-06,2004-10,42.0,323.84000000000015,0.14355628058727574
10312,30,61.15,16,1834.5,10/21/2004 0:00,Shipped,4,10,2004,Vintage Cars,60,S18_2248,Mini Gifts Distributors Ltd.,San Rafael,CA,USA,Small,North America,2004-10-21,2004-10,42.0,574.5,0.3131643499591169
10332,38,84.25,9,3201.5,11/17/2004 0:00,Shipped,4,11,2004,Vintage Cars,60,S18_2248,"AV Stores, Co.",Manchester,,UK,Medium,EMEA,2004-11-17,2004-11,42.0,1605.5,0.5014836795252225
10344,40,56.91,2,2276.4,11/25/2004 0:00,Shipped,4,11,2004,Vintage Cars,60,S18_2248,Marseille Mini Autos,Marseille,,France,Small,EMEA,2004-11-25,2004-11,42.0,596.4000000000001,0.26199261992619927
10367,45,100.0,4,8884.8,1/12/2005 0:00,Resolved,1,1,2005,Vintage Cars,60,S18_2248,Toys4GrownUps.com,Pasadena,CA,USA,Large,North America,2005-01-12,2005-01,42.0,6994.799999999999,0.7872771474878444
10379,27,49.3,1,1331.1,2/10/2005 0:00,Shipped,1,2,2005,Vintage Cars,60,S18_2248,Euro Shopping Channel,Madrid,,Spain,Small,EMEA,2005-02-10,2005-02,42.0,197.0999999999999,0.14807302231237315
10407,42,72.65,1,3051.3,4/22/2005 0:00,On Hold,2,4,2005,Vintage Cars,60,S18_2248,The Sharp Gifts Warehouse,San Jose,CA,USA,Medium,North America,2005-04-22,2005-04,42.0,1287.3000000000002,0.42188575361321407
10420,36,63.57,4,2288.52,5/29/2005 0:00,In Process,2,5,2005,Vintage Cars,60,S18_2248,Souveniers And Things Co.,Chatswood,NSW,Australia,Small,APAC,2005-05-29,2005-05,42.0,776.52,0.33931099575271356
10104,29,100.0,12,3772.61,1/31/2003 0:00,Shipped,1,1,2003,Trucks and Buses,122,S18_2319,Euro Shopping Channel,Madrid,,Spain,Medium,EMEA,2003-01-31,2003-01,85.39999999999999,1296.0100000000002,0.3435314013375356
10114,39,100.0,3,4164.42,4/1/2003 0:00,Shipped,2,4,2003,Trucks and Buses,122,S18_2319,"La Corne D'abondance, Co.",Paris,,France,Medium,EMEA,2003-04-01,2003-04,85.39999999999999,833.8200000000006,0.20022476119123445
10127,45,100.0,14,6295.95,6/3/2003 0:00,Shipped,2,6,2003,Trucks and Buses,122,S18_2319,Muscle Machine Inc,NYC,NY,USA,Medium,North America,2003-06-03,2003-06,85.39999999999999,2452.9500000000003,0.38960760488885715
10141,47,100.0,8,6287.66,8/1/2003 0:00,Shipped,3,8,2003,Trucks and Buses,122,S18_2319,Suominen Souveniers,Espoo,,Finland,Medium,EMEA,2003-08-01,2003-08,85.39999999999999,2273.86,0.3616385109881896
10151,49,100.0,6,5412.54,9/21/2003 0:00,Shipped,3,9,2003,Trucks and Buses,122,S18_2319,"Oulu Toy Supplies, Inc.",Oulu,,Finland,Medium,EMEA,2003-09-21,2003-09,85.39999999999999,1227.9400000000005,0.22686945500633723
10165,46,100.0,15,5984.14,10/22/2003 0:00,Shipped,4,10,2003,Trucks and Buses,122,S18_2319,"Dragon Souveniers, Ltd.",Singapore,,Singapore,Medium,Japan,2003-10-22,2003-10,85.39999999999999,2055.7400000000007,0.3435314013375356
10175,48,100.0,4,5891.04,11/6/2003 0:00,Shipped,4,11,2003,Trucks and Buses,122,S18_2319,"Stylish Desk Decors, Co.",London,,UK,Medium,EMEA,2003-11-06,2003-11,85.39999999999999,1791.8400000000001,0.30416361117901086
10184,46,100.0,9,5984.14,11/14/2003 0:00,Shipped,4,11,2003,Trucks and Buses,122,S18_2319,"Iberia Gift Imports, Corp.",Sevilla,,Spain,Medium,EMEA,2003-11-14,2003-11,85.39999999999999,2055.7400000000007,0.3435314013375356
10195,35,100.0,9,3608.15,11/25/2003 0:00,Shipped,4,11,2003,Trucks and Buses,122,S18_2319,Mini Classics,White Plains,NY,USA,Medium,North America,2003-11-25,2003-11,85.39999999999999,619.1500000000005,0.17159763313609483
10207,43,100.0,10,5752.54,12/9/2003 0:00,Shipped,4,12,2003,Trucks and Buses,122,S18_2319,Diecast Collectables,Boston,MA,USA,Medium,North America,2003-12-09,2003-12,85.39999999999999,2080.34,0.3616385109881896
10229,26,100.0,4,3765.32,3/11/2004 0:00,Shipped,1,3,2004,Trucks and Buses,122,S18_2319,Mini Gifts Distributors Ltd.,San Rafael,CA,USA,Medium,North America,2004-03-11,2004-03,85.39999999999999,1544.9200000000005,0.41030244441375513
10246,22,98.18,8,2159.96,5/5/2004 0:00,Shipped,2,5,2004,Trucks and Buses,122,S18_2319,Euro Shopping Channel,Madrid,,Spain,Small,EMEA,2004-05-05,2004-05,85.39999999999999,281.1600000000003,0.13016907720513357
10259,34,99.41,7,3379.94,6/15/2004 0:00,Shipped,2,6,2004,Trucks and Buses,122,S18_2319,Handji Gifts& Co,Singapore,,Singapore,Medium,APAC,2004-06-15,2004-06,85.39999999999999,476.34000000000015,0.14093149582536973
10271,50,100.0,8,5093.5,7/20/2004 0:00,Shipped,3,7,2004,Trucks and Buses,122,S18_2319,Mini Gifts Distributors Ltd.,San Rafael,CA,USA,Medium,North America,2004-07-20,2004-07,85.39999999999999,823.5,0.16167664670658682
10281,48,100.0,4,5773.44,8/19/2004 0:00,Shipped,3,8,2004,Trucks and Buses,122,S18_2319,Diecast Classics Inc.,Allentown,PA,USA,Medium,North America,2004-08-19,2004-08,85.39999999999999,1674.2399999999998,0.28999002327901563
10292,41,100.0,11,4528.86,9/8/2004 0:00,Shipped,3,9,2004,Trucks and Buses,122,S18_2319,Land of Toys Inc.,NYC,NY,USA,Medium,North America,2004-09-08,2004-09,85.39999999999999,1027.46,0.22686945500633715
10305,36,100.0,8,4816.08,10/13/2004 0:00,Shipped,4,10,2004,Trucks and Buses,122,S18_2319,Marta's Replicas Co.,Cambridge,MA,USA,Medium,North America,2004-10-13,2004-10,85.39999999999999,1741.6800000000003,0.3616385109881896
10313,29,100.0,2,3416.78,10/22/2004 0:00,Shipped,4,10,2004,Trucks and Buses,122,S18_2319,Canadian Gift Exchange Network,Vancouver,BC,Canada,Medium,North America,2004-10-22,2004-10,85.39999999999999,940.1800000000003,0.2751655067051435
10324,33,37.48,10,1236.84,11/5/2004 0:00,Shipped,4,11,2004,Trucks and Buses,122,S18_2319,Vitachrome Inc.,NYC,NY,USA,Small,North America,2004-11-05,2004-11,85.39999999999999,-1581.36,-1.2785485592315902
10334,46,100.0,6,5814.86,11/19/2004 0:00,On Hold,4,11,2004,Trucks and Buses,122,S18_2319,"Volvo Model Replicas, Co",Lule,,Sweden,Medium,EMEA,2004-11-19,2004-11,85.39999999999999,1886.46,0.3244205363499723
10349,38,100.0,7,5223.48,12/1/2004 0:00,Shipped,4,12,2004,Trucks and Buses,122,S18_2319,Muscle Machine Inc,NYC,NY,USA,Medium,North America,2004-12-01,2004-12,85.39999999999999,1978.2799999999997,0.3787283573403172
10358,20,36.42,11,728.4,12/10/2004 0:00,Shipped,4,12,2004,Trucks and Buses,122,S18_2319,Euro Shopping Channel,Madrid,,Spain,Small,EMEA,2004-12-10,2004-12,85.39999999999999,-979.5999999999998,-1.3448654585392639
10370,22,100.0,5,3949.0,1/20/2005 0:00,Shipped,1,1,2005,Trucks and Buses,122,S18_2319,"Anna's Decorations, Ltd",North Sydney,NSW,Australia,Medium,APAC,2005-01-20,2005-01,85.39999999999999,2070.2000000000003,0.5242339832869082
10383,27,100.0,11,3843.99,2/22/2005 0:00,Shipped,1,2,2005,Trucks and Buses,122,S18_2319,Euro Shopping Channel,Madrid,,Spain,Medium,EMEA,2005-02-22,2005-02,85.39999999999999,1538.19,0.4001545269368547
10412,56,98.18,8,5498.08,5/3/2005 0:00,Shipped,2,5,2005,Trucks and Buses,122,S18_2319,Euro Shopping Channel,Madrid,,Spain,Medium,EMEA,2005-05-03,2005-05,85.39999999999999,715.6800000000003,0.1301690772051335
10425,38,99.41,7,3777.58,5/31/2005 0:00,In Process,2,5,2005,Trucks and Buses,122,S18_2319,La Rochelle Gifts,Nantes,,France,Medium,EMEA,2005-05-31,2005-05,85.39999999999999,532.3800000000001,0.1409314958253697
10101,25,100.0,4,3782.0,1/9/2003 0:00,Shipped,1,1,2003,Vintage Cars,127,S18_2325,"Blauer See Auto, Co.",Frankfurt,,Germany,Medium,EMEA,2003-01-09,2003-01,88.89999999999999,1559.5,0.41234796404019036
10110,33,100.0,4,3859.68,3/18/2003 0:00,Shipped,1,3,2003,Vintage Cars,127,S18_2325,"AV Stores, Co.",Manchester,,UK,Medium,EMEA,2003-03-18,2003-03,88.89999999999999,925.98,0.23991108071135434
10124,42,100.0,3,4431.84,5/21/2003 0:00,Shipped,2,5,2003,Vintage Cars,127,S18_2325,Signal Gift Stores,Las Vegas,NV,USA,Medium,North America,2003-05-21,2003-05,88.89999999999999,698.0400000000004,0.157505686125853
10149,33,100.0,8,4950.33,9/12/2003 0:00,Shipped,3,9,2003,Vintage Cars,127,S18_2325,Signal Collectibles Ltd.,Brisbane,CA,USA,Medium,North America,2003-09-12,2003-09,88.89999999999999,2016.63,0.407372841810546
10162,38,100.0,6,4299.7,10/18/2003 0:00,Shipped,4,10,2003,Vintage Cars,127,S18_2325,Corporate Gift Ideas Co.,San Francisco,CA,USA,Medium,North America,2003-10-18,2003-10,88.89999999999999,921.5,0.2143172779496244
10173,31,100.0,10,4492.83,11/5/2003 0:00,Shipped,4,11,2003,Vintage Cars,127,S18_2325,Rovelli Gifts,Bergamo,,Italy,Medium,EMEA,2003-11-05,2003-11,88.89999999999999,1736.9300000000003,0.3866004277927276
10182,20,100.0,7,2212.0,11/12/2003 0:00,Shipped,4,11,2003,Vintage Cars,127,S18_2325,Mini Gifts Distributors Ltd.,San Rafael,CA,USA,Small,North America,2003-11-12,2003-11,88.89999999999999,434.0000000000002,0.19620253164556972
10193,44,100.0,11,4642.88,11/21/2003 0:00,Shipped,4,11,2003,Vintage Cars,127,S18_2325,"Australian Collectables, Ltd",Glen Waverly,Victoria,Australia,Medium,APAC,2003-11-21,2003-11,88.89999999999999,731.2800000000007,0.15750568612585306
10204,26,100.0,1,3206.32,12/2/2003 0:00,Shipped,4,12,2003,Vintage Cars,127,S18_2325,Muscle Machine Inc,NYC,NY,USA,Medium,North America,2003-12-02,2003-12,88.89999999999999,894.9200000000005,0.27911125527084024
10214,27,100.0,4,3604.23,1/26/2004 0:00,Shipped,1,1,2004,Vintage Cars,127,S18_2325,"Corrida Auto Replicas, Ltd",Madrid,,Spain,Medium,EMEA,2004-01-26,2004-01,88.89999999999999,1203.9300000000003,0.3340325117986367
10227,46,100.0,7,7017.76,3/2/2004 0:00,Shipped,1,3,2004,Vintage Cars,127,S18_2325,"Saveley & Henriot, Co.",Lyon,,France,Large,EMEA,2004-03-02,2004-03,88.89999999999999,2928.3600000000006,0.4172784478238071
10243,47,100.0,2,6154.18,4/26/2004 0:00,Shipped,2,4,2004,Vintage Cars,127,S18_2325,Diecast Collectables,Boston,MA,USA,Medium,North America,2004-04-26,2004-04,88.89999999999999,1975.880000000001,0.32106308232778386
10280,37,100.0,13,4750.8,8/17/2004 0:00,Shipped,3,8,2004,Vintage Cars,127,S18_2325,Amica Models & Co.,Torino,,Italy,Medium,EMEA,2004-08-17,2004-08,88.89999999999999,1461.5000000000005,0.30763239875389414
10288,31,100.0,2,3822.92,9/1/2004 0:00,Shipped,3,9,2004,Vintage Cars,127,S18_2325,Handji Gifts& Co,Singapore,,Singapore,Medium,APAC,2004-09-01,2004-09,88.89999999999999,1067.0200000000004,0.2791112552708402
10304,24,100.0,17,2440.8,10/11/2004 0:00,Shipped,4,10,2004,Vintage Cars,127,S18_2325,Auto Assoc. & Cie.,Versailles,,France,Small,EMEA,2004-10-11,2004-10,88.89999999999999,307.2000000000003,0.12586037364798436
10312,31,100.0,14,4729.36,10/21/2004 0:00,Shipped,4,10,2004,Vintage Cars,127,S18_2325,Mini Gifts Distributors Ltd.,San Rafael,CA,USA,Medium,North America,2004-10-21,2004-10,88.89999999999999,1973.46,0.4172784478238071
10322,50,100.0,6,12536.5,11/4/2004 0:00,Shipped,4,11,2004,Vintage Cars,127,S18_2325,Online Diecast Creations Co.,Nashua,NH,USA,Large,North America,2004-11-04,2004-11,88.89999999999999,8091.5,0.6454353288397878
10332,35,64.69,8,2264.15,11/17/2004 0:00,Shipped,4,11,2004,Vintage Cars,127,S18_2325,"AV Stores, Co.",Manchester,,UK,Small,EMEA,2004-11-17,2004-11,88.89999999999999,-847.3499999999995,-0.3742464059360022
10344,30,100.0,3,3928.2,11/25/2004 0:00,Shipped,4,11,2004,Vintage Cars,127,S18_2325,Marseille Mini Autos,Marseille,,France,Medium,EMEA,2004-11-25,2004-11,88.89999999999999,1261.2000000000003,0.3210630823277838
10356,29,100.0,3,3630.22,12/9/2004 0:00,Shipped,4,12,2004,Vintage Cars,127,S18_2325,Lyon Souveniers,Paris,,France,Medium,EMEA,2004-12-09,2004-12,88.89999999999999,1052.12,0.2898226553762582
10367,27,100.0,5,4196.07,1/12/2005 0:00,Resolved,1,1,2005,Vintage Cars,127,S18_2325,Toys4GrownUps.com,Pasadena,CA,USA,Medium,North America,2005-01-12,2005-01,88.89999999999999,1795.77,0.42796473843382027
10380,40,100.0,10,4931.6,2/16/2005 0:00,Shipped,1,2,2005,Vintage Cars,127,S18_2325,Euro Shopping Channel,Madrid,,Spain,Medium,EMEA,2005-02-16,2005-02,88.89999999999999,1375.6000000000008,0.27893584232297847
10390,31,98.99,16,3068.69,3/4/2005 0:00,Shipped,1,3,2005,Vintage Cars,127,S18_2325,Mini Gifts Distributors Ltd.,San Rafael,CA,USA,Medium,North America,2005-03-04,2005-03,88.89999999999999,312.7900000000004,0.10192948782705337
10409,6,100.0,2,785.64,4/23/2005 0:00,Shipped,2,4,2005,Vintage Cars,127,S18_2325,Handji Gifts& Co,Singapore,,Singapore,Small,APAC,2005-04-23,2005-04,88.89999999999999,252.24,0.32106308232778374
10420,45,100.0,2,4977.0,5/29/2005 0:00,In Process,2,5,2005,Vintage Cars,127,S18_2325,Souveniers And Things Co.,Chatswood,NSW,Australia,Medium,APAC,2005-05-29,2005-05,88.89999999999999,976.5000000000005,0.19620253164556972
10103,22,54.09,2,1189.98,1/29/2003 0:00,Shipped,1,1,2003,Trucks and Buses,60,S18_2432,Baane Mini Imports,Stavern,,Norway,Small,EMEA,2003-01-29,2003-01,42.0,265.98,0.22351636161952304
10114,45,68.67,6,3090.15,4/1/2003 0:00,Shipped,2,4,2003,Trucks and Buses,60,S18_2432,"La Corne D'abondance, Co.",Paris,,France,Medium,EMEA,2003-04-01,2003-04,42.0,1200.15,0.3883792048929664
10126,43,65.02,2,2795.86,5/28/2003 0:00,Shipped,2,5,2003,Trucks and Buses,60,S18_2432,"Corrida Auto Replicas, Ltd",Madrid,,Spain,Small,EMEA,2003-05-28,2003-05,42.0,989.8600000000001,0.35404490925868964
10140,46,61.99,2,2851.54,7/24/2003 0:00,Shipped,3,7,2003,Trucks and Buses,60,S18_2432,Technics Stores Inc.,Burlingame,CA,USA,Small,North America,2003-07-24,2003-07,42.0,919.54,0.3224713663494112
10151,39,69.28,9,2701.92,9/21/2003 0:00,Shipped,3,9,2003,Trucks and Buses,60,S18_2432,"Oulu Toy Supplies, Inc.",Oulu,,Finland,Small,EMEA,2003-09-21,2003-09,42.0,1063.92,0.39376443418013857
10165,31,71.1,18,2204.1,10/22/2003 0:00,Shipped,4,10,2003,Trucks and Buses,60,S18_2432,"Dragon Souveniers, Ltd.",Singapore,,Singapore,Small,Japan,2003-10-22,2003-10,42.0,902.0999999999999,0.4092827004219409
10175,41,69.28,7,2840.48,11/6/2003 0:00,Shipped,4,11,2003,Trucks and Buses,60,S18_2432,"Stylish Desk Decors, Co.",London,,UK,Small,EMEA,2003-11-06,2003-11,42.0,1118.48,0.39376443418013857
10184,44,60.16,12,2647.04,11/14/2003 0:00,Shipped,4,11,2003,Trucks and Buses,60,S18_2432,"Iberia Gift Imports, Corp.",Sevilla,,Spain,Small,EMEA,2003-11-14,2003-11,42.0,799.04,0.30186170212765956
10194,45,70.49,2,3172.05,11/25/2003 0:00,Shipped,4,11,2003,Trucks and Buses,60,S18_2432,"Saveley & Henriot, Co.",Lyon,,France,Medium,EMEA,2003-11-25,2003-11,42.0,1282.0500000000002,0.40417080436941416
10207,37,69.89,13,2585.93,12/9/2003 0:00,Shipped,4,12,2003,Trucks and Buses,60,S18_2432,Diecast Collectables,Boston,MA,USA,Small,North America,2003-12-09,2003-12,42.0,1031.9299999999998,0.3990556588925454
10217,35,61.38,2,2148.3,2/4/2004 0:00,Shipped,1,2,2004,Trucks and Buses,60,S18_2432,Handji Gifts& Co,Singapore,,Singapore,Small,APAC,2004-02-04,2004-02,42.0,678.3000000000002,0.3157380254154448
10229,28,59.55,7,1667.4,3/11/2004 0:00,Shipped,1,3,2004,Trucks and Buses,60,S18_2432,Mini Gifts Distributors Ltd.,San Rafael,CA,USA,Small,North America,2004-03-11,2004-03,42.0,491.4000000000001,0.2947103274559194
10246,30,61.99,11,1859.7,5/5/2004 0:00,Shipped,2,5,2004,Trucks and Buses,60,S18_2432,Euro Shopping Channel,Madrid,,Spain,Small,EMEA,2004-05-05,2004-05,42.0,599.7,0.3224713663494112
10259,30,49.22,10,1476.6,6/15/2004 0:00,Shipped,2,6,2004,Trucks and Buses,60,S18_2432,Handji Gifts& Co,Singapore,,Singapore,Small,APAC,2004-06-15,2004-06,42.0,216.5999999999999,0.14668833807395362
10271,25,69.28,11,1732.0,7/20/2004 0:00,Shipped,3,7,2004,Trucks and Buses,60,S18_2432,Mini Gifts Distributors Ltd.,San Rafael,CA,USA,Small,North America,2004-07-20,2004-07,42.0,682.0,0.39376443418013857
10281,29,57.73,7,1674.17,8/19/2004 0:00,Shipped,3,8,2004,Trucks and Buses,60,S18_2432,Diecast Classics Inc.,Allentown,PA,USA,Small,North America,2004-08-19,2004-08,42.0,456.1700000000001,0.2724753161267972
10291,26,57.73,2,1500.98,9/8/2004 0:00,Shipped,3,9,2004,Trucks and Buses,60,S18_2432,Scandinavian Gift Ideas,Boras,,Sweden,Small,EMEA,2004-09-08,2004-09,42.0,408.98,0.27247531612679715
10305,41,53.48,11,2192.68,10/13/2004 0:00,Shipped,4,10,2004,Trucks and Buses,60,S18_2432,Marta's Replicas Co.,Cambridge,MA,USA,Small,North America,2004-10-13,2004-10,42.0,470.67999999999984,0.2146596858638743
10313,34,52.87,5,1797.58,10/22/2004 0:00,Shipped,4,10,2004,Trucks and Buses,60,S18_2432,Canadian Gift Exchange Network,Vancouver,BC,Canada,Small,North America,2004-10-22,2004-10,42.0,369.5799999999999,0.20559863816909396
10322,35,61.21,11,2142.35,11/4/2004 0:00,Shipped,4,11,2004,Trucks and Buses,60,S18_2432,Online Diecast Creations Co.,Nashua,NH,USA,Small,North America,2004-11-04,2004-11,42.0,672.3499999999999,0.3138376082339487
10334,34,61.38,1,2086.92,11/19/2004 0:00,On Hold,4,11,2004,Trucks and Buses,60,S18_2432,"Volvo Model Replicas, Co",Lule,,Sweden,Small,EMEA,2004-11-19,2004-11,42.0,658.9200000000001,0.31573802541544477
10347,50,100.0,8,6834.5,11/29/2004 0:00,Shipped,4,11,2004,Trucks and Buses,60,S18_2432,"Australian Collectors, Co.",Melbourne,Victoria,Australia,Medium,APAC,2004-11-29,2004-11,42.0,4734.5,0.6927353866413052
10357,41,61.99,7,2541.59,12/10/2004 0:00,Shipped,4,12,2004,Trucks and Buses,60,S18_2432,Mini Gifts Distributors Ltd.,San Rafael,CA,USA,Small,North America,2004-12-10,2004-12,42.0,819.5900000000001,0.32247136634941126
10370,22,96.86,7,2130.92,1/20/2005 0:00,Shipped,1,1,2005,Trucks and Buses,60,S18_2432,"Anna's Decorations, Ltd",North Sydney,NSW,Australia,Small,APAC,2005-01-20,2005-01,42.0,1206.92,0.5663844724344415
10381,35,48.62,7,1701.7,2/17/2005 0:00,Shipped,1,2,2005,Trucks and Buses,60,S18_2432,Corporate Gift Ideas Co.,San Francisco,CA,USA,Small,North America,2005-02-17,2005-02,42.0,231.70000000000005,0.1361579596873715
10391,44,38.5,5,1694.0,3/9/2005 0:00,Shipped,1,3,2005,Trucks and Buses,60,S18_2432,"Anna's Decorations, Ltd",North Sydney,NSW,Australia,Small,APAC,2005-03-09,2005-03,42.0,-154.0,-0.09090909090909091
10412,47,61.99,11,2913.53,5/3/2005 0:00,Shipped,2,5,2005,Trucks and Buses,60,S18_2432,Euro Shopping Channel,Madrid,,Spain,Small,EMEA,2005-05-03,2005-05,42.0,939.5300000000002,0.32247136634941126
10425,19,49.22,10,935.18,5/31/2005 0:00,In Process,2,5,2005,Trucks and Buses,60,S18_2432,La Rochelle Gifts,Nantes,,France,Small,EMEA,2005-05-31,2005-05,42.0,137.17999999999995,0.14668833807395362
10106,34,90.39,2,3073.26,2/17/2003 0:00,Shipped,1,2,2003,Planes,84,S18_2581,Rovelli Gifts,Bergamo,,Italy,Medium,EMEA,2003-02-17,2003-02,58.8,1074.0600000000004,0.34948556256223046
10120,29,71.81,8,2082.49,4/29/2003 0:00,Shipped,2,4,2003,Planes,84,S18_2581,"Australian Collectors, Co.",Melbourne,Victoria,Australia,Small,APAC,2003-04-29,2003-04,58.8,377.28999999999996,0.18117253864364294
10133,49,69.27,3,3394.23,6/27/2003 0:00,Shipped,2,6,2003,Planes,84,S18_2581,Euro Shopping Channel,Madrid,,Spain,Medium,EMEA,2003-06-27,2003-06,58.8,513.0300000000002,0.15114768297964493
10145,30,85.32,14,2559.6,8/25/2003 0:00,Shipped,3,8,2003,Planes,84,S18_2581,Toys4GrownUps.com,Pasadena,CA,USA,Small,North America,2003-08-25,2003-08,58.8,795.5999999999999,0.31082981715893104
10168,21,70.96,9,1490.16,10/28/2003 0:00,Shipped,4,10,2003,Planes,84,S18_2581,Technics Stores Inc.,Burlingame,CA,USA,Small,North America,2003-10-28,2003-10,58.8,255.36000000000013,0.17136414881623457
10210,50,76.88,7,3844.0,1/12/2004 0:00,Shipped,1,1,2004,Planes,84,S18_2581,Osaka Souveniers Co.,Osaka,Osaka,Japan,Medium,Japan,2004-01-12,2004-01,58.8,904.0,0.2351716961498439
10223,47,100.0,9,4724.91,2/20/2004 0:00,Shipped,1,2,2004,Planes,84,S18_2581,"Australian Collectors, Co.",Melbourne,Victoria,Australia,Medium,APAC,2004-02-20,2004-02,58.8,1961.31,0.41509997015816175
10235,24,76.03,3,1824.72,4/2/2004 0:00,Shipped,2,4,2004,Planes,84,S18_2581,"Royal Canadian Collectables, Ltd.",Tsawassen,BC,Canada,Small,North America,2004-04-02,2004-04,58.8,413.5200000000002,0.22662107063001458
10250,27,98.84,4,2668.68,5/11/2004 0:00,Shipped,2,5,2004,Planes,84,S18_2581,The Sharp Gifts Warehouse,San Jose,CA,USA,Small,North America,2004-05-11,2004-05,58.8,1081.08,0.40509915014164305
10263,33,86.17,10,2843.61,6/28/2004 0:00,Shipped,2,6,2004,Planes,84,S18_2581,Gift Depot Inc.,Bridgewater,CT,USA,Small,North America,2004-06-28,2004-06,58.8,903.2100000000003,0.3176279447603575
10275,35,90.39,9,3163.65,7/23/2004 0:00,Shipped,3,7,2004,Planes,84,S18_2581,La Rochelle Gifts,Nantes,,France,Medium,EMEA,2004-07-23,2004-07,58.8,1105.65,0.34948556256223035
10284,31,71.81,1,2226.11,8/21/2004 0:00,Shipped,3,8,2004,Planes,84,S18_2581,"Norway Gifts By Mail, Co.",Oslo,,Norway,Small,EMEA,2004-08-21,2004-08,58.8,403.3100000000002,0.18117253864364302
10297,25,82.79,4,2069.75,9/16/2004 0:00,Shipped,3,9,2004,Planes,84,S18_2581,"Clover Collections, Co.",Dublin,,Ireland,Small,EMEA,2004-09-16,2004-09,58.8,599.75,0.28976929580867256
10308,27,82.79,7,2235.33,10/15/2004 0:00,Shipped,4,10,2004,Planes,84,S18_2581,Mini Classics,White Plains,NY,USA,Small,North America,2004-10-15,2004-10,58.8,647.73,0.28976929580867256
10318,31,100.0,9,3116.43,11/2/2004 0:00,Shipped,4,11,2004,Planes,84,S18_2581,Diecast Classics Inc.,Allentown,PA,USA,Medium,North America,2004-11-02,2004-11,58.8,1293.6299999999999,0.41509997015816175
10327,45,100.0,8,4781.7,11/10/2004 0:00,Resolved,4,11,2004,Planes,84,S18_2581,Danish Wholesale Imports,Kobenhavn,,Denmark,Medium,EMEA,2004-11-10,2004-11,58.8,2135.7,0.44664031620553357
10339,27,100.0,2,2810.7,11/23/2004 0:00,Shipped,4,11,2004,Planes,84,S18_2581,"Tokyo Collectables, Ltd",Minato-ku,Tokyo,Japan,Small,Japan,2004-11-23,2004-11,58.8,1223.1,0.43515850144092216
10353,27,100.0,1,3515.67,12/4/2004 0:00,Shipped,4,12,2004,Planes,84,S18_2581,Gift Ideas Corp.,Glendale,CT,USA,Medium,North America,2004-12-04,2004-12,58.8,1928.0700000000002,0.5484217802012135
10374,42,69.27,2,2909.34,2/2/2005 0:00,Shipped,1,2,2005,Planes,84,S18_2581,"Australian Gift Network, Co",South Brisbane,Queensland,Australia,Small,APAC,2005-02-02,2005-02,58.8,439.74000000000024,0.15114768297964495
10386,21,74.77,18,1570.17,3/1/2005 0:00,Resolved,1,3,2005,Planes,84,S18_2581,Euro Shopping Channel,Madrid,,Spain,Small,EMEA,2005-03-01,2005-03,58.8,335.3700000000001,0.2135883375685436
10398,34,76.88,15,2613.92,3/30/2005 0:00,Shipped,1,3,2005,Planes,84,S18_2581,Reims Collectables,Reims,,France,Small,EMEA,2005-03-30,2005-03,58.8,614.7200000000003,0.235171696149844
10401,42,76.03,3,3193.26,4/3/2005 0:00,On Hold,2,4,2005,Planes,84,S18_2581,Tekni Collectables Inc.,Newark,NJ,USA,Medium,North America,2005-04-03,2005-04,58.8,723.6600000000003,0.22662107063001455
10416,15,98.84,4,1482.6,5/10/2005 0:00,Shipped,2,5,2005,Planes,84,S18_2581,L'ordine Souveniers,Reggio Emilia,,Italy,Small,EMEA,2005-05-10,2005-05,58.8,600.5999999999999,0.40509915014164305
10107,29,70.87,6,2055.23,2/24/2003 0:00,Shipped,1,2,2003,Motorcycles,60,S18_2625,Land of Toys Inc.,NYC,NY,USA,Small,North America,2003-02-24,2003-02,42.0,837.23,0.40736559898405533
10120,46,58.15,4,2674.9,4/29/2003 0:00,Shipped,2,4,2003,Motorcycles,60,S18_2625,"Australian Collectors, Co.",Melbourne,Victoria,Australia,Small,APAC,2003-04-29,2003-04,42.0,742.9000000000001,0.2777300085984523
10134,30,61.78,6,1853.4,7/1/2003 0:00,Shipped,3,7,2003,Motorcycles,60,S18_2625,Lyon Souveniers,Paris,,France,Small,EMEA,2003-07-01,2003-07,42.0,593.4000000000001,0.3201683392683717
10145,30,49.67,10,1490.1,8/25/2003 0:00,Shipped,3,8,2003,Motorcycles,60,S18_2625,Toys4GrownUps.com,Pasadena,CA,USA,Small,North America,2003-08-25,2003-08,42.0,230.0999999999999,0.15441916649889265
10159,42,51.48,18,2162.16,10/10/2003 0:00,Shipped,4,10,2003,Motorcycles,60,S18_2625,Corporate Gift Ideas Co.,San Francisco,CA,USA,Small,North America,2003-10-10,2003-10,42.0,398.15999999999985,0.1841491841491841
10168,46,61.18,5,2814.28,10/28/2003 0:00,Shipped,4,10,2003,Motorcycles,60,S18_2625,Technics Stores Inc.,Burlingame,CA,USA,Small,North America,2003-10-28,2003-10,42.0,882.2800000000002,0.31350114416475977
10180,25,64.2,13,1605.0,11/11/2003 0:00,Shipped,4,11,2003,Motorcycles,60,S18_2625,Daedalus Designs Imports,Lille,,France,Small,EMEA,2003-11-11,2003-11,42.0,555.0,0.34579439252336447
10188,32,65.42,5,2093.44,11/18/2003 0:00,Shipped,4,11,2003,Motorcycles,60,S18_2625,Herkku Gifts,Bergen,,Norway,Small,EMEA,2003-11-18,2003-11,42.0,749.44,0.3579944970956894
10201,30,64.81,6,1944.3,12/1/2003 0:00,Shipped,4,12,2003,Motorcycles,60,S18_2625,Mini Wheels Co.,San Francisco,CA,USA,Small,North America,2003-12-01,2003-12,42.0,684.3,0.35195185928097517
10210,40,49.67,3,1986.8,1/12/2004 0:00,Shipped,1,1,2004,Motorcycles,60,S18_2625,Osaka Souveniers Co.,Osaka,Osaka,Japan,Small,Japan,2004-01-12,2004-01,42.0,306.79999999999995,0.15441916649889267
10223,28,60.57,5,1695.96,2/20/2004 0:00,Shipped,1,2,2004,Motorcycles,60,S18_2625,"Australian Collectors, Co.",Melbourne,Victoria,Australia,Small,APAC,2004-02-20,2004-02,42.0,519.96,0.3065874195146112
10236,23,55.72,2,1281.56,4/3/2004 0:00,Shipped,2,4,2004,Motorcycles,60,S18_2625,Motor Mint Distributors Inc.,Philadelphia,PA,USA,Small,North America,2004-04-03,2004-04,42.0,315.55999999999995,0.24623115577889443
10251,29,61.18,6,1774.22,5/18/2004 0:00,Shipped,2,5,2004,Motorcycles,60,S18_2625,Tekni Collectables Inc.,Newark,NJ,USA,Small,North America,2004-05-18,2004-05,42.0,556.22,0.3135011441647597
10263,34,58.75,6,1997.5,6/28/2004 0:00,Shipped,2,6,2004,Motorcycles,60,S18_2625,Gift Depot Inc.,Bridgewater,CT,USA,Small,North America,2004-06-28,2004-06,42.0,569.5,0.2851063829787234
10275,37,63.6,5,2353.2,7/23/2004 0:00,Shipped,3,7,2004,Motorcycles,60,S18_2625,La Rochelle Gifts,Nantes,,France,Small,EMEA,2004-07-23,2004-07,42.0,799.1999999999998,0.3396226415094339
10285,20,49.06,10,981.2,8/27/2004 0:00,Shipped,3,8,2004,Motorcycles,60,S18_2625,Marta's Replicas Co.,Cambridge,MA,USA,Small,North America,2004-08-27,2004-08,42.0,141.20000000000005,0.1439054219323278
10298,32,48.46,2,1550.72,9/27/2004 0:00,Shipped,3,9,2004,Motorcycles,60,S18_2625,Atelier graphique,Nantes,,France,Small,EMEA,2004-09-27,2004-09,42.0,206.72000000000003,0.1333058192323566
10308,34,52.09,3,1771.06,10/15/2004 0:00,Shipped,4,10,2004,Motorcycles,60,S18_2625,Mini Classics,White Plains,NY,USA,Small,North America,2004-10-15,2004-10,42.0,343.05999999999995,0.1937032059896333
10318,42,52.7,5,2213.4,11/2/2004 0:00,Shipped,4,11,2004,Motorcycles,60,S18_2625,Diecast Classics Inc.,Allentown,PA,USA,Small,North America,2004-11-02,2004-11,42.0,449.4000000000001,0.20303605313092982
10329,38,100.0,12,5266.04,11/15/2004 0:00,Shipped,4,11,2004,Motorcycles,60,S18_2625,Land of Toys Inc.,NYC,NY,USA,Medium,North America,2004-11-15,2004-11,42.0,3670.04,0.6969259633424737
10339,30,62.16,1,1864.8,11/23/2004 0:00,Shipped,4,11,2004,Motorcycles,60,S18_2625,"Tokyo Collectables, Ltd",Minato-ku,Tokyo,Japan,Small,Japan,2004-11-23,2004-11,42.0,604.8,0.3243243243243243
10362,23,49.67,3,1142.41,1/5/2005 0:00,Shipped,1,1,2005,Motorcycles,60,S18_2625,Technics Stores Inc.,Burlingame,CA,USA,Small,North America,2005-01-05,2005-01,42.0,176.41000000000008,0.15441916649889276
10374,22,53.3,4,1172.6,2/2/2005 0:00,Shipped,1,2,2005,Motorcycles,60,S18_2625,"Australian Gift Network, Co",South Brisbane,Queensland,Australia,Small,APAC,2005-02-02,2005-02,42.0,248.5999999999999,0.21200750469043145
10389,39,100.0,5,6981.0,3/3/2005 0:00,Shipped,1,3,2005,Motorcycles,60,S18_2625,Scandinavian Gift Ideas,Boras,,Sweden,Medium,EMEA,2005-03-03,2005-03,42.0,5343.0,0.7653631284916201
10402,55,55.72,2,3064.6,4/7/2005 0:00,Shipped,2,4,2005,Motorcycles,60,S18_2625,Auto Canal Petit,Paris,,France,Medium,EMEA,2005-04-07,2005-04,42.0,754.5999999999999,0.24623115577889446
10417,36,61.18,6,2202.48,5/13/2005 0:00,Disputed,2,5,2005,Motorcycles,60,S18_2625,Euro Shopping Channel,Madrid,,Spain,Small,EMEA,2005-05-13,2005-05,42.0,690.48,0.3135011441647597
10101,26,100.0,1,3773.38,1/9/2003 0:00,Shipped,1,1,2003,Vintage Cars,168,S18_2795,"Blauer See Auto, Co.",Frankfurt,,Germany,Medium,EMEA,2003-01-09,2003-01,117.6,715.7800000000002,0.189692000275615
10110,31,100.0,1,5074.39,3/18/2003 0:00,Shipped,1,3,2003,Vintage Cars,168,S18_2795,"AV Stores, Co.",Manchester,,UK,Medium,EMEA,2003-03-18,2003-03,117.6,1428.7900000000004,0.28156881910929205
10125,34,100.0,2,6483.46,5/21/2003 0:00,Shipped,2,5,2003,Vintage Cars,168,S18_2795,"Australian Collectors, Co.",Melbourne,Victoria,Australia,Medium,APAC,2003-05-21,2003-05,117.6,2485.0600000000004,0.38329225444438625
10139,41,100.0,8,7956.46,7/16/2003 0:00,Shipped,3,7,2003,Vintage Cars,168,S18_2795,Souveniers And Things Co.,Chatswood,NSW,Australia,Large,APAC,2003-07-16,2003-07,117.6,3134.8600000000006,0.39400185509636204
10149,23,100.0,5,4230.62,9/12/2003 0:00,Shipped,3,9,2003,Vintage Cars,168,S18_2795,Signal Collectibles Ltd.,Brisbane,CA,USA,Medium,North America,2003-09-12,2003-09,117.6,1525.8200000000002,0.3606610851364576
10162,48,100.0,3,7209.12,10/18/2003 0:00,Shipped,4,10,2003,Vintage Cars,168,S18_2795,Corporate Gift Ideas Co.,San Francisco,CA,USA,Large,North America,2003-10-18,2003-10,117.6,1564.3200000000006,0.21699181037352697
10173,22,100.0,7,3452.68,11/5/2003 0:00,Shipped,4,11,2003,Vintage Cars,168,S18_2795,Rovelli Gifts,Bergamo,,Italy,Medium,EMEA,2003-11-05,2003-11,117.6,865.48,0.25066904549509367
10182,21,100.0,4,3047.73,11/12/2003 0:00,Shipped,4,11,2003,Vintage Cars,168,S18_2795,Mini Gifts Distributors Ltd.,San Rafael,CA,USA,Medium,North America,2003-11-12,2003-11,117.6,578.1300000000001,0.189692000275615
10193,22,100.0,8,3675.32,11/21/2003 0:00,Shipped,4,11,2003,Vintage Cars,168,S18_2795,"Australian Collectables, Ltd",Glen Waverly,Victoria,Australia,Medium,APAC,2003-11-21,2003-11,117.6,1088.1200000000003,0.29606129534299064
10205,40,100.0,3,7492.4,12/3/2003 0:00,Shipped,4,12,2003,Vintage Cars,168,S18_2795,Euro Shopping Channel,Madrid,,Spain,Large,EMEA,2003-12-03,2003-12,117.6,2788.3999999999996,0.37216379264321175
10214,50,100.0,1,9534.5,1/26/2004 0:00,Shipped,1,1,2004,Vintage Cars,168,S18_2795,"Corrida Auto Replicas, Ltd",Madrid,,Spain,Large,EMEA,2004-01-26,2004-01,117.6,3654.5,0.3832922544443862
10227,29,100.0,4,5579.02,3/2/2004 0:00,Shipped,1,3,2004,Vintage Cars,168,S18_2795,"Saveley & Henriot, Co.",Lyon,,France,Medium,EMEA,2004-03-02,2004-03,117.6,2168.620000000001,0.3887098450982432
10244,43,100.0,8,5950.34,4/29/2004 0:00,Shipped,2,4,2004,Vintage Cars,168,S18_2795,Euro Shopping Channel,Madrid,,Spain,Medium,EMEA,2004-04-29,2004-04,117.6,893.54,0.1501662089897384
10255,24,100.0,1,3726.0,6/4/2004 0:00,Shipped,2,6,2004,Vintage Cars,168,S18_2795,Mini Caravy,Strasbourg,,France,Medium,EMEA,2004-06-04,2004-06,117.6,903.6000000000004,0.2425120772946861
10280,22,100.0,10,4455.0,8/17/2004 0:00,Shipped,3,8,2004,Vintage Cars,168,S18_2795,Amica Models & Co.,Torino,,Italy,Medium,EMEA,2004-08-17,2004-08,117.6,1867.8000000000002,0.4192592592592593
10289,43,100.0,3,8272.34,9/3/2004 0:00,Shipped,3,9,2004,Vintage Cars,168,S18_2795,Herkku Gifts,Bergen,,Norway,Large,EMEA,2004-09-03,2004-09,117.6,3215.54,0.388709845098243
10304,20,100.0,14,3577.6,10/11/2004 0:00,Shipped,4,10,2004,Vintage Cars,168,S18_2795,Auto Assoc. & Cie.,Versailles,,France,Medium,EMEA,2004-10-11,2004-10,117.6,1225.6,0.3425760286225402
10312,25,100.0,11,3881.25,10/21/2004 0:00,Shipped,4,10,2004,Vintage Cars,168,S18_2795,Mini Gifts Distributors Ltd.,San Rafael,CA,USA,Medium,North America,2004-10-21,2004-10,117.6,941.25,0.242512077294686
10322,36,100.0,2,5797.44,11/4/2004 0:00,Shipped,4,11,2004,Vintage Cars,168,S18_2795,Online Diecast Creations Co.,Nashua,NH,USA,Medium,North America,2004-11-04,2004-11,117.6,1563.8400000000001,0.26974664679582716
10332,24,52.67,1,1264.08,11/17/2004 0:00,Shipped,4,11,2004,Vintage Cars,168,S18_2795,"AV Stores, Co.",Manchester,,UK,Small,EMEA,2004-11-17,2004-11,117.6,-1558.3199999999997,-1.2327700778431743
10347,21,100.0,6,4815.3,11/29/2004 0:00,Shipped,4,11,2004,Vintage Cars,168,S18_2795,"Australian Collectors, Co.",Melbourne,Victoria,Australia,Medium,APAC,2004-11-29,2004-11,117.6,2345.7000000000003,0.4871347579590057
10356,30,100.0,1,4462.2,12/9/2004 0:00,Shipped,4,12,2004,Vintage Cars,168,S18_2795,Lyon Souveniers,Paris,,France,Medium,EMEA,2004-12-09,2004-12,117.6,934.1999999999998,0.20935861234368694
10367,32,94.79,7,3033.28,1/12/2005 0:00,Resolved,1,1,2005,Vintage Cars,168,S18_2795,Toys4GrownUps.com,Pasadena,CA,USA,Medium,North America,2005-01-12,2005-01,117.6,-729.9199999999996,-0.24063719801666827
10380,21,47.18,8,990.78,2/16/2005 0:00,Shipped,1,2,2005,Vintage Cars,168,S18_2795,Euro Shopping Channel,Madrid,,Spain,Small,EMEA,2005-02-16,2005-02,117.6,-1478.82,-1.4925816023738872
10390,26,78.11,7,2030.86,3/4/2005 0:00,Shipped,1,3,2005,Vintage Cars,168,S18_2795,Mini Gifts Distributors Ltd.,San Rafael,CA,USA,Small,North America,2005-03-04,2005-03,117.6,-1026.74,-0.5055690692612982
10421,35,100.0,1,5433.75,5/29/2005 0:00,In Process,2,5,2005,Vintage Cars,168,S18_2795,Mini Gifts Distributors Ltd.,San Rafael,CA,USA,Medium,North America,2005-05-29,2005-05,117.6,1317.75,0.242512077294686
10109,26,100.0,1,3157.44,3/10/2003 0:00,Shipped,1,3,2003,Classic Cars,132,S18_2870,Motor Mint Distributors Inc.,Philadelphia,PA,USA,Medium,North America,2003-03-10,2003-03,92.39999999999999,755.0400000000004,0.23913043478260881
10123,46,100.0,3,5161.2,5/20/2003 0:00,Shipped,2,5,2003,Classic Cars,132,S18_2870,Atelier graphique,Nantes,,France,Medium,EMEA,2003-05-20,2003-05,92.39999999999999,910.8000000000002,0.17647058823529416
10137,37,100.0,3,4346.76,7/10/2003 0:00,Shipped,3,7,2003,Classic Cars,132,S18_2870,Reims Collectables,Reims,,France,Medium,EMEA,2003-07-10,2003-07,92.39999999999999,927.9600000000005,0.21348314606741584
10148,27,100.0,10,3528.36,9/11/2003 0:00,Shipped,3,9,2003,Classic Cars,132,S18_2870,"Anna's Decorations, Ltd",North Sydney,NSW,Australia,Medium,APAC,2003-09-11,2003-09,92.39999999999999,1033.5600000000004,0.29292929292929304
10161,23,100.0,9,3187.8,10/17/2003 0:00,Shipped,4,10,2003,Classic Cars,132,S18_2870,Heintze Collectables,Aaarhus,,Denmark,Medium,EMEA,2003-10-17,2003-10,92.39999999999999,1062.6000000000004,0.3333333333333334
10172,39,100.0,7,6023.16,11/5/2003 0:00,Shipped,4,11,2003,Classic Cars,132,S18_2870,Gift Depot Inc.,Bridgewater,CT,USA,Medium,North America,2003-11-05,2003-11,92.39999999999999,2419.5600000000004,0.4017094017094018
10181,27,100.0,3,3884.76,11/12/2003 0:00,Shipped,4,11,2003,Classic Cars,132,S18_2870,Herkku Gifts,Bergen,,Norway,Medium,EMEA,2003-11-12,2003-11,92.39999999999999,1389.9600000000005,0.3577981651376148
10192,38,100.0,8,4965.84,11/20/2003 0:00,Shipped,4,11,2003,Classic Cars,132,S18_2870,Online Diecast Creations Co.,Nashua,NH,USA,Medium,North America,2003-11-20,2003-11,92.39999999999999,1454.6400000000003,0.292929292929293
10204,27,100.0,14,4169.88,12/2/2003 0:00,Shipped,4,12,2003,Classic Cars,132,S18_2870,Muscle Machine Inc,NYC,NY,USA,Medium,North America,2003-12-02,2003-12,92.39999999999999,1675.0800000000004,0.4017094017094018
10212,40,100.0,7,4910.4,1/16/2004 0:00,Shipped,1,1,2004,Classic Cars,132,S18_2870,Euro Shopping Channel,Madrid,,Spain,Medium,EMEA,2004-01-16,2004-01,92.39999999999999,1214.4,0.24731182795698928
10226,24,100.0,5,3231.36,2/26/2004 0:00,Shipped,1,2,2004,Classic Cars,132,S18_2870,Collectable Mini Designs Co.,San Diego,CA,USA,Medium,North America,2004-02-26,2004-02,92.39999999999999,1013.7600000000002,0.3137254901960785
10241,44,100.0,12,6853.44,4/13/2004 0:00,Shipped,2,4,2004,Classic Cars,132,S18_2870,Mini Caravy,Strasbourg,,France,Medium,EMEA,2004-04-13,2004-04,92.39999999999999,2787.84,0.4067796610169492
10253,37,100.0,2,5177.04,6/1/2004 0:00,Cancelled,2,6,2004,Classic Cars,132,S18_2870,"UK Collectables, Ltd.",Liverpool,,UK,Medium,EMEA,2004-06-01,2004-06,92.39999999999999,1758.2400000000002,0.339622641509434
10266,20,100.0,3,2824.8,7/6/2004 0:00,Shipped,3,7,2004,Classic Cars,132,S18_2870,L'ordine Souveniers,Reggio Emilia,,Italy,Small,EMEA,2004-07-06,2004-07,92.39999999999999,976.8000000000004,0.34579439252336464
10278,39,100.0,3,4324.32,8/6/2004 0:00,Shipped,3,8,2004,Classic Cars,132,S18_2870,Signal Gift Stores,Las Vegas,NV,USA,Medium,North America,2004-08-06,2004-08,92.39999999999999,720.7200000000003,0.16666666666666674
10287,44,100.0,1,5052.96,8/30/2004 0:00,Shipped,3,8,2004,Classic Cars,132,S18_2870,"Vida Sport, Ltd",Gensve,,Switzerland,Medium,EMEA,2004-08-30,2004-08,92.39999999999999,987.3600000000006,0.19540229885057483
10301,22,100.0,5,3223.44,10/5/2003 0:00,Shipped,4,10,2003,Classic Cars,132,S18_2870,"Norway Gifts By Mail, Co.",Oslo,,Norway,Medium,EMEA,2003-10-05,2003-10,92.39999999999999,1190.6400000000003,0.3693693693693695
10311,43,100.0,10,5278.68,10/16/2004 0:00,Shipped,4,10,2004,Classic Cars,132,S18_2870,Euro Shopping Channel,Madrid,,Spain,Medium,EMEA,2004-10-16,2004-10,92.39999999999999,1305.4800000000005,0.24731182795698933
10321,27,100.0,7,2851.2,11/4/2004 0:00,Shipped,4,11,2004,Classic Cars,132,S18_2870,FunGiftIdeas.com,New Bedford,MA,USA,Small,North America,2004-11-04,2004-11,92.39999999999999,356.4000000000001,0.12500000000000003
10331,26,64.9,10,1687.4,11/17/2004 0:00,Shipped,4,11,2004,Classic Cars,132,S18_2870,Motor Mint Distributors Inc.,Philadelphia,PA,USA,Small,North America,2004-11-17,2004-11,92.39999999999999,-714.9999999999995,-0.42372881355932174
10343,25,52.32,3,1308.0,11/24/2004 0:00,Shipped,4,11,2004,Classic Cars,132,S18_2870,Reims Collectables,Reims,,France,Small,EMEA,2004-11-24,2004-11,92.39999999999999,-1002.0,-0.7660550458715596
10366,49,100.0,2,6144.6,1/10/2005 0:00,Shipped,1,1,2005,Classic Cars,132,S18_2870,Royale Belge,Charleroi,,Belgium,Medium,EMEA,2005-01-10,2005-01,92.39999999999999,1617.000000000001,0.26315789473684226
10379,29,100.0,5,5127.2,2/10/2005 0:00,Shipped,1,2,2005,Classic Cars,132,S18_2870,Euro Shopping Channel,Madrid,,Spain,Medium,EMEA,2005-02-10,2005-02,92.39999999999999,2447.6,0.47737556561085975
10407,41,100.0,12,6386.16,4/22/2005 0:00,On Hold,2,4,2005,Classic Cars,132,S18_2870,The Sharp Gifts Warehouse,San Jose,CA,USA,Medium,North America,2005-04-22,2005-04,92.39999999999999,2597.76,0.4067796610169492
10419,55,100.0,2,7695.6,5/17/2005 0:00,Shipped,2,5,2005,Classic Cars,132,S18_2870,Salzburg Collectables,Salzburg,,Austria,Large,EMEA,2005-05-17,2005-05,92.39999999999999,2613.6000000000013,0.3396226415094341
10103,27,83.07,12,2242.89,1/29/2003 0:00,Shipped,1,1,2003,Vintage Cars,101,S18_2949,Baane Mini Imports,Stavern,,Norway,Small,EMEA,2003-01-29,2003-01,70.69999999999999,333.99000000000024,0.14891055736126171
10112,23,100.0,2,2539.89,3/24/2003 0:00,Shipped,1,3,2003,Vintage Cars,101,S18_2949,"Volvo Model Replicas, Co",Lule,,Sweden,Small,EMEA,2003-03-24,2003-03,70.69999999999999,913.7900000000002,0.3597754233451056
10126,31,90.17,12,2795.27,5/28/2003 0:00,Shipped,2,5,2003,Vintage Cars,101,S18_2949,"Corrida Auto Replicas, Ltd",Madrid,,Spain,Small,EMEA,2003-05-28,2003-05,70.69999999999999,603.5700000000002,0.21592547410446938
10139,46,100.0,1,5545.76,7/16/2003 0:00,Shipped,3,7,2003,Vintage Cars,101,S18_2949,Souveniers And Things Co.,Chatswood,NSW,Australia,Medium,APAC,2003-07-16,2003-07,70.69999999999999,2293.560000000001,0.4135700066357002
10150,47,91.18,9,4285.46,9/19/2003 0:00,Shipped,3,9,2003,Vintage Cars,101,S18_2949,"Dragon Souveniers, Ltd.",Singapore,,Singapore,Medium,Japan,2003-09-19,2003-09,70.69999999999999,962.5600000000004,0.22461066023250723
10163,31,100.0,2,3329.09,10/20/2003 0:00,Shipped,4,10,2003,Vintage Cars,101,S18_2949,Classic Legends Inc.,NYC,NY,USA,Medium,North America,2003-10-20,2003-10,70.69999999999999,1137.3900000000003,0.34165192289784907
10174,46,100.0,5,5592.22,11/6/2003 0:00,Shipped,4,11,2003,Vintage Cars,101,S18_2949,"Australian Gift Network, Co",South Brisbane,Queensland,Australia,Medium,APAC,2003-11-06,2003-11,70.69999999999999,2340.020000000001,0.41844204984782446
10183,37,89.15,9,3298.55,11/13/2003 0:00,Shipped,4,11,2003,Vintage Cars,101,S18_2949,"Classic Gift Ideas, Inc",Philadelphia,PA,USA,Medium,North America,2003-11-13,2003-11,70.69999999999999,682.6500000000005,0.20695457094784087
10193,28,93.21,1,2609.88,11/21/2003 0:00,Shipped,4,11,2003,Vintage Cars,101,S18_2949,"Australian Collectables, Ltd",Glen Waverly,Victoria,Australia,Small,APAC,2003-11-21,2003-11,70.69999999999999,630.2800000000004,0.24149769338053872
10206,37,90.17,7,3336.29,12/5/2003 0:00,Shipped,4,12,2003,Vintage Cars,101,S18_2949,Canadian Gift Exchange Network,Vancouver,BC,Canada,Medium,North America,2003-12-05,2003-12,70.69999999999999,720.3900000000003,0.21592547410446944
10215,49,100.0,4,5510.05,1/29/2004 0:00,Shipped,1,1,2004,Vintage Cars,101,S18_2949,West Coast Collectables Co.,Burbank,CA,USA,Medium,North America,2004-01-29,2004-01,70.69999999999999,2045.750000000001,0.3712761227212096
10228,24,100.0,3,2504.4,3/10/2004 0:00,Shipped,1,3,2004,Vintage Cars,101,S18_2949,Cambridge Collectables Co.,Cambridge,MA,USA,Small,North America,2004-03-10,2004-03,70.69999999999999,807.6000000000004,0.3224724484906566
10244,30,100.0,1,3525.6,4/29/2004 0:00,Shipped,2,4,2004,Vintage Cars,101,S18_2949,Euro Shopping Channel,Madrid,,Spain,Medium,EMEA,2004-04-29,2004-04,70.69999999999999,1404.6000000000004,0.3984002722940777
10257,50,88.14,1,4407.0,6/14/2004 0:00,Shipped,2,6,2004,Vintage Cars,101,S18_2949,The Sharp Gifts Warehouse,San Jose,CA,USA,Medium,North America,2004-06-14,2004-06,70.69999999999999,872.0000000000005,0.1978670297254369
10270,31,96.24,10,2983.44,7/19/2004 0:00,Shipped,3,7,2004,Vintage Cars,101,S18_2949,Souveniers And Things Co.,Chatswood,NSW,Australia,Small,APAC,2004-07-19,2004-07,70.69999999999999,791.7400000000002,0.26537822111388204
10280,46,100.0,3,5126.24,8/17/2004 0:00,Shipped,3,8,2004,Vintage Cars,101,S18_2949,Amica Models & Co.,Torino,,Italy,Medium,EMEA,2004-08-17,2004-08,70.69999999999999,1874.0400000000004,0.3655778894472363
10291,47,100.0,12,5713.79,9/8/2004 0:00,Shipped,3,9,2004,Vintage Cars,101,S18_2949,Scandinavian Gift Ideas,Boras,,Sweden,Medium,EMEA,2004-09-08,2004-09,70.69999999999999,2390.8900000000003,0.41844204984782435
10304,46,100.0,7,4613.8,10/11/2004 0:00,Shipped,4,10,2004,Vintage Cars,101,S18_2949,Auto Assoc. & Cie.,Versailles,,France,Medium,EMEA,2004-10-11,2004-10,70.69999999999999,1361.6000000000008,0.29511465603190445
10312,37,100.0,4,3711.1,10/21/2004 0:00,Shipped,4,10,2004,Vintage Cars,101,S18_2949,Mini Gifts Distributors Ltd.,San Rafael,CA,USA,Medium,North America,2004-10-21,2004-10,70.69999999999999,1095.2000000000003,0.29511465603190434
10322,33,100.0,12,3524.73,11/4/2004 0:00,Shipped,4,11,2004,Vintage Cars,101,S18_2949,Online Diecast Creations Co.,Nashua,NH,USA,Medium,North America,2004-11-04,2004-11,70.69999999999999,1191.6300000000006,0.33807695908622803
10333,31,90.17,5,2795.27,11/18/2004 0:00,Shipped,4,11,2004,Vintage Cars,101,S18_2949,Mini Wheels Co.,San Francisco,CA,USA,Small,North America,2004-11-18,2004-11,70.69999999999999,603.5700000000002,0.21592547410446938
10347,48,100.0,9,4814.4,11/29/2004 0:00,Shipped,4,11,2004,Vintage Cars,101,S18_2949,"Australian Collectors, Co.",Melbourne,Victoria,Australia,Medium,APAC,2004-11-29,2004-11,70.69999999999999,1420.8000000000002,0.29511465603190434
10357,41,87.13,6,3572.33,12/10/2004 0:00,Shipped,4,12,2004,Vintage Cars,101,S18_2949,Mini Gifts Distributors Ltd.,San Rafael,CA,USA,Medium,North America,2004-12-10,2004-12,70.69999999999999,673.6300000000006,0.1885688052335592
10369,42,100.0,1,4581.36,1/20/2005 0:00,Shipped,1,1,2005,Vintage Cars,101,S18_2949,Collectables For Less Inc.,Brickhaven,MA,USA,Medium,North America,2005-01-20,2005-01,70.69999999999999,1611.96,0.35185185185185186
10381,41,100.0,8,4319.76,2/17/2005 0:00,Shipped,1,2,2005,Vintage Cars,101,S18_2949,Corporate Gift Ideas Co.,San Francisco,CA,USA,Medium,North America,2005-02-17,2005-02,70.69999999999999,1421.0600000000009,0.32896735003796523
10391,32,45.25,6,1448.0,3/9/2005 0:00,Shipped,1,3,2005,Vintage Cars,101,S18_2949,"Anna's Decorations, Ltd",North Sydney,NSW,Australia,Small,APAC,2005-03-09,2005-03,70.69999999999999,-814.3999999999996,-0.5624309392265191
10423,10,88.14,1,881.4,5/30/2005 0:00,In Process,2,5,2005,Vintage Cars,101,S18_2949,Petit Auto,Bruxelles,,Belgium,Small,EMEA,2005-05-30,2005-05,70.69999999999999,174.4000000000001,0.1978670297254369
10103,35,57.46,14,2011.1,1/29/2003 0:00,Shipped,1,1,2003,Vintage Cars,62,S18_2957,Baane Mini Imports,Stavern,,Norway,Small,EMEA,2003-01-29,2003-01,43.4,492.0999999999999,0.2446919596240863
10111,28,64.33,2,1801.24,3/25/2003 0:00,Shipped,1,3,2003,Vintage Cars,62,S18_2957,Mini Wheels Co.,San Francisco,CA,USA,Small,North America,2003-03-25,2003-03,43.4,586.04,0.3253536452665941
10126,46,73.7,14,3390.2,5/28/2003 0:00,Shipped,2,5,2003,Vintage Cars,62,S18_2957,"Corrida Auto Replicas, Ltd",Madrid,,Spain,Medium,EMEA,2003-05-28,2003-05,43.4,1393.8,0.41112618724559025
10139,20,71.2,3,1424.0,7/16/2003 0:00,Shipped,3,7,2003,Vintage Cars,62,S18_2957,Souveniers And Things Co.,Chatswood,NSW,Australia,Small,APAC,2003-07-16,2003-07,43.4,556.0,0.3904494382022472
10150,30,49.97,11,1499.1,9/19/2003 0:00,Shipped,3,9,2003,Vintage Cars,62,S18_2957,"Dragon Souveniers, Ltd.",Singapore,,Singapore,Small,Japan,2003-09-19,2003-09,43.4,197.0999999999999,0.13147888733239937
10163,48,69.96,4,3358.08,10/20/2003 0:00,Shipped,4,10,2003,Vintage Cars,62,S18_2957,Classic Legends Inc.,NYC,NY,USA,Medium,North America,2003-10-20,2003-10,43.4,1274.88,0.3796455117209835
10173,28,53.72,2,1504.16,11/5/2003 0:00,Shipped,4,11,2003,Vintage Cars,62,S18_2957,Rovelli Gifts,Bergamo,,Italy,Small,EMEA,2003-11-05,2003-11,43.4,288.96000000000004,0.1921072226358898
10183,39,68.08,11,2655.12,11/13/2003 0:00,Shipped,4,11,2003,Vintage Cars,62,S18_2957,"Classic Gift Ideas, Inc",Philadelphia,PA,USA,Small,North America,2003-11-13,2003-11,43.4,962.52,0.36251468860164515
10193,24,51.84,3,1244.16,11/21/2003 0:00,Shipped,4,11,2003,Vintage Cars,62,S18_2957,"Australian Collectables, Ltd",Glen Waverly,Victoria,Australia,Small,APAC,2003-11-21,2003-11,43.4,202.56000000000017,0.16280864197530878
10206,28,67.46,9,1888.88,12/5/2003 0:00,Shipped,4,12,2003,Vintage Cars,62,S18_2957,Canadian Gift Exchange Network,Vancouver,BC,Canada,Small,North America,2003-12-05,2003-12,43.4,673.6800000000001,0.35665579602727543
10215,31,58.71,6,1820.01,1/29/2004 0:00,Shipped,1,1,2004,Vintage Cars,62,S18_2957,West Coast Collectables Co.,Burbank,CA,USA,Small,North America,2004-01-29,2004-01,43.4,474.6100000000001,0.26077329245443714
10228,45,63.71,5,2866.95,3/10/2004 0:00,Shipped,1,3,2004,Vintage Cars,62,S18_2957,Cambridge Collectables Co.,Cambridge,MA,USA,Small,North America,2004-03-10,2004-03,43.4,913.9499999999998,0.31878825929995286
10244,24,58.09,3,1394.16,4/29/2004 0:00,Shipped,2,4,2004,Vintage Cars,62,S18_2957,Euro Shopping Channel,Madrid,,Spain,Small,EMEA,2004-04-29,2004-04,43.4,352.5600000000002,0.25288345670511286
10257,49,53.72,3,2632.28,6/14/2004 0:00,Shipped,2,6,2004,Vintage Cars,62,S18_2957,The Sharp Gifts Warehouse,San Jose,CA,USA,Small,North America,2004-06-14,2004-06,43.4,505.6800000000003,0.1921072226358899
10269,32,63.08,1,2018.56,7/16/2004 0:00,Shipped,3,7,2004,Vintage Cars,62,S18_2957,Salzburg Collectables,Salzburg,,Austria,Small,EMEA,2004-07-16,2004-07,43.4,629.76,0.3119847812301839
10280,43,68.71,5,2954.53,8/17/2004 0:00,Shipped,3,8,2004,Vintage Cars,62,S18_2957,Amica Models & Co.,Torino,,Italy,Small,EMEA,2004-08-17,2004-08,43.4,1088.3300000000002,0.36835977295881245
10291,37,50.59,14,1871.83,9/8/2004 0:00,Shipped,3,9,2004,Vintage Cars,62,S18_2957,Scandinavian Gift Ideas,Boras,,Sweden,Small,EMEA,2004-09-08,2004-09,43.4,266.03,0.1421229491994465
10304,24,64.96,9,1559.04,10/11/2004 0:00,Shipped,4,10,2004,Vintage Cars,62,S18_2957,Auto Assoc. & Cie.,Versailles,,France,Small,EMEA,2004-10-11,2004-10,43.4,517.44,0.33189655172413796
10312,35,53.72,6,1880.2,10/21/2004 0:00,Shipped,4,10,2004,Vintage Cars,62,S18_2957,Mini Gifts Distributors Ltd.,San Rafael,CA,USA,Small,North America,2004-10-21,2004-10,43.4,361.20000000000005,0.1921072226358898
10322,41,29.87,13,1224.67,11/4/2004 0:00,Shipped,4,11,2004,Vintage Cars,62,S18_2957,Online Diecast Creations Co.,Nashua,NH,USA,Small,North America,2004-11-04,2004-11,43.4,-554.7299999999998,-0.4529628389688649
10332,26,100.0,17,2979.08,11/17/2004 0:00,Shipped,4,11,2004,Vintage Cars,62,S18_2957,"AV Stores, Co.",Manchester,,UK,Small,EMEA,2004-11-17,2004-11,43.4,1850.68,0.6212253447373015
10347,34,64.96,10,2208.64,11/29/2004 0:00,Shipped,4,11,2004,Vintage Cars,62,S18_2957,"Australian Collectors, Co.",Melbourne,Victoria,Australia,Small,APAC,2004-11-29,2004-11,43.4,733.04,0.33189655172413796
10357,49,70.58,5,3458.42,12/10/2004 0:00,Shipped,4,12,2004,Vintage Cars,62,S18_2957,Mini Gifts Distributors Ltd.,San Rafael,CA,USA,Medium,North America,2004-12-10,2004-12,43.4,1331.8200000000002,0.3850949277415699
10369,28,44.21,6,1237.88,1/20/2005 0:00,Shipped,1,1,2005,Vintage Cars,62,S18_2957,Collectables For Less Inc.,Brickhaven,MA,USA,Small,North America,2005-01-20,2005-01,43.4,22.680000000000064,0.018321646686270125
10381,40,68.08,4,2723.2,2/17/2005 0:00,Shipped,1,2,2005,Vintage Cars,62,S18_2957,Corporate Gift Ideas Co.,San Francisco,CA,USA,Small,North America,2005-02-17,2005-02,43.4,987.1999999999998,0.3625146886016451
10392,37,59.96,3,2218.52,3/10/2005 0:00,Shipped,1,3,2005,Vintage Cars,62,S18_2957,Mini Auto Werke,Graz,,Austria,Small,EMEA,2005-03-10,2005-03,43.4,612.72,0.276184122748499
10423,31,53.72,3,1665.32,5/30/2005 0:00,In Process,2,5,2005,Vintage Cars,62,S18_2957,Petit Auto,Bruxelles,,Belgium,Small,EMEA,2005-05-30,2005-05,43.4,319.9200000000001,0.19210722263588986
10106,41,83.44,18,3421.04,2/17/2003 0:00,Shipped,1,2,2003,Ships,86,S18_3029,Rovelli Gifts,Bergamo,,Italy,Medium,EMEA,2003-02-17,2003-02,60.199999999999996,952.8400000000001,0.27852348993288595
10119,21,89.46,9,1878.66,4/28/2003 0:00,Shipped,2,4,2003,Ships,86,S18_3029,Salzburg Collectables,Salzburg,,Austria,Small,EMEA,2003-04-28,2003-04,60.199999999999996,614.4600000000003,0.3270735524256652
10130,40,96.34,2,3853.6,6/16/2003 0:00,Shipped,2,6,2003,Ships,86,S18_3029,Auto-Moto Classics Inc.,Brickhaven,MA,USA,Medium,North America,2003-06-16,2003-06,60.199999999999996,1445.6,0.37512974880631095
10143,46,74.84,13,3442.64,8/10/2003 0:00,Shipped,3,8,2003,Ships,86,S18_3029,Mini Creations Ltd.,New Bedford,MA,USA,Medium,North America,2003-08-10,2003-08,60.199999999999996,673.44,0.19561731694281134
10155,44,79.14,11,3482.16,10/6/2003 0:00,Shipped,4,10,2003,Ships,86,S18_3029,"Toys of Finland, Co.",Helsinki,,Finland,Medium,EMEA,2003-10-06,2003-10,60.199999999999996,833.3600000000001,0.23932271923174125
10167,46,73.12,7,3363.52,10/23/2003 0:00,Cancelled,4,10,2003,Ships,86,S18_3029,Scandinavian Gift Ideas,Boras,,Sweden,Medium,EMEA,2003-10-23,2003-10,60.199999999999996,594.3200000000002,0.17669584245076592
10178,41,81.72,10,3350.52,11/8/2003 0:00,Shipped,4,11,2003,Ships,86,S18_3029,Alpha Cognac,Toulouse,,France,Medium,EMEA,2003-11-08,2003-11,60.199999999999996,882.3200000000002,0.2633382280959374
10186,32,89.46,7,2862.72,11/14/2003 0:00,Shipped,4,11,2003,Ships,86,S18_3029,"Double Decker Gift Stores, Ltd",London,,UK,Small,EMEA,2003-11-14,2003-11,60.199999999999996,936.3199999999999,0.3270735524256651
10197,46,87.74,4,4036.04,11/26/2003 0:00,Shipped,4,11,2003,Ships,86,S18_3029,Enaco Distributors,Barcelona,,Spain,Medium,EMEA,2003-11-26,2003-11,60.199999999999996,1266.8400000000001,0.3138819238659677
10209,28,100.0,6,2817.92,1/9/2004 0:00,Shipped,1,1,2004,Ships,86,S18_3029,"Men 'R' US Retailers, Ltd.",Los Angeles,CA,USA,Small,North America,2004-01-09,2004-01,60.199999999999996,1132.3200000000002,0.40182829888712246
10222,49,94.62,10,4636.38,2/19/2004 0:00,Shipped,1,2,2004,Ships,86,S18_3029,Collectable Mini Designs Co.,San Diego,CA,USA,Medium,North America,2004-02-19,2004-02,60.199999999999996,1686.5800000000004,0.36377087296554644
10248,21,73.98,1,1553.58,5/7/2004 0:00,Cancelled,2,5,2004,Ships,86,S18_3029,Land of Toys Inc.,NYC,NY,USA,Small,North America,2004-05-07,2004-05,60.199999999999996,289.3800000000001,0.18626655852933233
10262,32,84.3,15,2697.6,6/24/2004 0:00,Cancelled,2,6,2004,Ships,86,S18_3029,Euro Shopping Channel,Madrid,,Spain,Small,EMEA,2004-06-24,2004-06,60.199999999999996,771.2,0.2858837485172005
10273,34,98.06,2,3334.04,7/21/2004 0:00,Shipped,3,7,2004,Ships,86,S18_3029,Petit Auto,Bruxelles,,Belgium,Medium,EMEA,2004-07-21,2004-07,60.199999999999996,1287.24,0.3860901488884357
10283,21,98.06,4,2059.26,8/20/2004 0:00,Shipped,3,8,2004,Ships,86,S18_3029,"Royal Canadian Collectables, Ltd.",Tsawassen,BC,Canada,Small,North America,2004-08-20,2004-08,60.199999999999996,795.0600000000004,0.3860901488884358
10296,21,96.34,13,2023.14,9/15/2004 0:00,Shipped,3,9,2004,Ships,86,S18_3029,"Bavarian Collectables Imports, Co.",Munich,,Germany,Small,EMEA,2004-09-15,2004-09,60.199999999999996,758.9400000000003,0.3751297488063111
10307,31,83.44,7,2586.64,10/14/2004 0:00,Shipped,4,10,2004,Ships,86,S18_3029,"Classic Gift Ideas, Inc",Philadelphia,PA,USA,Small,North America,2004-10-14,2004-10,60.199999999999996,720.44,0.27852348993288595
10316,21,94.62,15,1987.02,11/1/2004 0:00,Shipped,4,11,2004,Ships,86,S18_3029,giftsbymail.co.uk,Cowes,Isle of Wight,UK,Small,EMEA,2004-11-01,2004-11,60.199999999999996,722.8200000000002,0.3637708729655465
10327,25,45.86,5,1146.5,11/10/2004 0:00,Resolved,4,11,2004,Ships,86,S18_3029,Danish Wholesale Imports,Kobenhavn,,Denmark,Small,EMEA,2004-11-10,2004-11,60.199999999999996,-358.5,-0.31269079808111644
10338,28,82.58,3,2312.24,11/22/2004 0:00,Shipped,4,11,2004,Ships,86,S18_3029,Royale Belge,Charleroi,,Belgium,Small,EMEA,2004-11-22,2004-11,60.199999999999996,626.6399999999999,0.27100992976507626
10350,43,64.97,6,2793.71,12/2/2004 0:00,Shipped,4,12,2004,Ships,86,S18_3029,Euro Shopping Channel,Madrid,,Spain,Small,EMEA,2004-12-02,2004-12,60.199999999999996,205.11000000000013,0.07341850084654461
10373,22,86.74,5,1908.28,1/31/2005 0:00,Shipped,1,1,2005,Ships,86,S18_3029,"Oulu Toy Supplies, Inc.",Oulu,,Finland,Small,EMEA,2005-01-31,2005-01,60.199999999999996,583.8800000000001,0.30597186995619097
10386,37,93.01,5,3441.37,3/1/2005 0:00,Resolved,1,3,2005,Ships,86,S18_3029,Euro Shopping Channel,Madrid,,Spain,Medium,EMEA,2005-03-01,2005-03,60.199999999999996,1213.9700000000003,0.35275776798193753
10398,28,72.26,18,2023.28,3/30/2005 0:00,Shipped,1,3,2005,Ships,86,S18_3029,Reims Collectables,Reims,,France,Small,EMEA,2005-03-30,2005-03,60.199999999999996,337.68000000000006,0.1668973152504844
10400,30,74.84,7,2245.2,4/1/2005 0:00,Shipped,2,4,2005,Ships,86,S18_3029,The Sharp Gifts Warehouse,San Jose,CA,USA,Small,North America,2005-04-01,2005-04,60.199999999999996,439.20000000000005,0.19561731694281137
10414,44,73.98,1,3255.12,5/6/2005 0:00,On Hold,2,5,2005,Ships,86,S18_3029,Gifts4AllAges.com,Boston,MA,USA,Medium,North America,2005-05-06,2005-05,60.199999999999996,606.3200000000002,0.1862665585293323
10103,25,100.0,13,2539.5,1/29/2003 0:00,Shipped,1,1,2003,Vintage Cars,104,S18_3136,Baane Mini Imports,Stavern,,Norway,Small,EMEA,2003-01-29,2003-01,72.8,719.5,0.2833234888757629
10111,43,100.0,1,4818.15,3/25/2003 0:00,Shipped,1,3,2003,Vintage Cars,104,S18_3136,Mini Wheels Co.,San Francisco,CA,USA,Medium,North America,2003-03-25,2003-03,72.8,1687.7499999999995,0.35029004908522976
10126,30,97.39,13,2921.7,5/28/2003 0:00,Shipped,2,5,2003,Vintage Cars,104,S18_3136,"Corrida Auto Replicas, Ltd",Madrid,,Spain,Small,EMEA,2003-05-28,2003-05,72.8,737.6999999999998,0.25248998870520584
10139,20,90.06,2,1801.2,7/16/2003 0:00,Shipped,3,7,2003,Vintage Cars,104,S18_3136,Souveniers And Things Co.,Chatswood,NSW,Australia,Small,APAC,2003-07-16,2003-07,72.8,345.20000000000005,0.19165001110370866
10150,26,100.0,10,2804.36,9/19/2003 0:00,Shipped,3,9,2003,Vintage Cars,104,S18_3136,"Dragon Souveniers, Ltd.",Singapore,,Singapore,Small,Japan,2003-09-19,2003-09,72.8,911.5600000000002,0.32505099202670135
10163,40,100.0,3,4900.8,10/20/2003 0:00,Shipped,4,10,2003,Vintage Cars,104,S18_3136,Classic Legends Inc.,NYC,NY,USA,Medium,North America,2003-10-20,2003-10,72.8,1988.8000000000002,0.40581129611492006
10173,31,89.01,1,2759.31,11/5/2003 0:00,Shipped,4,11,2003,Vintage Cars,104,S18_3136,Rovelli Gifts,Bergamo,,Italy,Small,EMEA,2003-11-05,2003-11,72.8,502.5100000000002,0.18211436917200322
10183,22,100.0,10,2488.2,11/13/2003 0:00,Shipped,4,11,2003,Vintage Cars,104,S18_3136,"Classic Gift Ideas, Inc",Philadelphia,PA,USA,Small,North America,2003-11-13,2003-11,72.8,886.5999999999999,0.3563218390804598
10193,23,100.0,2,2769.89,11/21/2003 0:00,Shipped,4,11,2003,Vintage Cars,104,S18_3136,"Australian Collectables, Ltd",Glen Waverly,Victoria,Australia,Small,APAC,2003-11-21,2003-11,72.8,1095.49,0.39549946026737526
10206,30,100.0,8,3581.4,12/5/2003 0:00,Shipped,4,12,2003,Vintage Cars,104,S18_3136,Canadian Gift Exchange Network,Vancouver,BC,Canada,Medium,North America,2003-12-05,2003-12,72.8,1397.4,0.39018261015245437
10215,49,100.0,5,5285.14,1/29/2004 0:00,Shipped,1,1,2004,Vintage Cars,104,S18_3136,West Coast Collectables Co.,Burbank,CA,USA,Medium,North America,2004-01-29,2004-01,72.8,1717.9400000000005,0.32505099202670135
10228,31,100.0,4,3181.53,3/10/2004 0:00,Shipped,1,3,2004,Vintage Cars,104,S18_3136,Cambridge Collectables Co.,Cambridge,MA,USA,Medium,North America,2004-03-10,2004-03,72.8,924.7300000000005,0.29065575367826185
10244,29,100.0,2,3340.51,4/29/2004 0:00,Shipped,2,4,2004,Vintage Cars,104,S18_3136,Euro Shopping Channel,Madrid,,Spain,Medium,EMEA,2004-04-29,2004-04,72.8,1229.3100000000004,0.3680006945047314
10257,37,84.82,2,3138.34,6/14/2004 0:00,Shipped,2,6,2004,Vintage Cars,104,S18_3136,The Sharp Gifts Warehouse,San Jose,CA,USA,Medium,North America,2004-06-14,2004-06,72.8,444.74000000000024,0.14171186041028067
10270,38,100.0,11,4775.08,7/19/2004 0:00,Shipped,3,7,2004,Vintage Cars,104,S18_3136,Souveniers And Things Co.,Chatswood,NSW,Australia,Medium,APAC,2004-07-19,2004-07,72.8,2008.6799999999998,0.4206589208976603
10280,29,100.0,4,3006.43,8/17/2004 0:00,Shipped,3,8,2004,Vintage Cars,104,S18_3136,Amica Models & Co.,Torino,,Italy,Medium,EMEA,2004-08-17,2004-08,72.8,895.23,0.29777177582714387
10291,23,100.0,13,2866.26,9/8/2004 0:00,Shipped,3,9,2004,Vintage Cars,104,S18_3136,Scandinavian Gift Ideas,Boras,,Sweden,Small,EMEA,2004-09-08,2004-09,72.8,1191.8600000000004,0.4158241052800514
10304,26,85.87,8,2232.62,10/11/2004 0:00,Shipped,4,10,2004,Vintage Cars,104,S18_3136,Auto Assoc. & Cie.,Versailles,,France,Small,EMEA,2004-10-11,2004-10,72.8,339.81999999999994,0.15220682426924417
10312,38,100.0,5,4457.02,10/21/2004 0:00,Shipped,4,10,2004,Vintage Cars,104,S18_3136,Mini Gifts Distributors Ltd.,San Rafael,CA,USA,Medium,North America,2004-10-21,2004-10,72.8,1690.6200000000003,0.3793162247420923
10322,48,47.04,7,2257.92,11/4/2004 0:00,Shipped,4,11,2004,Vintage Cars,104,S18_3136,Online Diecast Creations Co.,Nashua,NH,USA,Small,North America,2004-11-04,2004-11,72.8,-1236.4799999999996,-0.5476190476190474
10332,40,39.8,18,1592.0,11/17/2004 0:00,Shipped,4,11,2004,Vintage Cars,104,S18_3136,"AV Stores, Co.",Manchester,,UK,Small,EMEA,2004-11-17,2004-11,72.8,-1320.0,-0.8291457286432161
10347,45,100.0,11,4948.2,11/29/2004 0:00,Shipped,4,11,2004,Vintage Cars,104,S18_3136,"Australian Collectors, Co.",Melbourne,Victoria,Australia,Medium,APAC,2004-11-29,2004-11,72.8,1672.1999999999998,0.33794106947981084
10357,44,100.0,4,5160.76,12/10/2004 0:00,Shipped,4,12,2004,Vintage Cars,104,S18_3136,Mini Gifts Distributors Ltd.,San Rafael,CA,USA,Medium,North America,2004-12-10,2004-12,72.8,1957.5600000000004,0.3793162247420923
10369,21,94.22,5,1978.62,1/20/2005 0:00,Shipped,1,1,2005,Vintage Cars,104,S18_3136,Collectables For Less Inc.,Brickhaven,MA,USA,Small,North America,2005-01-20,2005-01,72.8,449.81999999999994,0.22734026745913816
10381,35,100.0,5,4288.2,2/17/2005 0:00,Shipped,1,2,2005,Vintage Cars,104,S18_3136,Corporate Gift Ideas Co.,San Francisco,CA,USA,Medium,North America,2005-02-17,2005-02,72.8,1740.1999999999998,0.40581129611492
10392,29,86.92,2,2520.68,3/10/2005 0:00,Shipped,1,3,2005,Vintage Cars,104,S18_3136,Mini Auto Werke,Graz,,Austria,Small,EMEA,2005-03-10,2005-03,72.8,409.48,0.1624482282558675
10423,21,84.82,2,1781.22,5/30/2005 0:00,In Process,2,5,2005,Vintage Cars,104,S18_3136,Petit Auto,Bruxelles,,Belgium,Small,EMEA,2005-05-30,2005-05,72.8,252.42000000000007,0.14171186041028064
10105,22,100.0,11,3065.04,2/11/2003 0:00,Shipped,1,2,2003,Vintage Cars,136,S18_3140,Danish Wholesale Imports,Kobenhavn,,Denmark,Medium,EMEA,2003-02-11,2003-02,95.19999999999999,970.6400000000003,0.3166810221073788
10117,26,100.0,5,3551.34,4/16/2003 0:00,Shipped,2,4,2003,Vintage Cars,136,S18_3140,"Dragon Souveniers, Ltd.",Singapore,,Singapore,Medium,Japan,2003-04-16,2003-04,95.19999999999999,1076.1400000000003,0.3030236474119629
10128,41,100.0,2,5544.02,6/6/2003 0:00,Shipped,2,6,2003,Vintage Cars,136,S18_3140,Euro Shopping Channel,Madrid,,Spain,Medium,EMEA,2003-06-06,2003-06,95.19999999999999,1640.820000000001,0.29596213577873115
10142,47,100.0,8,6034.33,8/8/2003 0:00,Shipped,3,8,2003,Vintage Cars,136,S18_3140,Mini Gifts Distributors Ltd.,San Rafael,CA,USA,Medium,North America,2003-08-08,2003-08,95.19999999999999,1559.9300000000003,0.25850922969078594
10153,31,100.0,7,3641.57,9/28/2003 0:00,Shipped,3,9,2003,Vintage Cars,136,S18_3140,Euro Shopping Channel,Madrid,,Spain,Medium,EMEA,2003-09-28,2003-09,95.19999999999999,690.3700000000003,0.18958031837916073
10166,43,100.0,2,6930.74,10/21/2003 0:00,Shipped,4,10,2003,Vintage Cars,136,S18_3140,FunGiftIdeas.com,New Bedford,MA,USA,Medium,North America,2003-10-21,2003-10,95.19999999999999,2837.1400000000003,0.4093559995036606
10177,23,100.0,9,3675.63,11/7/2003 0:00,Shipped,4,11,2003,Vintage Cars,136,S18_3140,CAF Imports,Madrid,,Spain,Medium,EMEA,2003-11-07,2003-11,95.19999999999999,1486.0300000000002,0.4042925974594832
10185,28,100.0,9,3442.04,11/14/2003 0:00,Shipped,4,11,2003,Vintage Cars,136,S18_3140,Mini Creations Ltd.,New Bedford,MA,USA,Medium,North America,2003-11-14,2003-11,95.19999999999999,776.4400000000005,0.22557553078988057
10196,49,100.0,1,6893.81,11/26/2003 0:00,Shipped,4,11,2003,Vintage Cars,136,S18_3140,Super Scale Inc.,New Haven,CT,USA,Medium,North America,2003-11-26,2003-11,95.19999999999999,2229.010000000001,0.32333499182600056
10208,24,100.0,9,2622.48,1/2/2004 0:00,Shipped,1,1,2004,Vintage Cars,136,S18_3140,"Saveley & Henriot, Co.",Lyon,,France,Small,EMEA,2004-01-02,2004-01,95.19999999999999,337.6800000000003,0.12876361306854592
10221,33,100.0,3,4417.38,2/18/2004 0:00,Shipped,1,2,2004,Vintage Cars,136,S18_3140,Petit Auto,Bruxelles,,Belgium,Medium,EMEA,2004-02-18,2004-02,95.19999999999999,1275.7800000000007,0.28880920364560003
10232,22,100.0,6,3606.02,3/20/2004 0:00,Shipped,1,3,2004,Vintage Cars,136,S18_3140,giftsbymail.co.uk,Cowes,Isle of Wight,UK,Medium,EMEA,2004-03-20,2004-03,95.19999999999999,1511.6200000000003,0.4191934598255141
10248,32,100.0,12,3802.56,5/7/2004 0:00,Cancelled,2,5,2004,Vintage Cars,136,S18_3140,Land of Toys Inc.,NYC,NY,USA,Medium,North America,2004-05-07,2004-05,95.19999999999999,756.1600000000003,0.1988555078683835
10273,40,100.0,13,5026.4,7/21/2004 0:00,Shipped,3,7,2004,Vintage Cars,136,S18_3140,Petit Auto,Bruxelles,,Belgium,Medium,EMEA,2004-07-21,2004-07,95.19999999999999,1218.4,0.24240012732770974
10282,43,100.0,1,6695.53,8/20/2004 0:00,Shipped,3,8,2004,Vintage Cars,136,S18_3140,Mini Gifts Distributors Ltd.,San Rafael,CA,USA,Medium,North America,2004-08-20,2004-08,95.19999999999999,2601.9300000000003,0.38860702588144636
10293,24,100.0,4,2819.28,9/9/2004 0:00,Shipped,3,9,2004,Vintage Cars,136,S18_3140,Amica Models & Co.,Torino,,Italy,Small,EMEA,2004-09-09,2004-09,95.19999999999999,534.4800000000005,0.18958031837916078
10306,32,100.0,9,3759.04,10/14/2004 0:00,Shipped,4,10,2004,Vintage Cars,136,S18_3140,"AV Stores, Co.",Manchester,,UK,Medium,EMEA,2004-10-14,2004-10,95.19999999999999,712.6400000000003,0.18958031837916073
10314,20,100.0,1,2731.8,10/22/2004 0:00,Shipped,4,10,2004,Vintage Cars,136,S18_3140,Heintze Collectables,Aaarhus,,Denmark,Small,EMEA,2004-10-22,2004-10,95.19999999999999,827.8000000000004,0.3030236474119629
10325,24,69.12,9,1658.88,11/5/2004 0:00,Shipped,4,11,2004,Vintage Cars,136,S18_3140,Baane Mini Imports,Stavern,,Norway,Small,EMEA,2004-11-05,2004-11,95.19999999999999,-625.9199999999996,-0.37731481481481455
10336,48,100.0,12,5778.24,11/20/2004 0:00,Shipped,4,11,2004,Vintage Cars,136,S18_3140,"La Corne D'abondance, Co.",Paris,,France,Medium,EMEA,2004-11-20,2004-11,95.19999999999999,1208.6400000000003,0.20917095863100188
10350,44,100.0,1,5191.12,12/2/2004 0:00,Shipped,4,12,2004,Vintage Cars,136,S18_3140,Euro Shopping Channel,Madrid,,Spain,Medium,EMEA,2004-12-02,2004-12,95.19999999999999,1002.3200000000006,0.1930835734870318
10372,28,100.0,3,3862.88,1/26/2005 0:00,Shipped,1,1,2005,Vintage Cars,136,S18_3140,"Tokyo Collectables, Ltd",Minato-ku,Tokyo,Japan,Medium,Japan,2005-01-26,2005-01,95.19999999999999,1197.2800000000007,0.30994491156857074
10383,24,61.52,9,1476.48,2/22/2005 0:00,Shipped,1,2,2005,Vintage Cars,136,S18_3140,Euro Shopping Channel,Madrid,,Spain,Small,EMEA,2005-02-22,2005-02,95.19999999999999,-808.3199999999997,-0.5474642392717813
10396,33,100.0,2,5273.73,3/23/2005 0:00,Shipped,1,3,2005,Vintage Cars,136,S18_3140,Mini Gifts Distributors Ltd.,San Rafael,CA,USA,Medium,North America,2005-03-23,2005-03,95.19999999999999,2132.13,0.4042925974594832
10414,41,100.0,12,4872.03,5/6/2005 0:00,On Hold,2,5,2005,Vintage Cars,136,S18_3140,Gifts4AllAges.com,Boston,MA,USA,Medium,North America,2005-05-06,2005-05,95.19999999999999,968.8300000000004,0.1988555078683835
10104,23,100.0,13,4556.99,1/31/2003 0:00,Shipped,1,1,2003,Classic Cars,169,S18_3232,Euro Shopping Channel,Madrid,,Spain,Medium,EMEA,2003-01-31,2003-01,118.3,1836.0899999999997,0.4029172765356079
10109,46,100.0,5,8257.0,3/10/2003 0:00,Shipped,1,3,2003,Classic Cars,169,S18_3232,Motor Mint Distributors Inc.,Philadelphia,PA,USA,Large,North America,2003-03-10,2003-03,118.3,2815.2,0.34094707520891365
10114,48,100.0,4,8209.44,4/1/2003 0:00,Shipped,2,4,2003,Classic Cars,169,S18_3232,"La Corne D'abondance, Co.",Paris,,France,Large,EMEA,2003-04-01,2003-04,118.3,2531.040000000001,0.308308483891715
10122,25,100.0,3,3598.5,5/8/2003 0:00,Shipped,2,5,2003,Classic Cars,169,S18_3232,Marseille Mini Autos,Marseille,,France,Medium,EMEA,2003-05-08,2003-05,118.3,641.0,0.17812977629567875
10127,22,100.0,15,3837.24,6/3/2003 0:00,Shipped,2,6,2003,Classic Cars,169,S18_3232,Muscle Machine Inc,NYC,NY,USA,Medium,North America,2003-06-03,2003-06,118.3,1234.6399999999999,0.32175209264992544
10136,41,100.0,3,8331.61,7/4/2003 0:00,Shipped,3,7,2003,Classic Cars,169,S18_3232,Alpha Cognac,Toulouse,,France,Large,EMEA,2003-07-04,2003-07,118.3,3481.3100000000004,0.41784361005856013
10141,34,100.0,9,4836.5,8/1/2003 0:00,Shipped,3,8,2003,Classic Cars,169,S18_3232,Suominen Souveniers,Espoo,,Finland,Medium,EMEA,2003-08-01,2003-08,118.3,814.3000000000002,0.168365553602812
10148,32,100.0,14,5418.88,9/11/2003 0:00,Shipped,3,9,2003,Classic Cars,169,S18_3232,"Anna's Decorations, Ltd",North Sydney,NSW,Australia,Medium,APAC,2003-09-11,2003-09,118.3,1633.2800000000002,0.30140545647809147
10151,21,100.0,7,3734.01,9/21/2003 0:00,Shipped,3,9,2003,Classic Cars,169,S18_3232,"Oulu Toy Supplies, Inc.",Oulu,,Finland,Medium,EMEA,2003-09-21,2003-09,118.3,1249.7100000000005,0.334683088690175
10160,20,100.0,1,3996.4,10/11/2003 0:00,Shipped,4,10,2003,Classic Cars,169,S18_3232,"Men 'R' US Retailers, Ltd.",Los Angeles,CA,USA,Medium,North America,2003-10-11,2003-10,118.3,1630.4,0.4079671704534081
10165,47,100.0,16,8754.69,10/22/2003 0:00,Shipped,4,10,2003,Classic Cars,169,S18_3232,"Dragon Souveniers, Ltd.",Singapore,,Singapore,Large,Japan,2003-10-22,2003-10,118.3,3194.590000000001,0.36490041337842927
10171,39,100.0,3,5481.45,11/5/2003 0:00,Shipped,4,11,2003,Classic Cars,169,S18_3232,Quebec Home Shopping Network,Montreal,Quebec,Canada,Medium,North America,2003-11-05,2003-11,118.3,867.75,0.1583066524368552
10175,29,100.0,5,4419.89,11/6/2003 0:00,Shipped,4,11,2003,Classic Cars,169,S18_3232,"Stylish Desk Decors, Co.",London,,UK,Medium,EMEA,2003-11-06,2003-11,118.3,989.1900000000005,0.2238042123220262
10181,45,100.0,7,6324.75,11/12/2003 0:00,Shipped,4,11,2003,Classic Cars,169,S18_3232,Herkku Gifts,Bergen,,Norway,Medium,EMEA,2003-11-12,2003-11,118.3,1001.25,0.1583066524368552
10184,28,100.0,10,4409.72,11/14/2003 0:00,Shipped,4,11,2003,Classic Cars,169,S18_3232,"Iberia Gift Imports, Corp.",Sevilla,,Spain,Medium,EMEA,2003-11-14,2003-11,118.3,1097.3200000000002,0.24884119626642964
10192,26,100.0,12,3918.46,11/20/2003 0:00,Shipped,4,11,2003,Classic Cars,169,S18_3232,Online Diecast Creations Co.,Nashua,NH,USA,Medium,North America,2003-11-20,2003-11,118.3,842.6600000000003,0.21504876915931267
10195,50,100.0,10,7620.5,11/25/2003 0:00,Shipped,4,11,2003,Classic Cars,169,S18_3232,Mini Classics,White Plains,NY,USA,Large,North America,2003-11-25,2003-11,118.3,1705.5,0.2238042123220261
10203,48,100.0,1,8291.04,12/2/2003 0:00,Shipped,4,12,2003,Classic Cars,169,S18_3232,Euro Shopping Channel,Madrid,,Spain,Large,EMEA,2003-12-02,2003-12,118.3,2612.6400000000012,0.315116077114572
10207,25,100.0,11,3937.25,12/9/2003 0:00,Shipped,4,12,2003,Classic Cars,169,S18_3232,Diecast Collectables,Boston,MA,USA,Medium,North America,2003-12-09,2003-12,118.3,979.75,0.24884119626642962
10212,40,100.0,11,5554.4,1/16/2004 0:00,Shipped,1,1,2004,Classic Cars,169,S18_3232,Euro Shopping Channel,Madrid,,Spain,Medium,EMEA,2004-01-16,2004-01,118.3,822.3999999999996,0.1480627970617888
10225,43,100.0,2,6407.86,2/22/2004 0:00,Shipped,1,2,2004,Classic Cars,169,S18_3232,"Vida Sport, Ltd",Gensve,,Switzerland,Medium,EMEA,2004-02-22,2004-02,118.3,1320.96,0.20614682592940548
10229,22,100.0,5,4172.52,3/11/2004 0:00,Shipped,1,3,2004,Classic Cars,169,S18_3232,Mini Gifts Distributors Ltd.,San Rafael,CA,USA,Medium,North America,2004-03-11,2004-03,118.3,1569.9200000000005,0.3762522408520511
10239,47,100.0,1,7083.37,4/12/2004 0:00,Shipped,2,4,2004,Classic Cars,169,S18_3232,"Oulu Toy Supplies, Inc.",Oulu,,Finland,Large,EMEA,2004-04-12,2004-04,118.3,1523.2700000000004,0.21504876915931265
10246,36,100.0,9,7132.68,5/5/2004 0:00,Shipped,2,5,2004,Classic Cars,169,S18_3232,Euro Shopping Channel,Madrid,,Spain,Large,EMEA,2004-05-05,2004-05,118.3,2873.88,0.40291727653560794
10253,40,100.0,6,6773.6,6/1/2004 0:00,Cancelled,2,6,2004,Classic Cars,169,S18_3232,"UK Collectables, Ltd.",Liverpool,,UK,Medium,EMEA,2004-06-01,2004-06,118.3,2041.6000000000004,0.30140545647809147
10259,27,100.0,8,3657.69,6/15/2004 0:00,Shipped,2,6,2004,Classic Cars,169,S18_3232,Handji Gifts& Co,Singapore,,Singapore,Medium,APAC,2004-06-15,2004-06,118.3,463.59000000000015,0.12674392854506536
10266,29,100.0,7,4812.55,7/6/2004 0:00,Shipped,3,7,2004,Classic Cars,169,S18_3232,L'ordine Souveniers,Reggio Emilia,,Italy,Medium,EMEA,2004-07-06,2004-07,118.3,1381.8500000000004,0.287134679120217
10271,20,100.0,9,3928.6,7/20/2004 0:00,Shipped,3,7,2004,Classic Cars,169,S18_3232,Mini Gifts Distributors Ltd.,San Rafael,CA,USA,Medium,North America,2004-07-20,2004-07,118.3,1562.6,0.39774983454665785
10278,42,100.0,7,6401.22,8/6/2004 0:00,Shipped,3,8,2004,Classic Cars,169,S18_3232,Signal Gift Stores,Las Vegas,NV,USA,Medium,North America,2004-08-06,2004-08,118.3,1432.6200000000008,0.22380421232202624
10281,25,100.0,5,4191.25,8/19/2004 0:00,Shipped,3,8,2004,Classic Cars,169,S18_3232,Diecast Classics Inc.,Allentown,PA,USA,Medium,North America,2004-08-19,2004-08,118.3,1233.75,0.29436325678496866
10287,36,100.0,5,5852.52,8/30/2004 0:00,Shipped,3,8,2004,Classic Cars,169,S18_3232,"Vida Sport, Ltd",Gensve,,Switzerland,Medium,EMEA,2004-08-30,2004-08,118.3,1593.7200000000003,0.2723134649689365
10292,21,100.0,12,2844.87,9/8/2004 0:00,Shipped,3,9,2004,Classic Cars,169,S18_3232,Land of Toys Inc.,NYC,NY,USA,Small,North America,2004-09-08,2004-09,118.3,360.57000000000016,0.1267439285450654
10301,23,100.0,9,4011.66,10/5/2003 0:00,Shipped,4,10,2003,Classic Cars,169,S18_3232,"Norway Gifts By Mail, Co.",Oslo,,Norway,Medium,EMEA,2003-10-05,2003-10,118.3,1290.7599999999998,0.32175209264992544
10305,37,100.0,9,7455.87,10/13/2004 0:00,Shipped,4,10,2004,Classic Cars,169,S18_3232,Marta's Replicas Co.,Cambridge,MA,USA,Large,North America,2004-10-13,2004-10,118.3,3078.7700000000004,0.41293236067688954
10310,48,100.0,3,8940.96,10/16/2004 0:00,Shipped,4,10,2004,Classic Cars,169,S18_3232,"Toms Spezialitten, Ltd",Koln,,Germany,Large,EMEA,2004-10-16,2004-10,118.3,3262.5599999999995,0.36490041337842916
10313,25,100.0,3,4572.25,10/22/2004 0:00,Shipped,4,10,2004,Classic Cars,169,S18_3232,Canadian Gift Exchange Network,Vancouver,BC,Canada,Medium,North America,2004-10-22,2004-10,118.3,1614.75,0.353163103504839
10321,33,100.0,11,5700.09,11/4/2004 0:00,Shipped,4,11,2004,Classic Cars,169,S18_3232,FunGiftIdeas.com,New Bedford,MA,USA,Medium,North America,2004-11-04,2004-11,118.3,1796.19,0.3151160771145719
10324,27,100.0,12,3155.49,11/5/2004 0:00,Shipped,4,11,2004,Classic Cars,169,S18_3232,Vitachrome Inc.,NYC,NY,USA,Medium,North America,2004-11-05,2004-11,118.3,-38.61000000000013,-0.012235817575083466
10331,27,100.0,11,4170.69,11/17/2004 0:00,Shipped,4,11,2004,Classic Cars,169,S18_3232,Motor Mint Distributors Inc.,Philadelphia,PA,USA,Medium,North America,2004-11-17,2004-11,118.3,976.5899999999997,0.2341554994497313
10334,20,100.0,3,2878.8,11/19/2004 0:00,On Hold,4,11,2004,Classic Cars,169,S18_3232,"Volvo Model Replicas, Co",Lule,,Sweden,Small,EMEA,2004-11-19,2004-11,118.3,512.8000000000002,0.1781297762956788
10342,30,100.0,4,5029.5,11/24/2004 0:00,Shipped,4,11,2004,Classic Cars,169,S18_3232,"Australian Collectors, Co.",Melbourne,Victoria,Australia,Medium,APAC,2004-11-24,2004-11,118.3,1480.5,0.29436325678496866
10349,48,100.0,6,7396.8,12/1/2004 0:00,Shipped,4,12,2004,Classic Cars,169,S18_3232,Muscle Machine Inc,NYC,NY,USA,Large,North America,2004-12-01,2004-12,118.3,1718.4000000000005,0.2323166774821545
10358,32,93.49,12,2991.68,12/10/2004 0:00,Shipped,4,12,2004,Classic Cars,169,S18_3232,Euro Shopping Channel,Madrid,,Spain,Small,EMEA,2004-12-10,2004-12,118.3,-793.9200000000001,-0.26537597604021823
10366,34,100.0,1,6275.72,1/10/2005 0:00,Shipped,1,1,2005,Classic Cars,169,S18_3232,Royale Belge,Charleroi,,Belgium,Medium,EMEA,2005-01-10,2005-01,118.3,2253.5200000000004,0.359085491385849
10370,27,56.85,9,1534.95,1/20/2005 0:00,Shipped,1,1,2005,Classic Cars,169,S18_3232,"Anna's Decorations, Ltd",North Sydney,NSW,Australia,Small,APAC,2005-01-20,2005-01,118.3,-1659.1499999999999,-1.080914687774846
10377,39,100.0,3,7264.53,2/9/2005 0:00,Shipped,1,2,2005,Classic Cars,169,S18_3232,"Toys of Finland, Co.",Helsinki,,Finland,Large,EMEA,2005-02-09,2005-02,118.3,2650.83,0.36490041337842916
10383,47,100.0,6,6869.05,2/22/2005 0:00,Shipped,1,2,2005,Classic Cars,169,S18_3232,Euro Shopping Channel,Madrid,,Spain,Medium,EMEA,2005-02-22,2005-02,118.3,1308.9500000000007,0.19055764625384888
10394,22,100.0,5,3353.02,3/15/2005 0:00,Shipped,1,3,2005,Classic Cars,169,S18_3232,Euro Shopping Channel,Madrid,,Spain,Medium,EMEA,2005-03-15,2005-03,118.3,750.4200000000001,0.22380421232202613
10405,55,100.0,1,8289.05,4/14/2005 0:00,Shipped,2,4,2005,Classic Cars,169,S18_3232,Mini Caravy,Strasbourg,,France,Large,EMEA,2005-04-14,2005-04,118.3,1782.5499999999993,0.2150487691593125
10412,60,100.0,9,11887.8,5/3/2005 0:00,Shipped,2,5,2005,Classic Cars,169,S18_3232,Euro Shopping Channel,Madrid,,Spain,Large,EMEA,2005-05-03,2005-05,118.3,4789.799999999999,0.4029172765356079
10419,35,100.0,6,5926.9,5/17/2005 0:00,Shipped,2,5,2005,Classic Cars,169,S18_3232,Salzburg Collectables,Salzburg,,Austria,Medium,EMEA,2005-05-17,2005-05,118.3,1786.3999999999996,0.30140545647809136
10425,28,100.0,8,3793.16,5/31/2005 0:00,In Process,2,5,2005,Classic Cars,169,S18_3232,La Rochelle Gifts,Nantes,,France,Medium,EMEA,2005-05-31,2005-05,118.3,480.75999999999976,0.12674392854506528
10105,38,100.0,13,4330.1,2/11/2003 0:00,Shipped,1,2,2003,Trains,100,S18_3259,Danish Wholesale Imports,Kobenhavn,,Denmark,Medium,EMEA,2003-02-11,2003-02,70.0,1670.1000000000004,0.3856954804738921
10117,21,95.8,7,2011.8,4/16/2003 0:00,Shipped,2,4,2003,Trains,100,S18_3259,"Dragon Souveniers, Ltd.",Singapore,,Singapore,Small,Japan,2003-04-16,2003-04,70.0,541.8,0.2693110647181628
10128,41,100.0,4,4837.18,6/6/2003 0:00,Shipped,2,6,2003,Trains,100,S18_3259,Euro Shopping Channel,Madrid,,Spain,Medium,EMEA,2003-06-06,2003-06,70.0,1967.1800000000003,0.40667909815222925
10142,22,97.81,10,2151.82,8/8/2003 0:00,Shipped,3,8,2003,Trains,100,S18_3259,Mini Gifts Distributors Ltd.,San Rafael,CA,USA,Small,North America,2003-08-08,2003-08,70.0,611.8200000000002,0.28432675595542384
10153,29,88.74,9,2573.46,9/28/2003 0:00,Shipped,3,9,2003,Trains,100,S18_3259,Euro Shopping Channel,Madrid,,Spain,Small,EMEA,2003-09-28,2003-09,70.0,543.46,0.21117872436330856
10165,50,100.0,1,5344.5,10/22/2003 0:00,Shipped,4,10,2003,Trains,100,S18_3259,"Dragon Souveniers, Ltd.",Singapore,,Singapore,Medium,Japan,2003-10-22,2003-10,70.0,1844.5,0.34512115258677145
10177,29,100.0,11,3070.52,11/7/2003 0:00,Shipped,4,11,2003,Trains,100,S18_3259,CAF Imports,Madrid,,Spain,Medium,EMEA,2003-11-07,2003-11,70.0,1040.52,0.33887419720438233
10185,49,80.67,11,3952.83,11/14/2003 0:00,Shipped,4,11,2003,Trains,100,S18_3259,Mini Creations Ltd.,New Bedford,MA,USA,Medium,North America,2003-11-14,2003-11,70.0,522.8299999999999,0.1322672616834015
10196,35,100.0,3,3564.75,11/26/2003 0:00,Shipped,4,11,2003,Trains,100,S18_3259,Super Scale Inc.,New Haven,CT,USA,Medium,North America,2003-11-26,2003-11,70.0,1114.75,0.3127147766323024
10208,48,100.0,11,5614.56,1/2/2004 0:00,Shipped,1,1,2004,Trains,100,S18_3259,"Saveley & Henriot, Co.",Lyon,,France,Medium,EMEA,2004-01-02,2004-01,70.0,2254.5600000000004,0.4015559545182526
10221,23,80.67,5,1855.41,2/18/2004 0:00,Shipped,1,2,2004,Trains,100,S18_3259,Petit Auto,Bruxelles,,Belgium,Small,EMEA,2004-02-18,2004-02,70.0,245.41000000000008,0.13226726168340155
10232,48,95.8,8,4598.4,3/20/2004 0:00,Shipped,1,3,2004,Trains,100,S18_3259,giftsbymail.co.uk,Cowes,Isle of Wight,UK,Medium,EMEA,2004-03-20,2004-03,70.0,1238.3999999999996,0.2693110647181628
10248,42,100.0,14,5082.42,5/7/2004 0:00,Cancelled,2,5,2004,Trains,100,S18_3259,Land of Toys Inc.,NYC,NY,USA,Medium,North America,2004-05-07,2004-05,70.0,2142.42,0.4215354102966697
10273,47,100.0,15,5450.59,7/21/2004 0:00,Shipped,3,7,2004,Trains,100,S18_3259,Petit Auto,Bruxelles,,Belgium,Medium,EMEA,2004-07-21,2004-07,70.0,2160.59,0.39639561955678193
10282,36,100.0,3,4174.92,8/20/2004 0:00,Shipped,3,8,2004,Trains,100,S18_3259,Mini Gifts Distributors Ltd.,San Rafael,CA,USA,Medium,North America,2004-08-20,2004-08,70.0,1654.92,0.39639561955678193
10293,22,100.0,6,2418.24,9/9/2004 0:00,Shipped,3,9,2004,Trains,100,S18_3259,Amica Models & Co.,Torino,,Italy,Small,EMEA,2004-09-09,2004-09,70.0,878.2399999999998,0.3631732168850072
10306,40,91.76,11,3670.4,10/14/2004 0:00,Shipped,4,10,2004,Trains,100,S18_3259,"AV Stores, Co.",Manchester,,UK,Medium,EMEA,2004-10-14,2004-10,70.0,870.4000000000001,0.23714036617262427
10314,23,100.0,3,2481.7,10/22/2004 0:00,Shipped,4,10,2004,Trains,100,S18_3259,Heintze Collectables,Aaarhus,,Denmark,Small,EMEA,2004-10-22,2004-10,70.0,871.6999999999998,0.3512511584800741
10326,32,100.0,6,3807.68,11/9/2004 0:00,Shipped,4,11,2004,Trains,100,S18_3259,"Volvo Model Replicas, Co",Lule,,Sweden,Medium,EMEA,2004-11-09,2004-11,70.0,1567.6799999999998,0.4117152701907723
10336,21,100.0,7,2230.41,11/20/2004 0:00,Shipped,4,11,2004,Trains,100,S18_3259,"La Corne D'abondance, Co.",Paris,,France,Small,EMEA,2004-11-20,2004-11,70.0,760.4099999999999,0.3409283494962809
10350,41,93.04,2,3814.64,12/2/2004 0:00,Shipped,4,12,2004,Trains,100,S18_3259,Euro Shopping Channel,Madrid,,Spain,Medium,EMEA,2004-12-02,2004-12,70.0,944.6399999999999,0.24763542562338778
10372,25,84.71,5,2117.75,1/26/2005 0:00,Shipped,1,1,2005,Trains,100,S18_3259,"Tokyo Collectables, Ltd",Minato-ku,Tokyo,Japan,Small,Japan,2005-01-26,2005-01,70.0,367.75,0.1736512808405147
10383,26,100.0,12,3340.48,2/22/2005 0:00,Shipped,1,2,2005,Trains,100,S18_3259,Euro Shopping Channel,Madrid,,Spain,Medium,EMEA,2005-02-22,2005-02,70.0,1520.48,0.4551681195516812
10396,24,89.75,4,2154.0,3/23/2005 0:00,Shipped,1,3,2005,Trains,100,S18_3259,Mini Gifts Distributors Ltd.,San Rafael,CA,USA,Small,North America,2005-03-23,2005-03,70.0,474.0,0.2200557103064067
10414,48,100.0,14,5808.48,5/6/2005 0:00,On Hold,2,5,2005,Trains,100,S18_3259,Gifts4AllAges.com,Boston,MA,USA,Medium,North America,2005-05-06,2005-05,70.0,2448.4799999999996,0.42153541029666963
10108,26,68.35,9,1777.1,3/3/2003 0:00,Shipped,1,3,2003,Classic Cars,80,S18_3278,Cruz & Sons Co.,Makati City,,Philippines,Small,Japan,2003-03-03,2003-03,56.0,321.0999999999999,0.18068763716166786
10122,21,73.17,13,1536.57,5/8/2003 0:00,Shipped,2,5,2003,Classic Cars,80,S18_3278,Marseille Mini Autos,Marseille,,France,Small,EMEA,2003-05-08,2003-05,56.0,360.56999999999994,0.2346590132567992
10135,45,78.0,10,3510.0,7/2/2003 0:00,Shipped,3,7,2003,Classic Cars,80,S18_3278,Mini Gifts Distributors Ltd.,San Rafael,CA,USA,Medium,North America,2003-07-02,2003-07,56.0,990.0,0.28205128205128205
10147,36,86.04,10,3097.44,9/5/2003 0:00,Shipped,3,9,2003,Classic Cars,80,S18_3278,Collectables For Less Inc.,Brickhaven,MA,USA,Medium,North America,2003-09-05,2003-09,56.0,1081.44,0.3491399349139935
10159,21,81.21,5,1705.41,10/10/2003 0:00,Shipped,4,10,2003,Classic Cars,80,S18_3278,Corporate Gift Ideas Co.,San Francisco,CA,USA,Small,North America,2003-10-10,2003-10,56.0,529.4100000000001,0.31042975003078443
10169,32,70.76,5,2264.32,11/4/2003 0:00,Shipped,4,11,2003,Classic Cars,80,S18_3278,"Anna's Decorations, Ltd",North Sydney,NSW,Australia,Small,APAC,2003-11-04,2003-11,56.0,472.32000000000016,0.208592425098926
10181,30,82.82,17,2484.6,11/12/2003 0:00,Shipped,4,11,2003,Classic Cars,80,S18_3278,Herkku Gifts,Bergen,,Norway,Small,EMEA,2003-11-12,2003-11,56.0,804.5999999999999,0.32383482250664086
10191,36,94.88,6,3415.68,11/20/2003 0:00,Shipped,4,11,2003,Classic Cars,80,S18_3278,"Toms Spezialitten, Ltd",Koln,,Germany,Medium,EMEA,2003-11-20,2003-11,56.0,1399.6799999999998,0.40978077571669475
10203,33,86.04,11,2839.32,12/2/2003 0:00,Shipped,4,12,2003,Classic Cars,80,S18_3278,Euro Shopping Channel,Madrid,,Spain,Small,EMEA,2003-12-02,2003-12,56.0,991.3200000000002,0.34913993491399353
10211,35,78.0,5,2730.0,1/15/2004 0:00,Shipped,1,1,2004,Classic Cars,80,S18_3278,Auto Canal Petit,Paris,,France,Small,EMEA,2004-01-15,2004-01,56.0,770.0,0.28205128205128205
10225,37,95.69,12,3540.53,2/22/2004 0:00,Shipped,1,2,2004,Classic Cars,80,S18_3278,"Vida Sport, Ltd",Gensve,,Switzerland,Medium,EMEA,2004-02-22,2004-02,56.0,1468.5300000000002,0.4147768836869057
10238,41,73.17,6,2999.97,4/9/2004 0:00,Shipped,2,4,2004,Classic Cars,80,S18_3278,Danish Wholesale Imports,Kobenhavn,,Denmark,Small,EMEA,2004-04-09,2004-04,56.0,703.9699999999998,0.2346590132567992
10252,20,76.39,2,1527.8,5/26/2004 0:00,Shipped,2,5,2004,Classic Cars,80,S18_3278,Auto Canal Petit,Paris,,France,Small,EMEA,2004-05-26,2004-05,56.0,407.79999999999995,0.2669197538944888
10265,45,86.84,2,3907.8,7/2/2004 0:00,Shipped,3,7,2004,Classic Cars,80,S18_3278,"Australian Collectables, Ltd",Glen Waverly,Victoria,Australia,Medium,APAC,2004-07-02,2004-07,56.0,1387.8000000000002,0.3551358820819899
10276,38,69.96,6,2658.48,8/2/2004 0:00,Shipped,3,8,2004,Classic Cars,80,S18_3278,Online Mini Collectables,Brickhaven,MA,USA,Small,North America,2004-08-02,2004-08,56.0,530.48,0.19954259576901087
10287,43,70.76,15,3042.68,8/30/2004 0:00,Shipped,3,8,2004,Classic Cars,80,S18_3278,"Vida Sport, Ltd",Gensve,,Switzerland,Medium,EMEA,2004-08-30,2004-08,56.0,634.6799999999998,0.2085924250989259
10300,49,78.8,8,3861.2,10/4/2003 0:00,Shipped,4,10,2003,Classic Cars,80,S18_3278,"Blauer See Auto, Co.",Frankfurt,,Germany,Medium,EMEA,2003-10-04,2003-10,56.0,1117.1999999999998,0.2893401015228426
10310,27,80.41,13,2171.07,10/16/2004 0:00,Shipped,4,10,2004,Classic Cars,80,S18_3278,"Toms Spezialitten, Ltd",Koln,,Germany,Small,EMEA,2004-10-16,2004-10,56.0,659.0700000000002,0.30356920780997393
10319,46,73.98,1,3403.08,11/3/2004 0:00,Shipped,4,11,2004,Classic Cars,80,S18_3278,Microscale Inc.,NYC,NY,USA,Medium,North America,2004-11-03,2004-11,56.0,827.0799999999999,0.24303865909705324
10329,38,59.1,10,2245.8,11/15/2004 0:00,Shipped,4,11,2004,Classic Cars,80,S18_3278,Land of Toys Inc.,NYC,NY,USA,Small,North America,2004-11-15,2004-11,56.0,117.80000000000018,0.0524534686971236
10342,25,66.74,5,1668.5,11/24/2004 0:00,Shipped,4,11,2004,Classic Cars,80,S18_3278,"Australian Collectors, Co.",Melbourne,Victoria,Australia,Small,APAC,2004-11-24,2004-11,56.0,268.5,0.16092298471681152
10363,46,60.3,10,2773.8,1/6/2005 0:00,Shipped,1,1,2005,Classic Cars,80,S18_3278,Suominen Souveniers,Espoo,,Finland,Small,EMEA,2005-01-06,2005-01,56.0,197.80000000000018,0.07131011608623555
10378,22,100.0,4,2464.0,2/10/2005 0:00,Shipped,1,2,2005,Classic Cars,80,S18_3278,Euro Shopping Channel,Madrid,,Spain,Small,EMEA,2005-02-10,2005-02,56.0,1232.0,0.5
10390,40,100.0,9,5491.6,3/4/2005 0:00,Shipped,1,3,2005,Classic Cars,80,S18_3278,Mini Gifts Distributors Ltd.,San Rafael,CA,USA,Medium,North America,2005-03-04,2005-03,56.0,3251.6000000000004,0.5921043047563552
10103,46,100.0,16,4791.82,1/29/2003 0:00,Shipped,1,1,2003,Vintage Cars,99,S18_3320,Baane Mini Imports,Stavern,,Norway,Medium,EMEA,2003-01-29,2003-01,69.3,1604.02,0.3347412882787751
10111,39,100.0,4,4178.85,3/25/2003 0:00,Shipped,1,3,2003,Vintage Cars,99,S18_3320,Mini Wheels Co.,San Francisco,CA,USA,Medium,North America,2003-03-25,2003-03,69.3,1476.1500000000005,0.3532431171255251
10126,38,82.34,16,3128.92,5/28/2003 0:00,Shipped,2,5,2003,Vintage Cars,99,S18_3320,"Corrida Auto Replicas, Ltd",Madrid,,Spain,Medium,EMEA,2003-05-28,2003-05,69.3,495.52,0.1583677435025504
10139,30,100.0,5,3095.4,7/16/2003 0:00,Shipped,3,7,2003,Vintage Cars,99,S18_3320,Souveniers And Things Co.,Chatswood,NSW,Australia,Medium,APAC,2003-07-16,2003-07,69.3,1016.4000000000001,0.3283582089552239
10149,42,94.25,2,3958.5,9/12/2003 0:00,Shipped,3,9,2003,Vintage Cars,99,S18_3320,Signal Collectibles Ltd.,Brisbane,CA,USA,Medium,North America,2003-09-12,2003-09,69.3,1047.9,0.2647214854111406
10163,43,100.0,6,4991.44,10/20/2003 0:00,Shipped,4,10,2003,Vintage Cars,99,S18_3320,Classic Legends Inc.,NYC,NY,USA,Medium,North America,2003-10-20,2003-10,69.3,2011.5399999999995,0.4029979324603721
10173,29,95.24,4,2761.96,11/5/2003 0:00,Shipped,4,11,2003,Vintage Cars,99,S18_3320,Rovelli Gifts,Bergamo,,Italy,Small,EMEA,2003-11-05,2003-11,69.3,752.2600000000002,0.2723645527089459
10182,33,86.31,1,2848.23,11/12/2003 0:00,Shipped,4,11,2003,Vintage Cars,99,S18_3320,Mini Gifts Distributors Ltd.,San Rafael,CA,USA,Small,North America,2003-11-12,2003-11,69.3,561.3299999999999,0.1970802919708029
10193,32,79.37,5,2539.84,11/21/2003 0:00,Shipped,4,11,2003,Vintage Cars,99,S18_3320,"Australian Collectables, Ltd",Glen Waverly,Victoria,Australia,Small,APAC,2003-11-21,2003-11,69.3,322.24000000000024,0.12687413380370427
10206,28,87.3,11,2444.4,12/5/2003 0:00,Shipped,4,12,2003,Vintage Cars,99,S18_3320,Canadian Gift Exchange Network,Vancouver,BC,Canada,Small,North America,2003-12-05,2003-12,69.3,504.0000000000002,0.20618556701030935
10215,41,100.0,8,4555.92,1/29/2004 0:00,Shipped,1,1,2004,Vintage Cars,99,S18_3320,West Coast Collectables Co.,Burbank,CA,USA,Medium,North America,2004-01-29,2004-01,69.3,1714.6200000000003,0.3763498920086394
10227,33,100.0,1,3666.96,3/2/2004 0:00,Shipped,1,3,2004,Vintage Cars,99,S18_3320,"Saveley & Henriot, Co.",Lyon,,France,Medium,EMEA,2004-03-02,2004-03,69.3,1380.06,0.3763498920086393
10244,36,84.33,5,3035.88,4/29/2004 0:00,Shipped,2,4,2004,Vintage Cars,99,S18_3320,Euro Shopping Channel,Madrid,,Spain,Medium,EMEA,2004-04-29,2004-04,69.3,541.0800000000004,0.17822838847385283
10257,26,89.29,5,2321.54,6/14/2004 0:00,Shipped,2,6,2004,Vintage Cars,99,S18_3320,The Sharp Gifts Warehouse,San Jose,CA,USA,Small,North America,2004-06-14,2004-06,69.3,519.74,0.2238772538918132
10280,34,100.0,7,3474.46,8/17/2004 0:00,Shipped,3,8,2004,Vintage Cars,99,S18_3320,Amica Models & Co.,Torino,,Italy,Medium,EMEA,2004-08-17,2004-08,69.3,1118.2600000000002,0.32185145317545755
10290,26,96.23,2,2501.98,9/7/2004 0:00,Shipped,3,9,2004,Vintage Cars,99,S18_3320,Auto-Moto Classics Inc.,Brickhaven,MA,USA,Small,North America,2004-09-07,2004-09,69.3,700.1800000000001,0.27985035851605533
10304,38,100.0,11,3958.46,10/11/2004 0:00,Shipped,4,10,2004,Vintage Cars,99,S18_3320,Auto Assoc. & Cie.,Versailles,,France,Medium,EMEA,2004-10-11,2004-10,69.3,1325.06,0.3347412882787751
10312,33,100.0,8,3535.95,10/21/2004 0:00,Shipped,4,10,2004,Vintage Cars,99,S18_3320,Mini Gifts Distributors Ltd.,San Rafael,CA,USA,Medium,North America,2004-10-21,2004-10,69.3,1249.0499999999997,0.3532431171255249
10323,33,91.27,2,3011.91,11/5/2004 0:00,Shipped,4,11,2004,Vintage Cars,99,S18_3320,"Blauer See Auto, Co.",Frankfurt,,Germany,Medium,EMEA,2004-11-05,2004-11,69.3,725.0099999999998,0.2407143639750191
10333,46,100.0,2,11336.7,11/18/2004 0:00,Shipped,4,11,2004,Vintage Cars,99,S18_3320,Mini Wheels Co.,San Francisco,CA,USA,Large,North America,2004-11-18,2004-11,69.3,8148.9000000000015,0.71880706025563
10347,26,100.0,12,2656.94,11/29/2004 0:00,Shipped,4,11,2004,Vintage Cars,99,S18_3320,"Australian Collectors, Co.",Melbourne,Victoria,Australia,Small,APAC,2004-11-29,2004-11,69.3,855.1400000000001,0.3218514531754575
10357,25,100.0,3,2604.25,12/10/2004 0:00,Shipped,4,12,2004,Vintage Cars,99,S18_3320,Mini Gifts Distributors Ltd.,San Rafael,CA,USA,Small,North America,2004-12-10,2004-12,69.3,871.75,0.3347412882787751
10369,45,73.08,4,3288.6,1/20/2005 0:00,Shipped,1,1,2005,Vintage Cars,99,S18_3320,Collectables For Less Inc.,Brickhaven,MA,USA,Medium,North America,2005-01-20,2005-01,69.3,170.0999999999999,0.051724137931034454
10382,50,100.0,7,8935.5,2/17/2005 0:00,Shipped,1,2,2005,Vintage Cars,99,S18_3320,Mini Gifts Distributors Ltd.,San Rafael,CA,USA,Large,North America,2005-02-17,2005-02,69.3,5470.5,0.6122209165687427
10392,36,100.0,1,4035.96,3/10/2005 0:00,Shipped,1,3,2005,Vintage Cars,99,S18_3320,Mini Auto Werke,Graz,,Austria,Medium,EMEA,2005-03-10,2005-03,69.3,1541.1600000000003,0.38185710462938194
10423,21,89.29,5,1875.09,5/30/2005 0:00,In Process,2,5,2005,Vintage Cars,99,S18_3320,Petit Auto,Bruxelles,,Belgium,Small,EMEA,2005-05-30,2005-05,69.3,419.78999999999996,0.22387725389181318
10108,29,100.0,8,4049.56,3/3/2003 0:00,Shipped,1,3,2003,Classic Cars,146,S18_3482,Cruz & Sons Co.,Makati City,,Philippines,Medium,Japan,2003-03-03,2003-03,102.19999999999999,1085.7600000000002,0.26811801775995425
10122,21,100.0,12,2469.39,5/8/2003 0:00,Shipped,2,5,2003,Classic Cars,146,S18_3482,Marseille Mini Autos,Marseille,,France,Small,EMEA,2003-05-08,2003-05,102.19999999999999,323.19000000000005,0.13087847606088956
10135,42,100.0,9,5432.7,7/2/2003 0:00,Shipped,3,7,2003,Classic Cars,146,S18_3482,Mini Gifts Distributors Ltd.,San Rafael,CA,USA,Medium,North America,2003-07-02,2003-07,102.19999999999999,1140.3000000000002,0.2098956320061848
10147,37,100.0,9,4405.22,9/5/2003 0:00,Shipped,3,9,2003,Classic Cars,146,S18_3482,Collectables For Less Inc.,Brickhaven,MA,USA,Medium,North America,2003-09-05,2003-09,102.19999999999999,623.8200000000006,0.14160927263564602
10159,25,100.0,4,3638.0,10/10/2003 0:00,Shipped,4,10,2003,Classic Cars,146,S18_3482,Corporate Gift Ideas Co.,San Francisco,CA,USA,Medium,North America,2003-10-10,2003-10,102.19999999999999,1083.0000000000005,0.29769103903243554
10169,36,100.0,4,4444.92,11/4/2003 0:00,Shipped,4,11,2003,Classic Cars,146,S18_3482,"Anna's Decorations, Ltd",North Sydney,NSW,Australia,Medium,APAC,2003-11-04,2003-11,102.19999999999999,765.7200000000003,0.1722685672633029
10181,22,100.0,16,3395.48,11/12/2003 0:00,Shipped,4,11,2003,Classic Cars,146,S18_3482,Herkku Gifts,Bergen,,Norway,Medium,EMEA,2003-11-12,2003-11,102.19999999999999,1147.0800000000004,0.3378255798885578
10191,23,100.0,5,3414.58,11/20/2003 0:00,Shipped,4,11,2003,Classic Cars,146,S18_3482,"Toms Spezialitten, Ltd",Koln,,Germany,Medium,EMEA,2003-11-20,2003-11,102.19999999999999,1063.98,0.31159908392833086
10203,32,100.0,10,5127.04,12/2/2003 0:00,Shipped,4,12,2003,Classic Cars,146,S18_3482,Euro Shopping Channel,Madrid,,Spain,Medium,EMEA,2003-12-02,2003-12,102.19999999999999,1856.6400000000003,0.36212707527150173
10211,28,100.0,4,3745.28,1/15/2004 0:00,Shipped,1,1,2004,Classic Cars,146,S18_3482,Auto Canal Petit,Paris,,France,Medium,EMEA,2004-01-15,2004-01,102.19999999999999,883.6800000000007,0.2359449760765552
10225,27,100.0,11,4564.08,2/22/2004 0:00,Shipped,1,2,2004,Classic Cars,146,S18_3482,"Vida Sport, Ltd",Gensve,,Switzerland,Medium,EMEA,2004-02-22,2004-02,102.19999999999999,1804.6800000000003,0.3954093705631804
10238,49,100.0,5,6554.24,4/9/2004 0:00,Shipped,2,4,2004,Classic Cars,146,S18_3482,Danish Wholesale Imports,Kobenhavn,,Denmark,Medium,EMEA,2004-04-09,2004-04,102.19999999999999,1546.4400000000005,0.2359449760765551
10252,41,100.0,1,6749.83,5/26/2004 0:00,Shipped,2,5,2004,Classic Cars,146,S18_3482,Auto Canal Petit,Paris,,France,Medium,EMEA,2004-05-26,2004-05,102.19999999999999,2559.63,0.37921399501913383
10265,49,100.0,1,8427.02,7/2/2004 0:00,Shipped,3,7,2004,Classic Cars,146,S18_3482,"Australian Collectables, Ltd",Glen Waverly,Victoria,Australia,Large,APAC,2004-07-02,2004-07,102.19999999999999,3419.220000000001,0.405744854052797
10276,30,100.0,5,3924.6,8/2/2004 0:00,Shipped,3,8,2004,Classic Cars,146,S18_3482,Online Mini Collectables,Brickhaven,MA,USA,Medium,North America,2004-08-02,2004-08,102.19999999999999,858.6000000000004,0.2187738877847425
10287,40,100.0,14,6761.6,8/30/2004 0:00,Shipped,3,8,2004,Classic Cars,146,S18_3482,"Vida Sport, Ltd",Gensve,,Switzerland,Medium,EMEA,2004-08-30,2004-08,102.19999999999999,2673.600000000001,0.39540937056318043
10300,23,100.0,7,3786.49,10/4/2003 0:00,Shipped,4,10,2003,Classic Cars,146,S18_3482,"Blauer See Auto, Co.",Frankfurt,,Germany,Medium,EMEA,2003-10-04,2003-10,102.19999999999999,1435.8899999999999,0.3792139950191338
10310,49,100.0,12,6266.12,10/16/2004 0:00,Shipped,4,10,2004,Classic Cars,146,S18_3482,"Toms Spezialitten, Ltd",Koln,,Germany,Medium,EMEA,2004-10-16,2004-10,102.19999999999999,1258.3200000000006,0.20081326243353154
10320,25,100.0,5,3491.0,11/3/2004 0:00,Shipped,4,11,2004,Classic Cars,146,S18_3482,"Volvo Model Replicas, Co",Lule,,Sweden,Medium,EMEA,2004-11-03,2004-11,102.19999999999999,936.0000000000005,0.2681180177599543
10330,37,100.0,3,4405.22,11/16/2004 0:00,Shipped,4,11,2004,Classic Cars,146,S18_3482,Cruz & Sons Co.,Makati City,,Philippines,Medium,Japan,2004-11-16,2004-11,102.19999999999999,623.8200000000006,0.14160927263564602
10342,55,100.0,7,6548.3,11/24/2004 0:00,Shipped,4,11,2004,Classic Cars,146,S18_3482,"Australian Collectors, Co.",Melbourne,Victoria,Australia,Medium,APAC,2004-11-24,2004-11,102.19999999999999,927.3000000000011,0.14160927263564604
10355,23,100.0,7,3177.91,12/7/2004 0:00,Shipped,4,12,2004,Classic Cars,146,S18_3482,Euro Shopping Channel,Madrid,,Spain,Medium,EMEA,2004-12-07,2004-12,102.19999999999999,827.31,0.260331475718318
10363,24,100.0,11,4142.64,1/6/2005 0:00,Shipped,1,1,2005,Classic Cars,146,S18_3482,Suominen Souveniers,Espoo,,Finland,Medium,EMEA,2005-01-06,2005-01,102.19999999999999,1689.8400000000006,0.40791379410231166
10378,43,96.49,10,4149.07,2/10/2005 0:00,Shipped,1,2,2005,Classic Cars,146,S18_3482,Euro Shopping Channel,Madrid,,Spain,Medium,EMEA,2005-02-10,2005-02,102.19999999999999,-245.52999999999975,-0.059177116799668306
10390,50,100.0,1,7397.0,3/4/2005 0:00,Shipped,1,3,2005,Classic Cars,146,S18_3482,Mini Gifts Distributors Ltd.,San Rafael,CA,USA,Large,North America,2005-03-04,2005-03,102.19999999999999,2287.000000000001,0.3091793970528594
10109,47,100.0,2,6241.6,3/10/2003 0:00,Shipped,1,3,2003,Classic Cars,141,S18_3685,Motor Mint Distributors Inc.,Philadelphia,PA,USA,Medium,North America,2003-03-10,2003-03,98.69999999999999,1602.7000000000007,0.256777108433735
10123,34,100.0,4,5331.88,5/20/2003 0:00,Shipped,2,5,2003,Classic Cars,141,S18_3685,Atelier graphique,Nantes,,France,Medium,EMEA,2003-05-20,2003-05,98.69999999999999,1976.0800000000004,0.3706159928580539
10137,31,100.0,4,5124.3,7/10/2003 0:00,Shipped,3,7,2003,Classic Cars,141,S18_3685,Reims Collectables,Reims,,France,Medium,EMEA,2003-07-10,2003-07,98.69999999999999,2064.6000000000004,0.40290381125226865
10148,28,100.0,11,3639.44,9/11/2003 0:00,Shipped,3,9,2003,Classic Cars,141,S18_3685,"Anna's Decorations, Ltd",North Sydney,NSW,Australia,Medium,APAC,2003-09-11,2003-09,98.69999999999999,875.8400000000006,0.24065240806277904
10161,36,100.0,10,5544.0,10/17/2003 0:00,Shipped,4,10,2003,Classic Cars,141,S18_3685,Heintze Collectables,Aaarhus,,Denmark,Medium,EMEA,2003-10-17,2003-10,98.69999999999999,1990.8000000000002,0.3590909090909091
10172,48,100.0,8,5493.12,11/5/2003 0:00,Shipped,4,11,2003,Classic Cars,141,S18_3685,Gift Depot Inc.,Bridgewater,CT,USA,Medium,North America,2003-11-05,2003-11,98.69999999999999,755.5200000000004,0.13753932191541426
10181,39,100.0,4,5785.26,11/12/2003 0:00,Shipped,4,11,2003,Classic Cars,141,S18_3685,Herkku Gifts,Bergen,,Norway,Medium,EMEA,2003-11-12,2003-11,98.69999999999999,1935.9600000000005,0.33463664554402056
10192,45,100.0,9,5340.6,11/20/2003 0:00,Shipped,4,11,2003,Classic Cars,141,S18_3685,Online Diecast Creations Co.,Nashua,NH,USA,Medium,North America,2003-11-20,2003-11,98.69999999999999,899.1000000000013,0.16835187057633996
10204,35,100.0,15,5735.8,12/2/2003 0:00,Shipped,4,12,2003,Classic Cars,141,S18_3685,Muscle Machine Inc,NYC,NY,USA,Medium,North America,2003-12-02,2003-12,98.69999999999999,2281.3000000000006,0.3977300463753967
10212,45,100.0,8,6357.6,1/16/2004 0:00,Shipped,1,1,2004,Classic Cars,141,S18_3685,Euro Shopping Channel,Madrid,,Spain,Medium,EMEA,2004-01-16,2004-01,98.69999999999999,1916.1000000000013,0.3013873159682901
10226,46,100.0,6,7343.9,2/26/2004 0:00,Shipped,1,2,2004,Classic Cars,141,S18_3685,Collectable Mini Designs Co.,San Diego,CA,USA,Large,North America,2004-02-26,2004-02,98.69999999999999,2803.7,0.38177262762292513
10240,37,100.0,1,5959.22,4/13/2004 0:00,Shipped,2,4,2004,Classic Cars,141,S18_3685,Osaka Souveniers Co.,Osaka,Osaka,Japan,Medium,Japan,2004-04-13,2004-04,98.69999999999999,2307.3200000000006,0.3871849000372533
10253,31,100.0,3,4029.38,6/1/2004 0:00,Cancelled,2,6,2004,Classic Cars,141,S18_3685,"UK Collectables, Ltd.",Liverpool,,UK,Medium,EMEA,2004-06-01,2004-06,98.69999999999999,969.6800000000003,0.24065240806277896
10266,33,100.0,4,5035.14,7/6/2004 0:00,Shipped,3,7,2004,Classic Cars,141,S18_3685,L'ordine Souveniers,Reggio Emilia,,Italy,Medium,EMEA,2004-07-06,2004-07,98.69999999999999,1778.0400000000009,0.35312622886354716
10278,31,100.0,4,4116.8,8/6/2004 0:00,Shipped,3,8,2004,Classic Cars,141,S18_3685,Signal Gift Stores,Las Vegas,NV,USA,Medium,North America,2004-08-06,2004-08,98.69999999999999,1057.1000000000004,0.256777108433735
10287,27,100.0,2,4310.55,8/30/2004 0:00,Shipped,3,8,2004,Classic Cars,141,S18_3685,"Vida Sport, Ltd",Gensve,,Switzerland,Medium,EMEA,2004-08-30,2004-08,98.69999999999999,1645.6500000000005,0.38177262762292524
10301,39,100.0,6,6446.7,10/5/2003 0:00,Shipped,4,10,2003,Classic Cars,141,S18_3685,"Norway Gifts By Mail, Co.",Oslo,,Norway,Medium,EMEA,2003-10-05,2003-10,98.69999999999999,2597.4,0.40290381125226865
10311,32,100.0,11,3616.64,10/16/2004 0:00,Shipped,4,10,2004,Classic Cars,141,S18_3685,Euro Shopping Channel,Madrid,,Spain,Medium,EMEA,2004-10-16,2004-10,98.69999999999999,458.24000000000024,0.12670323836489125
10321,28,100.0,8,4232.76,11/4/2004 0:00,Shipped,4,11,2004,Classic Cars,141,S18_3685,FunGiftIdeas.com,New Bedford,MA,USA,Medium,North America,2004-11-04,2004-11,98.69999999999999,1469.1600000000008,0.3470926771184761
10331,26,67.91,12,1765.66,11/17/2004 0:00,Shipped,4,11,2004,Classic Cars,141,S18_3685,Motor Mint Distributors Inc.,Philadelphia,PA,USA,Small,North America,2004-11-17,2004-11,98.69999999999999,-800.5399999999997,-0.45339419820350446
10343,44,84.88,2,3734.72,11/24/2004 0:00,Shipped,4,11,2004,Classic Cars,141,S18_3685,Reims Collectables,Reims,,France,Medium,EMEA,2004-11-24,2004-11,98.69999999999999,-608.0799999999995,-0.16281809613572087
10367,46,100.0,6,4808.38,1/12/2005 0:00,Resolved,1,1,2005,Classic Cars,141,S18_3685,Toys4GrownUps.com,Pasadena,CA,USA,Medium,North America,2005-01-12,2005-01,98.69999999999999,268.1800000000003,0.05577346216397212
10379,32,70.83,4,2266.56,2/10/2005 0:00,Shipped,1,2,2005,Classic Cars,141,S18_3685,Euro Shopping Channel,Madrid,,Spain,Small,EMEA,2005-02-10,2005-02,98.69999999999999,-891.8399999999997,-0.3934773401101227
10406,65,100.0,1,10468.9,4/15/2005 0:00,Disputed,2,4,2005,Classic Cars,141,S18_3685,Danish Wholesale Imports,Kobenhavn,,Denmark,Large,EMEA,2005-04-15,2005-04,98.69999999999999,4053.4000000000005,0.38718490003725325
10419,43,100.0,3,5589.14,5/17/2005 0:00,Shipped,2,5,2005,Classic Cars,141,S18_3685,Salzburg Collectables,Salzburg,,Austria,Medium,EMEA,2005-05-17,2005-05,98.69999999999999,1345.0400000000009,0.24065240806277904
10108,43,67.77,12,2914.11,3/3/2003 0:00,Shipped,1,3,2003,Motorcycles,62,S18_3782,Cruz & Sons Co.,Makati City,,Philippines,Small,Japan,2003-03-03,2003-03,43.4,1047.91,0.3595986424671684
10122,35,49.74,16,1740.9,5/8/2003 0:00,Shipped,2,5,2003,Motorcycles,62,S18_3782,Marseille Mini Autos,Marseille,,France,Small,EMEA,2003-05-08,2003-05,43.4,221.9000000000001,0.12746280659429035
10135,45,50.36,13,2266.2,7/2/2003 0:00,Shipped,3,7,2003,Motorcycles,62,S18_3782,Mini Gifts Distributors Ltd.,San Rafael,CA,USA,Small,North America,2003-07-02,2003-07,43.4,313.1999999999998,0.13820492454328825
10146,47,67.14,2,3155.58,9/3/2003 0:00,Shipped,3,9,2003,Motorcycles,62,S18_3782,Gift Ideas Corp.,Glendale,CT,USA,Medium,North America,2003-09-03,2003-09,43.4,1115.78,0.3535895144474233
10159,21,64.66,8,1357.86,10/10/2003 0:00,Shipped,4,10,2003,Motorcycles,62,S18_3782,Corporate Gift Ideas Co.,San Francisco,CA,USA,Small,North America,2003-10-10,2003-10,43.4,446.4599999999999,0.328796783173523
10169,38,68.39,8,2598.82,11/4/2003 0:00,Shipped,4,11,2003,Motorcycles,62,S18_3782,"Anna's Decorations, Ltd",North Sydney,NSW,Australia,Small,APAC,2003-11-04,2003-11,43.4,949.6200000000001,0.3654042988741044
10180,21,50.36,3,1057.56,11/11/2003 0:00,Shipped,4,11,2003,Motorcycles,62,S18_3782,Daedalus Designs Imports,Lille,,France,Small,EMEA,2003-11-11,2003-11,43.4,146.15999999999997,0.1382049245432883
10191,43,72.74,9,3127.82,11/20/2003 0:00,Shipped,4,11,2003,Motorcycles,62,S18_3782,"Toms Spezialitten, Ltd",Koln,,Germany,Medium,EMEA,2003-11-20,2003-11,43.4,1261.6200000000001,0.4033544129777289
10211,46,54.09,8,2488.14,1/15/2004 0:00,Shipped,1,1,2004,Motorcycles,62,S18_3782,Auto Canal Petit,Paris,,France,Small,EMEA,2004-01-15,2004-01,43.4,491.74,0.19763357367350712
10224,38,58.44,1,2220.72,2/21/2004 0:00,Shipped,1,2,2004,Motorcycles,62,S18_3782,Daedalus Designs Imports,Lille,,France,Small,EMEA,2004-02-21,2004-02,43.4,571.5199999999998,0.25735797399041743
10237,26,52.22,1,1357.72,4/5/2004 0:00,Shipped,2,4,2004,Motorcycles,62,S18_3782,Vitachrome Inc.,NYC,NY,USA,Small,North America,2004-04-05,2004-04,43.4,229.32000000000016,0.16890080428954435
10252,31,52.84,5,1638.04,5/26/2004 0:00,Shipped,2,5,2004,Motorcycles,62,S18_3782,Auto Canal Petit,Paris,,France,Small,EMEA,2004-05-26,2004-05,43.4,292.6400000000001,0.17865253595760794
10264,48,54.71,3,2626.08,6/30/2004 0:00,Shipped,2,6,2004,Motorcycles,62,S18_3782,Gifts4AllAges.com,Boston,MA,USA,Small,North America,2004-06-30,2004-06,43.4,542.8800000000001,0.20672637543410716
10276,33,50.36,9,1661.88,8/2/2004 0:00,Shipped,3,8,2004,Motorcycles,62,S18_3782,Online Mini Collectables,Brickhaven,MA,USA,Small,North America,2004-08-02,2004-08,43.4,229.68000000000006,0.13820492454328837
10286,38,57.2,1,2173.6,8/28/2004 0:00,Shipped,3,8,2004,Motorcycles,62,S18_3782,"La Corne D'abondance, Co.",Paris,,France,Small,EMEA,2004-08-28,2004-08,43.4,524.3999999999999,0.2412587412587412
10299,39,55.95,3,2182.05,9/30/2004 0:00,Shipped,3,9,2004,Motorcycles,62,S18_3782,"Toys of Finland, Co.",Helsinki,,Finland,Small,EMEA,2004-09-30,2004-09,43.4,489.4500000000003,0.22430741733690807
10310,42,67.14,16,2819.88,10/16/2004 0:00,Shipped,4,10,2004,Motorcycles,62,S18_3782,"Toms Spezialitten, Ltd",Koln,,Germany,Small,EMEA,2004-10-16,2004-10,43.4,997.0800000000002,0.3535895144474233
10319,44,59.06,4,2598.64,11/3/2004 0:00,Shipped,4,11,2004,Motorcycles,62,S18_3782,Microscale Inc.,NYC,NY,USA,Small,North America,2004-11-03,2004-11,43.4,689.04,0.26515408059600404
10330,29,69.63,2,2019.27,11/16/2004 0:00,Shipped,4,11,2004,Motorcycles,62,S18_3782,Cruz & Sons Co.,Makati City,,Philippines,Small,Japan,2004-11-16,2004-11,43.4,760.6700000000001,0.376705443056154
10342,26,55.95,8,1454.7,11/24/2004 0:00,Shipped,4,11,2004,Motorcycles,62,S18_3782,"Australian Collectors, Co.",Melbourne,Victoria,Australia,Small,APAC,2004-11-24,2004-11,43.4,326.3000000000002,0.22430741733690807
10355,31,53.47,1,1657.57,12/7/2004 0:00,Shipped,4,12,2004,Motorcycles,62,S18_3782,Euro Shopping Channel,Madrid,,Spain,Small,EMEA,2004-12-07,2004-12,43.4,312.1700000000001,0.18832990461941282
10363,32,89.12,12,2851.84,1/6/2005 0:00,Shipped,1,1,2005,Motorcycles,62,S18_3782,Suominen Souveniers,Espoo,,Finland,Small,EMEA,2005-01-06,2005-01,43.4,1463.0400000000002,0.5130161579892281
10378,28,100.0,9,4609.64,2/10/2005 0:00,Shipped,1,2,2005,Motorcycles,62,S18_3782,Euro Shopping Channel,Madrid,,Spain,Medium,EMEA,2005-02-10,2005-02,43.4,3394.4400000000005,0.7363785458300431
10390,36,100.0,2,5079.96,3/4/2005 0:00,Shipped,1,3,2005,Motorcycles,62,S18_3782,Mini Gifts Distributors Ltd.,San Rafael,CA,USA,Medium,North America,2005-03-04,2005-03,43.4,3517.5600000000004,0.6924385231379775
10403,36,52.22,1,1879.92,4/8/2005 0:00,Shipped,2,4,2005,Motorcycles,62,S18_3782,"UK Collectables, Ltd.",Liverpool,,UK,Small,EMEA,2005-04-08,2005-04,43.4,317.5200000000002,0.16890080428954435
10106,41,100.0,17,4774.86,2/17/2003 0:00,Shipped,1,2,2003,Vintage Cars,105,S18_3856,Rovelli Gifts,Bergamo,,Italy,Medium,EMEA,2003-02-17,2003-02,73.5,1761.3599999999997,0.3688820195775373
10119,27,99.52,8,2687.04,4/28/2003 0:00,Shipped,2,4,2003,Vintage Cars,105,S18_3856,Salzburg Collectables,Salzburg,,Austria,Small,EMEA,2003-04-28,2003-04,73.5,702.54,0.26145498392282956
10130,33,100.0,1,3423.75,6/16/2003 0:00,Shipped,2,6,2003,Vintage Cars,105,S18_3856,Auto-Moto Classics Inc.,Brickhaven,MA,USA,Medium,North America,2003-06-16,2003-06,73.5,998.25,0.29156626506024097
10143,34,100.0,12,3455.76,8/10/2003 0:00,Shipped,3,8,2003,Vintage Cars,105,S18_3856,Mini Creations Ltd.,New Bedford,MA,USA,Medium,North America,2003-08-10,2003-08,73.5,956.7600000000002,0.2768595041322314
10155,29,100.0,10,3622.97,10/6/2003 0:00,Shipped,4,10,2003,Vintage Cars,105,S18_3856,"Toys of Finland, Co.",Helsinki,,Finland,Medium,EMEA,2003-10-06,2003-10,73.5,1491.4699999999998,0.4116705354998799
10167,34,100.0,6,3599.58,10/23/2003 0:00,Cancelled,4,10,2003,Vintage Cars,105,S18_3856,Scandinavian Gift Ideas,Boras,,Sweden,Medium,EMEA,2003-10-23,2003-10,73.5,1100.58,0.30575233777274013
10178,48,100.0,9,5386.56,11/8/2003 0:00,Shipped,4,11,2003,Vintage Cars,105,S18_3856,Alpha Cognac,Toulouse,,France,Medium,EMEA,2003-11-08,2003-11,73.5,1858.5600000000004,0.3450365353769382
10186,46,100.0,6,4918.78,11/14/2003 0:00,Shipped,4,11,2003,Vintage Cars,105,S18_3856,"Double Decker Gift Stores, Ltd",London,,UK,Medium,EMEA,2003-11-14,2003-11,73.5,1537.7799999999997,0.31263443374170014
10197,22,100.0,3,2538.8,11/26/2003 0:00,Shipped,4,11,2003,Vintage Cars,105,S18_3856,Enaco Distributors,Barcelona,,Spain,Small,EMEA,2003-11-26,2003-11,73.5,921.8000000000002,0.36308492201039866
10209,20,100.0,5,2498.6,1/9/2004 0:00,Shipped,1,1,2004,Vintage Cars,105,S18_3856,"Men 'R' US Retailers, Ltd.",Los Angeles,CA,USA,Small,North America,2004-01-09,2004-01,73.5,1028.6,0.4116705354998799
10222,45,85.75,9,3858.75,2/19/2004 0:00,Shipped,1,2,2004,Vintage Cars,105,S18_3856,Collectable Mini Designs Co.,San Diego,CA,USA,Medium,North America,2004-02-19,2004-02,73.5,551.25,0.14285714285714285
10249,46,100.0,5,5600.5,5/8/2004 0:00,Shipped,2,5,2004,Vintage Cars,105,S18_3856,Cambridge Collectables Co.,Cambridge,MA,USA,Medium,North America,2004-05-08,2004-05,73.5,2219.5,0.39630390143737165
10262,34,100.0,14,4103.46,6/24/2004 0:00,Cancelled,2,6,2004,Vintage Cars,105,S18_3856,Euro Shopping Channel,Madrid,,Spain,Medium,EMEA,2004-06-24,2004-06,73.5,1604.46,0.3910017399950286
10273,50,85.75,1,4287.5,7/21/2004 0:00,Shipped,3,7,2004,Vintage Cars,105,S18_3856,Petit Auto,Bruxelles,,Belgium,Medium,EMEA,2004-07-21,2004-07,73.5,612.5,0.14285714285714285
10283,46,100.0,3,5795.54,8/20/2004 0:00,Shipped,3,8,2004,Vintage Cars,105,S18_3856,"Royal Canadian Collectables, Ltd.",Tsawassen,BC,Canada,Medium,North America,2004-08-20,2004-08,73.5,2414.54,0.4166203666957695
10296,22,84.7,12,1863.4,9/15/2004 0:00,Shipped,3,9,2004,Vintage Cars,105,S18_3856,"Bavarian Collectables Imports, Co.",Munich,,Germany,Small,EMEA,2004-09-15,2004-09,73.5,246.4000000000001,0.13223140495867772
10307,48,86.81,6,4166.88,10/14/2004 0:00,Shipped,4,10,2004,Vintage Cars,105,S18_3856,"Classic Gift Ideas, Inc",Philadelphia,PA,USA,Medium,North America,2004-10-14,2004-10,73.5,638.8800000000001,0.15332334984448798
10316,47,86.81,14,4080.07,11/1/2004 0:00,Shipped,4,11,2004,Vintage Cars,105,S18_3856,giftsbymail.co.uk,Cowes,Isle of Wight,UK,Medium,EMEA,2004-11-01,2004-11,73.5,625.5700000000002,0.153323349844488
10328,34,100.0,6,3815.48,11/12/2004 0:00,Shipped,4,11,2004,Vintage Cars,105,S18_3856,Rovelli Gifts,Bergamo,,Italy,Medium,EMEA,2004-11-12,2004-11,73.5,1316.48,0.3450365353769382
10338,45,100.0,2,5526.45,11/22/2004 0:00,Shipped,4,11,2004,Vintage Cars,105,S18_3856,Royale Belge,Charleroi,,Belgium,Medium,EMEA,2004-11-22,2004-11,73.5,2218.95,0.4015145346470157
10351,20,100.0,2,3374.6,12/3/2004 0:00,Shipped,4,12,2004,Vintage Cars,105,S18_3856,"Stylish Desk Decors, Co.",London,,UK,Medium,EMEA,2004-12-03,2004-12,73.5,1904.6,0.5643928169264505
10373,50,60.49,6,3024.5,1/31/2005 0:00,Shipped,1,1,2005,Vintage Cars,105,S18_3856,"Oulu Toy Supplies, Inc.",Oulu,,Finland,Medium,EMEA,2005-01-31,2005-01,73.5,-650.5,-0.21507687221028268
10386,22,57.55,6,1266.1,3/1/2005 0:00,Resolved,1,3,2005,Vintage Cars,105,S18_3856,Euro Shopping Channel,Madrid,,Spain,Small,EMEA,2005-03-01,2005-03,73.5,-350.9000000000001,-0.27715030408340585
10398,45,100.0,17,4811.85,3/30/2005 0:00,Shipped,1,3,2005,Vintage Cars,105,S18_3856,Reims Collectables,Reims,,France,Medium,EMEA,2005-03-30,2005-03,73.5,1504.3500000000004,0.31263443374170025
10400,58,100.0,6,7307.42,4/1/2005 0:00,Shipped,2,4,2005,Vintage Cars,105,S18_3856,The Sharp Gifts Warehouse,San Jose,CA,USA,Large,North America,2005-04-01,2005-04,73.5,3044.42,0.4166203666957695
10415,51,100.0,5,6209.25,5/9/2005 0:00,Disputed,2,5,2005,Vintage Cars,105,S18_3856,"Australian Collectables, Ltd",Glen Waverly,Victoria,Australia,Medium,APAC,2005-05-09,2005-05,73.5,2460.75,0.39630390143737165
10104,38,100.0,3,5348.5,1/31/2003 0:00,Shipped,1,1,2003,Classic Cars,143,S18_4027,Euro Shopping Channel,Madrid,,Spain,Medium,EMEA,2003-01-31,2003-01,100.1,1544.7000000000003,0.28880994671403204
10117,22,100.0,12,2780.58,4/16/2003 0:00,Shipped,2,4,2003,Classic Cars,143,S18_4027,"Dragon Souveniers, Ltd.",Singapore,,Singapore,Small,Japan,2003-04-16,2003-04,100.1,578.3800000000001,0.20800696257615323
10127,25,100.0,5,3447.0,6/3/2003 0:00,Shipped,2,6,2003,Classic Cars,143,S18_4027,Muscle Machine Inc,NYC,NY,USA,Medium,North America,2003-06-03,2003-06,100.1,944.5,0.27400638236147373
10142,24,100.0,15,3791.52,8/8/2003 0:00,Shipped,3,8,2003,Classic Cars,143,S18_4027,Mini Gifts Distributors Ltd.,San Rafael,CA,USA,Medium,North America,2003-08-08,2003-08,100.1,1389.1200000000003,0.3663754905684265
10152,35,100.0,1,4524.1,9/25/2003 0:00,Shipped,3,9,2003,Classic Cars,143,S18_4027,"Australian Gift Network, Co",South Brisbane,Queensland,Australia,Medium,APAC,2003-09-25,2003-09,100.1,1020.6000000000004,0.22559183041930997
10165,28,100.0,6,3337.6,10/22/2003 0:00,Shipped,4,10,2003,Classic Cars,143,S18_4027,"Dragon Souveniers, Ltd.",Singapore,,Singapore,Medium,Japan,2003-10-22,2003-10,100.1,534.8000000000002,0.16023489932885912
10176,36,100.0,5,5532.12,11/6/2003 0:00,Shipped,4,11,2003,Classic Cars,143,S18_4027,L'ordine Souveniers,Reggio Emilia,,Italy,Medium,EMEA,2003-11-06,2003-11,100.1,1928.52,0.34860415175375803
10185,39,100.0,16,5096.91,11/14/2003 0:00,Shipped,4,11,2003,Classic Cars,143,S18_4027,Mini Creations Ltd.,New Bedford,MA,USA,Medium,North America,2003-11-14,2003-11,100.1,1193.0100000000002,0.23406534547402255
10196,27,100.0,8,4537.08,11/26/2003 0:00,Shipped,4,11,2003,Classic Cars,143,S18_4027,Super Scale Inc.,New Haven,CT,USA,Medium,North America,2003-11-26,2003-11,100.1,1834.38,0.40430849797667223
10207,40,100.0,1,6146.8,12/9/2003 0:00,Shipped,4,12,2003,Classic Cars,143,S18_4027,Diecast Collectables,Boston,MA,USA,Medium,North America,2003-12-09,2003-12,100.1,2142.8,0.3486041517537581
10220,50,100.0,5,8258.0,2/12/2004 0:00,Shipped,1,2,2004,Classic Cars,143,S18_4027,"Clover Collections, Co.",Dublin,,Ireland,Large,EMEA,2004-02-12,2004-02,100.1,3253.0,0.39392104625817387
10230,42,100.0,3,7238.28,3/15/2004 0:00,Shipped,1,3,2004,Classic Cars,143,S18_4027,"Blauer See Auto, Co.",Frankfurt,,Germany,Large,EMEA,2004-03-15,2004-03,100.1,3034.08,0.4191714053614947
10247,48,100.0,5,6756.0,5/5/2004 0:00,Shipped,2,5,2004,Classic Cars,143,S18_4027,Suominen Souveniers,Espoo,,Finland,Medium,EMEA,2004-05-05,2004-05,100.1,1951.2000000000007,0.2888099467140321
10272,25,100.0,5,3734.0,7/20/2004 0:00,Shipped,3,7,2004,Classic Cars,143,S18_4027,Diecast Classics Inc.,Allentown,PA,USA,Medium,North America,2004-07-20,2004-07,100.1,1231.5,0.32980717728976966
10282,31,100.0,8,4674.8,8/20/2004 0:00,Shipped,3,8,2004,Classic Cars,143,S18_4027,Mini Gifts Distributors Ltd.,San Rafael,CA,USA,Medium,North America,2004-08-20,2004-08,100.1,1571.7000000000003,0.3362068965517242
10292,44,100.0,2,7140.76,9/8/2004 0:00,Shipped,3,9,2004,Classic Cars,143,S18_4027,Land of Toys Inc.,NYC,NY,USA,Large,North America,2004-09-08,2004-09,100.1,2736.3600000000006,0.38320290837389864
10306,23,100.0,16,3600.65,10/14/2004 0:00,Shipped,4,10,2004,Classic Cars,143,S18_4027,"AV Stores, Co.",Manchester,,UK,Medium,EMEA,2004-10-14,2004-10,100.1,1298.3500000000004,0.36058767167039296
10314,29,100.0,8,4206.74,10/22/2004 0:00,Shipped,4,10,2004,Classic Cars,143,S18_4027,Heintze Collectables,Aaarhus,,Denmark,Medium,EMEA,2004-10-22,2004-10,100.1,1303.8400000000001,0.3099407141872329
10324,49,100.0,13,5379.71,11/5/2004 0:00,Shipped,4,11,2004,Classic Cars,143,S18_4027,Vitachrome Inc.,NYC,NY,USA,Medium,North America,2004-11-05,2004-11,100.1,474.8100000000004,0.08825940431733316
10337,36,100.0,3,5679.36,11/21/2004 0:00,Shipped,4,11,2004,Classic Cars,143,S18_4027,Classic Legends Inc.,NYC,NY,USA,Medium,North America,2004-11-21,2004-11,100.1,2075.7599999999998,0.3654918864097363
10349,34,100.0,5,4394.84,12/1/2004 0:00,Shipped,4,12,2004,Classic Cars,143,S18_4027,Muscle Machine Inc,NYC,NY,USA,Medium,North America,2004-12-01,2004-12,100.1,991.4400000000005,0.22559183041931002
10358,25,100.0,13,2528.25,12/10/2004 0:00,Shipped,4,12,2004,Classic Cars,143,S18_4027,Euro Shopping Channel,Madrid,,Spain,Small,EMEA,2004-12-10,2004-12,100.1,25.75,0.010184910511223179
10372,48,100.0,6,7031.52,1/26/2005 0:00,Shipped,1,1,2005,Classic Cars,143,S18_4027,"Tokyo Collectables, Ltd",Minato-ku,Tokyo,Japan,Large,Japan,2005-01-26,2005-01,100.1,2226.720000000001,0.3166769062734659
10383,38,100.0,1,5340.9,2/22/2005 0:00,Shipped,1,2,2005,Classic Cars,143,S18_4027,Euro Shopping Channel,Madrid,,Spain,Medium,EMEA,2005-02-22,2005-02,100.1,1537.1,0.28779793667733905
10394,37,100.0,1,6376.58,3/15/2005 0:00,Shipped,1,3,2005,Classic Cars,143,S18_4027,Euro Shopping Channel,Madrid,,Spain,Medium,EMEA,2005-03-15,2005-03,100.1,2672.88,0.4191714053614947
10413,49,100.0,5,6896.75,5/5/2005 0:00,Shipped,2,5,2005,Classic Cars,143,S18_4027,Gift Depot Inc.,Bridgewater,CT,USA,Medium,North America,2005-05-05,2005-05,100.1,1991.8500000000004,0.28880994671403204
10100,22,86.51,4,1903.22,1/6/2003 0:00,Shipped,1,1,2003,Vintage Cars,92,S18_4409,Online Diecast Creations Co.,Nashua,NH,USA,Small,North America,2003-01-06,2003-01,64.39999999999999,486.4200000000003,0.25557738989712186
10110,28,89.27,8,2499.56,3/18/2003 0:00,Shipped,1,3,2003,Vintage Cars,92,S18_4409,"AV Stores, Co.",Manchester,,UK,Small,EMEA,2003-03-18,2003-03,64.39999999999999,696.3600000000001,0.2785930323736978
10124,36,85.59,7,3081.24,5/21/2003 0:00,Shipped,2,5,2003,Vintage Cars,92,S18_4409,Signal Gift Stores,Las Vegas,NV,USA,Medium,North America,2003-05-21,2003-05,64.39999999999999,762.8400000000001,0.24757565136114038
10148,34,100.0,1,3598.22,9/11/2003 0:00,Shipped,3,9,2003,Vintage Cars,92,S18_4409,"Anna's Decorations, Ltd",North Sydney,NSW,Australia,Medium,APAC,2003-09-11,2003-09,64.39999999999999,1408.62,0.39147689691013887
10162,39,100.0,10,3912.09,10/18/2003 0:00,Shipped,4,10,2003,Vintage Cars,92,S18_4409,Corporate Gift Ideas Co.,San Francisco,CA,USA,Medium,North America,2003-10-18,2003-10,64.39999999999999,1400.4900000000007,0.3579902302861132
10173,21,75.46,14,1584.66,11/5/2003 0:00,Shipped,4,11,2003,Vintage Cars,92,S18_4409,Rovelli Gifts,Bergamo,,Italy,Small,EMEA,2003-11-05,2003-11,64.39999999999999,232.26000000000022,0.14656771799628956
10182,36,100.0,11,3942.72,11/12/2003 0:00,Shipped,4,11,2003,Vintage Cars,92,S18_4409,Mini Gifts Distributors Ltd.,San Rafael,CA,USA,Medium,North America,2003-11-12,2003-11,64.39999999999999,1624.3200000000002,0.4119795471146823
10193,24,97.55,15,2341.2,11/21/2003 0:00,Shipped,4,11,2003,Vintage Cars,92,S18_4409,"Australian Collectables, Ltd",Glen Waverly,Victoria,Australia,Small,APAC,2003-11-21,2003-11,64.39999999999999,795.5999999999999,0.3398257303946694
10204,29,85.59,5,2482.11,12/2/2003 0:00,Shipped,4,12,2003,Vintage Cars,92,S18_4409,Muscle Machine Inc,NYC,NY,USA,Small,North America,2003-12-02,2003-12,64.39999999999999,614.5100000000004,0.2475756513611405
10213,38,94.79,1,3602.02,1/22/2004 0:00,Shipped,1,1,2004,Vintage Cars,92,S18_4409,"Double Decker Gift Stores, Ltd",London,,UK,Medium,EMEA,2004-01-22,2004-01,64.39999999999999,1154.8200000000002,0.3206034391813483
10227,34,100.0,11,3566.94,3/2/2004 0:00,Shipped,1,3,2004,Vintage Cars,92,S18_4409,"Saveley & Henriot, Co.",Lyon,,France,Medium,EMEA,2004-03-02,2004-03,64.39999999999999,1377.3400000000001,0.3861405013821371
10241,42,90.19,3,3787.98,4/13/2004 0:00,Shipped,2,4,2004,Vintage Cars,92,S18_4409,Mini Caravy,Strasbourg,,France,Medium,EMEA,2004-04-13,2004-04,64.39999999999999,1083.1800000000003,0.2859518793657834
10280,35,100.0,17,3704.05,8/17/2004 0:00,Shipped,3,8,2004,Vintage Cars,92,S18_4409,Amica Models & Co.,Torino,,Italy,Medium,EMEA,2004-08-17,2004-08,64.39999999999999,1450.0500000000006,0.39147689691013904
10288,35,80.99,6,2834.65,9/1/2004 0:00,Shipped,3,9,2004,Vintage Cars,92,S18_4409,Handji Gifts& Co,Singapore,,Singapore,Small,APAC,2004-09-01,2004-09,64.39999999999999,580.6500000000005,0.2048401037165084
10302,38,89.27,2,3392.26,10/6/2003 0:00,Shipped,4,10,2003,Vintage Cars,92,S18_4409,"UK Collectables, Ltd.",Liverpool,,UK,Medium,EMEA,2003-10-06,2003-10,64.39999999999999,945.0600000000004,0.27859303237369787
10311,41,81.91,1,3358.31,10/16/2004 0:00,Shipped,4,10,2004,Vintage Cars,92,S18_4409,Euro Shopping Channel,Madrid,,Spain,Medium,EMEA,2004-10-16,2004-10,64.39999999999999,717.9100000000003,0.2137712123061898
10332,50,100.0,2,7310.0,11/17/2004 0:00,Shipped,4,11,2004,Vintage Cars,92,S18_4409,"AV Stores, Co.",Manchester,,UK,Large,EMEA,2004-11-17,2004-11,64.39999999999999,4090.0000000000005,0.5595075239398085
10344,21,100.0,4,2203.11,11/25/2004 0:00,Shipped,4,11,2004,Vintage Cars,92,S18_4409,Marseille Mini Autos,Marseille,,France,Small,EMEA,2004-11-25,2004-11,64.39999999999999,850.7100000000003,0.3861405013821372
10367,43,62.72,8,2696.96,1/12/2005 0:00,Resolved,1,1,2005,Vintage Cars,92,S18_4409,Toys4GrownUps.com,Pasadena,CA,USA,Small,North America,2005-01-12,2005-01,64.39999999999999,-72.23999999999978,-0.026785714285714204
10380,32,100.0,1,3376.64,2/16/2005 0:00,Shipped,1,2,2005,Vintage Cars,92,S18_4409,Euro Shopping Channel,Madrid,,Spain,Medium,EMEA,2005-02-16,2005-02,64.39999999999999,1315.8400000000001,0.3896891584533738
10407,6,90.19,3,541.14,4/22/2005 0:00,On Hold,2,4,2005,Vintage Cars,92,S18_4409,The Sharp Gifts Warehouse,San Jose,CA,USA,Small,North America,2005-04-22,2005-04,64.39999999999999,154.74,0.28595187936578337
10420,66,92.95,6,6134.7,5/29/2005 0:00,In Process,2,5,2005,Vintage Cars,92,S18_4409,Souveniers And Things Co.,Chatswood,NSW,Australia,Medium,APAC,2005-05-29,2005-05,64.39999999999999,1884.3000000000002,0.30715438407746104
10105,41,82.5,10,3382.5,2/11/2003 0:00,Shipped,1,2,2003,Vintage Cars,87,S18_4522,Danish Wholesale Imports,Kobenhavn,,Denmark,Medium,EMEA,2003-02-11,2003-02,60.9,885.5999999999999,0.2618181818181818
10117,23,97.42,4,2240.66,4/16/2003 0:00,Shipped,2,4,2003,Vintage Cars,87,S18_4522,"Dragon Souveniers, Ltd.",Singapore,,Singapore,Small,Japan,2003-04-16,2003-04,60.9,839.9599999999998,0.3748716895914596
10128,43,92.16,1,3962.88,6/6/2003 0:00,Shipped,2,6,2003,Vintage Cars,87,S18_4522,Euro Shopping Channel,Madrid,,Spain,Medium,EMEA,2003-06-06,2003-06,60.9,1344.1800000000003,0.33919270833333337
10142,24,70.22,7,1685.28,8/8/2003 0:00,Shipped,3,8,2003,Vintage Cars,87,S18_4522,Mini Gifts Distributors Ltd.,San Rafael,CA,USA,Small,North America,2003-08-08,2003-08,60.9,223.68000000000006,0.13272571916832815
10153,22,83.38,6,1834.36,9/28/2003 0:00,Shipped,3,9,2003,Vintage Cars,87,S18_4522,Euro Shopping Channel,Madrid,,Spain,Small,EMEA,2003-09-28,2003-09,60.9,494.55999999999995,0.2696090189493883
10166,26,73.73,1,1916.98,10/21/2003 0:00,Shipped,4,10,2003,Vintage Cars,87,S18_4522,FunGiftIdeas.com,New Bedford,MA,USA,Small,North America,2003-10-21,2003-10,60.9,333.58000000000015,0.174013291740133
10177,35,74.6,8,2611.0,11/7/2003 0:00,Shipped,4,11,2003,Vintage Cars,87,S18_4522,CAF Imports,Madrid,,Spain,Small,EMEA,2003-11-07,2003-11,60.9,479.5,0.1836461126005362
10185,47,77.24,8,3630.28,11/14/2003 0:00,Shipped,4,11,2003,Vintage Cars,87,S18_4522,Mini Creations Ltd.,New Bedford,MA,USA,Medium,North America,2003-11-14,2003-11,60.9,767.9800000000005,0.2115484205075092
10197,50,100.0,14,5090.5,11/26/2003 0:00,Shipped,4,11,2003,Vintage Cars,87,S18_4522,Enaco Distributors,Barcelona,,Spain,Medium,EMEA,2003-11-26,2003-11,60.9,2045.5,0.4018269325213633
10208,45,87.77,8,3949.65,1/2/2004 0:00,Shipped,1,1,2004,Vintage Cars,87,S18_4522,"Saveley & Henriot, Co.",Lyon,,France,Medium,EMEA,2004-01-02,2004-01,60.9,1209.15,0.30614105047282675
10221,39,89.53,2,3491.67,2/18/2004 0:00,Shipped,1,2,2004,Vintage Cars,87,S18_4522,Petit Auto,Bruxelles,,Belgium,Medium,EMEA,2004-02-18,2004-02,60.9,1116.5700000000002,0.3197810789679437
10232,23,89.53,5,2059.19,3/20/2004 0:00,Shipped,1,3,2004,Vintage Cars,87,S18_4522,giftsbymail.co.uk,Cowes,Isle of Wight,UK,Small,EMEA,2004-03-20,2004-03,60.9,658.49,0.3197810789679437
10248,42,75.48,11,3170.16,5/7/2004 0:00,Cancelled,2,5,2004,Vintage Cars,87,S18_4522,Land of Toys Inc.,NYC,NY,USA,Medium,North America,2004-05-07,2004-05,60.9,612.3600000000001,0.19316375198728145
10261,20,89.53,9,1790.6,6/17/2004 0:00,Shipped,2,6,2004,Vintage Cars,87,S18_4522,Quebec Home Shopping Network,Montreal,Quebec,Canada,Small,North America,2004-06-17,2004-06,60.9,572.5999999999999,0.31978107896794367
10273,33,71.09,12,2345.97,7/21/2004 0:00,Shipped,3,7,2004,Vintage Cars,87,S18_4522,Petit Auto,Bruxelles,,Belgium,Small,EMEA,2004-07-21,2004-07,60.9,336.26999999999975,0.1433394288929525
10283,34,100.0,14,3580.88,8/20/2004 0:00,Shipped,3,8,2004,Vintage Cars,87,S18_4522,"Royal Canadian Collectables, Ltd.",Tsawassen,BC,Canada,Medium,North America,2004-08-20,2004-08,60.9,1510.2800000000002,0.4217622483858717
10293,49,100.0,3,4946.06,9/9/2004 0:00,Shipped,3,9,2004,Vintage Cars,87,S18_4522,Amica Models & Co.,Torino,,Italy,Medium,EMEA,2004-09-09,2004-09,60.9,1961.9600000000005,0.3966712898751734
10306,39,90.4,8,3525.6,10/14/2004 0:00,Shipped,4,10,2004,Vintage Cars,87,S18_4522,"AV Stores, Co.",Manchester,,UK,Medium,EMEA,2004-10-14,2004-10,60.9,1150.5,0.3263274336283186
10315,36,100.0,7,3602.16,10/29/2004 0:00,Shipped,4,10,2004,Vintage Cars,87,S18_4522,La Rochelle Gifts,Nantes,,France,Medium,EMEA,2004-10-29,2004-10,60.9,1409.7599999999998,0.39136518089146505
10326,50,86.01,5,4300.5,11/9/2004 0:00,Shipped,4,11,2004,Vintage Cars,87,S18_4522,"Volvo Model Replicas, Co",Lule,,Sweden,Medium,EMEA,2004-11-09,2004-11,60.9,1255.5,0.29194279734914547
10337,29,100.0,2,4498.19,11/21/2004 0:00,Shipped,4,11,2004,Vintage Cars,87,S18_4522,Classic Legends Inc.,NYC,NY,USA,Medium,North America,2004-11-21,2004-11,60.9,2732.0899999999997,0.6073754109986461
10350,30,100.0,3,3023.1,12/2/2004 0:00,Shipped,4,12,2004,Vintage Cars,87,S18_4522,Euro Shopping Channel,Madrid,,Spain,Medium,EMEA,2004-12-02,2004-12,60.9,1196.1,0.39565346829413517
10372,41,86.89,7,3562.49,1/26/2005 0:00,Shipped,1,1,2005,Vintage Cars,87,S18_4522,"Tokyo Collectables, Ltd",Minato-ku,Tokyo,Japan,Medium,Japan,2005-01-26,2005-01,60.9,1065.5899999999997,0.2991138220738865
10383,28,58.58,7,1640.24,2/22/2005 0:00,Shipped,1,2,2005,Vintage Cars,87,S18_4522,Euro Shopping Channel,Madrid,,Spain,Small,EMEA,2005-02-22,2005-02,60.9,-64.96000000000004,-0.039603960396039625
10396,45,100.0,5,4739.4,3/23/2005 0:00,Shipped,1,3,2005,Vintage Cars,87,S18_4522,Mini Gifts Distributors Ltd.,San Rafael,CA,USA,Medium,North America,2005-03-23,2005-03,60.9,1998.8999999999996,0.42176224838587156
10414,16,75.48,11,1207.68,5/6/2005 0:00,On Hold,2,5,2005,Vintage Cars,87,S18_4522,Gifts4AllAges.com,Boston,MA,USA,Small,North America,2005-05-06,2005-05,60.9,233.2800000000001,0.19316375198728147
10103,36,100.0,5,4228.2,1/29/2003 0:00,Shipped,1,1,2003,Trucks and Buses,121,S18_4600,Baane Mini Imports,Stavern,,Norway,Medium,EMEA,2003-01-29,2003-01,84.69999999999999,1179.0,0.27884206045125587
10114,41,100.0,9,4815.45,4/1/2003 0:00,Shipped,2,4,2003,Trucks and Buses,121,S18_4600,"La Corne D'abondance, Co.",Paris,,France,Medium,EMEA,2003-04-01,2003-04,84.69999999999999,1342.7500000000005,0.278842060451256
10126,50,100.0,5,7083.0,5/28/2003 0:00,Shipped,2,5,2003,Trucks and Buses,121,S18_4600,"Corrida Auto Replicas, Ltd",Madrid,,Spain,Large,EMEA,2003-05-28,2003-05,84.69999999999999,2848.000000000001,0.4020895100945928
10140,40,100.0,5,4601.2,7/24/2003 0:00,Shipped,3,7,2003,Trucks and Buses,121,S18_4600,Technics Stores Inc.,Burlingame,CA,USA,Medium,North America,2003-07-24,2003-07,84.69999999999999,1213.2000000000003,0.263670346866035
10150,49,100.0,2,6467.02,9/19/2003 0:00,Shipped,3,9,2003,Trucks and Buses,121,S18_4600,"Dragon Souveniers, Ltd.",Singapore,,Singapore,Medium,Japan,2003-09-19,2003-09,84.69999999999999,2316.720000000001,0.3582360963782393
10164,45,100.0,3,5012.55,10/21/2003 0:00,Resolved,4,10,2003,Trucks and Buses,121,S18_4600,Mini Auto Werke,Graz,,Austria,Medium,EMEA,2003-10-21,2003-10,84.69999999999999,1201.0500000000006,0.23960858245803046
10175,47,100.0,10,5121.59,11/6/2003 0:00,Shipped,4,11,2003,Trucks and Buses,121,S18_4600,"Stylish Desk Decors, Co.",London,,UK,Medium,EMEA,2003-11-06,2003-11,84.69999999999999,1140.6900000000005,0.2227218500504727
10183,21,100.0,2,2441.04,11/13/2003 0:00,Shipped,4,11,2003,Trucks and Buses,121,S18_4600,"Classic Gift Ideas, Inc",Philadelphia,PA,USA,Small,North America,2003-11-13,2003-11,84.69999999999999,662.3400000000001,0.27133516861665524
10194,32,100.0,5,4262.08,11/25/2003 0:00,Shipped,4,11,2003,Trucks and Buses,121,S18_4600,"Saveley & Henriot, Co.",Lyon,,France,Medium,EMEA,2003-11-25,2003-11,84.69999999999999,1551.6800000000003,0.36406637134920045
10207,47,100.0,16,6658.02,12/9/2003 0:00,Shipped,4,12,2003,Trucks and Buses,121,S18_4600,Diecast Collectables,Boston,MA,USA,Medium,North America,2003-12-09,2003-12,84.69999999999999,2677.120000000001,0.40208951009459276
10217,38,100.0,5,4509.08,2/4/2004 0:00,Shipped,1,2,2004,Trucks and Buses,121,S18_4600,Handji Gifts& Co,Singapore,,Singapore,Medium,APAC,2004-02-04,2004-02,84.69999999999999,1290.4800000000005,0.2861958536996462
10229,41,100.0,10,4716.23,3/11/2004 0:00,Shipped,1,3,2004,Trucks and Buses,121,S18_4600,Mini Gifts Distributors Ltd.,San Rafael,CA,USA,Medium,North America,2004-03-11,2004-03,84.69999999999999,1243.5300000000002,0.263670346866035
10245,21,100.0,3,2390.22,5/4/2004 0:00,Shipped,2,5,2004,Trucks and Buses,121,S18_4600,Super Scale Inc.,New Haven,CT,USA,Small,North America,2004-05-04,2004-05,84.69999999999999,611.52,0.2558425584255843
10259,41,100.0,13,4666.62,6/15/2004 0:00,Shipped,2,6,2004,Trucks and Buses,121,S18_4600,Handji Gifts& Co,Singapore,,Singapore,Medium,APAC,2004-06-15,2004-06,84.69999999999999,1193.9200000000005,0.2558425584255844
10270,38,100.0,3,5383.08,7/19/2004 0:00,Shipped,3,7,2004,Trucks and Buses,121,S18_4600,Souveniers And Things Co.,Chatswood,NSW,Australia,Medium,APAC,2004-07-19,2004-07,84.69999999999999,2164.4800000000005,0.40208951009459276
10281,25,99.29,10,2482.25,8/19/2004 0:00,Shipped,3,8,2004,Trucks and Buses,121,S18_4600,Diecast Classics Inc.,Allentown,PA,USA,Small,North America,2004-08-19,2004-08,84.69999999999999,364.75000000000045,0.1469432974116227
10291,48,100.0,5,5288.64,9/8/2004 0:00,Shipped,3,9,2004,Trucks and Buses,121,S18_4600,Scandinavian Gift Ideas,Boras,,Sweden,Medium,EMEA,2004-09-08,2004-09,84.69999999999999,1223.0400000000009,0.23125794155019075
10305,22,99.29,14,2184.38,10/13/2004 0:00,Shipped,4,10,2004,Trucks and Buses,121,S18_4600,Marta's Replicas Co.,Cambridge,MA,USA,Small,North America,2004-10-13,2004-10,84.69999999999999,320.9800000000005,0.14694329741162274
10313,28,100.0,8,2881.76,10/22/2004 0:00,Shipped,4,10,2004,Trucks and Buses,121,S18_4600,Canadian Gift Exchange Network,Vancouver,BC,Canada,Small,North America,2004-10-22,2004-10,84.69999999999999,510.16000000000076,0.17703070345899752
10323,47,100.0,1,6203.06,11/5/2004 0:00,Shipped,4,11,2004,Trucks and Buses,121,S18_4600,"Blauer See Auto, Co.",Frankfurt,,Germany,Medium,EMEA,2004-11-05,2004-11,84.69999999999999,2222.1600000000008,0.3582360963782392
10334,49,100.0,4,6763.47,11/19/2004 0:00,On Hold,4,11,2004,Trucks and Buses,121,S18_4600,"Volvo Model Replicas, Co",Lule,,Sweden,Medium,EMEA,2004-11-19,2004-11,84.69999999999999,2613.170000000001,0.38636528290951255
10347,45,100.0,4,5884.65,11/29/2004 0:00,Shipped,4,11,2004,Trucks and Buses,121,S18_4600,"Australian Collectors, Co.",Melbourne,Victoria,Australia,Medium,APAC,2004-11-29,2004-11,84.69999999999999,2073.15,0.3522979276592491
10357,28,100.0,2,3559.64,12/10/2004 0:00,Shipped,4,12,2004,Trucks and Buses,121,S18_4600,Mini Gifts Distributors Ltd.,San Rafael,CA,USA,Medium,North America,2004-12-10,2004-12,84.69999999999999,1188.0400000000004,0.33375285141194067
10370,29,57.53,6,1668.37,1/20/2005 0:00,Shipped,1,1,2005,Trucks and Buses,121,S18_4600,"Anna's Decorations, Ltd",North Sydney,NSW,Australia,Small,APAC,2005-01-20,2005-01,84.69999999999999,-787.9299999999998,-0.4722753346080305
10382,39,100.0,1,4890.6,2/17/2005 0:00,Shipped,1,2,2005,Trucks and Buses,121,S18_4600,Mini Gifts Distributors Ltd.,San Rafael,CA,USA,Medium,North America,2005-02-17,2005-02,84.69999999999999,1587.3000000000006,0.32456140350877205
10411,46,100.0,3,5235.72,5/1/2005 0:00,Shipped,2,5,2005,Trucks and Buses,121,S18_4600,Quebec Home Shopping Network,Montreal,Quebec,Canada,Medium,North America,2005-05-01,2005-05,84.69999999999999,1339.520000000001,0.2558425584255844
10425,38,100.0,13,4325.16,5/31/2005 0:00,In Process,2,5,2005,Trucks and Buses,121,S18_4600,La Rochelle Gifts,Nantes,,France,Medium,EMEA,2005-05-31,2005-05,84.69999999999999,1106.5600000000004,0.25584255842558434
10103,41,47.29,9,1938.89,1/29/2003 0:00,Shipped,1,1,2003,Vintage Cars,50,S18_4668,Baane Mini Imports,Stavern,,Norway,Small,EMEA,2003-01-29,2003-01,35.0,503.8900000000001,0.25988581095369
10113,50,49.81,3,2490.5,3/26/2003 0:00,Shipped,1,3,2003,Vintage Cars,50,S18_4668,Mini Gifts Distributors Ltd.,San Rafael,CA,USA,Small,North America,2003-03-26,2003-03,35.0,740.5,0.2973298534430837
10126,43,53.83,9,2314.69,5/28/2003 0:00,Shipped,2,5,2003,Vintage Cars,50,S18_4668,"Corrida Auto Replicas, Ltd",Madrid,,Spain,Small,EMEA,2003-05-28,2003-05,35.0,809.69,0.34980494148244473
10140,29,43.27,9,1254.83,7/24/2003 0:00,Shipped,3,7,2003,Vintage Cars,50,S18_4668,Technics Stores Inc.,Burlingame,CA,USA,Small,North America,2003-07-24,2003-07,35.0,239.82999999999993,0.19112549110238036
10150,30,42.76,6,1282.8,9/19/2003 0:00,Shipped,3,9,2003,Vintage Cars,50,S18_4668,"Dragon Souveniers, Ltd.",Singapore,,Singapore,Small,Japan,2003-09-19,2003-09,35.0,232.79999999999995,0.18147801683816647
10164,25,53.83,7,1345.75,10/21/2003 0:00,Resolved,4,10,2003,Vintage Cars,50,S18_4668,Mini Auto Werke,Graz,,Austria,Small,EMEA,2003-10-21,2003-10,35.0,470.75,0.34980494148244473
10174,49,44.78,2,2194.22,11/6/2003 0:00,Shipped,4,11,2003,Vintage Cars,50,S18_4668,"Australian Gift Network, Co",South Brisbane,Queensland,Australia,Small,APAC,2003-11-06,2003-11,35.0,479.2199999999998,0.2184010719071013
10183,40,49.3,6,1972.0,11/13/2003 0:00,Shipped,4,11,2003,Vintage Cars,50,S18_4668,"Classic Gift Ideas, Inc",Philadelphia,PA,USA,Small,North America,2003-11-13,2003-11,35.0,572.0,0.29006085192697767
10194,41,44.78,9,1835.98,11/25/2003 0:00,Shipped,4,11,2003,Vintage Cars,50,S18_4668,"Saveley & Henriot, Co.",Lyon,,France,Small,EMEA,2003-11-25,2003-11,35.0,400.98,0.2184010719071014
10206,21,53.33,4,1119.93,12/5/2003 0:00,Shipped,4,12,2003,Vintage Cars,50,S18_4668,Canadian Gift Exchange Network,Vancouver,BC,Canada,Small,North America,2003-12-05,2003-12,35.0,384.93000000000006,0.3437089818113632
10215,46,45.28,1,2082.88,1/29/2004 0:00,Shipped,1,1,2004,Vintage Cars,50,S18_4668,West Coast Collectables Co.,Burbank,CA,USA,Small,North America,2004-01-29,2004-01,35.0,472.8800000000001,0.22703180212014137
10229,39,40.25,14,1569.75,3/11/2004 0:00,Shipped,1,3,2004,Vintage Cars,50,S18_4668,Mini Gifts Distributors Ltd.,San Rafael,CA,USA,Small,North America,2004-03-11,2004-03,35.0,204.75,0.13043478260869565
10245,45,59.87,7,2694.15,5/4/2004 0:00,Shipped,2,5,2004,Vintage Cars,50,S18_4668,Super Scale Inc.,New Haven,CT,USA,Small,North America,2004-05-04,2004-05,35.0,1119.15,0.4154000334057124
10258,21,59.87,4,1257.27,6/15/2004 0:00,Shipped,2,6,2004,Vintage Cars,50,S18_4668,"Tokyo Collectables, Ltd",Minato-ku,Tokyo,Japan,Small,Japan,2004-06-15,2004-06,35.0,522.27,0.41540003340571235
10270,44,58.36,7,2567.84,7/19/2004 0:00,Shipped,3,7,2004,Vintage Cars,50,S18_4668,Souveniers And Things Co.,Chatswood,NSW,Australia,Small,APAC,2004-07-19,2004-07,35.0,1027.8400000000001,0.4002741603838246
10281,44,59.87,14,2634.28,8/19/2004 0:00,Shipped,3,8,2004,Vintage Cars,50,S18_4668,Diecast Classics Inc.,Allentown,PA,USA,Small,North America,2004-08-19,2004-08,35.0,1094.2800000000002,0.4154000334057124
10291,29,51.82,9,1502.78,9/8/2004 0:00,Shipped,3,9,2004,Vintage Cars,50,S18_4668,Scandinavian Gift Ideas,Boras,,Sweden,Small,EMEA,2004-09-08,2004-09,35.0,487.78,0.32458510227711307
10304,34,49.3,4,1676.2,10/11/2004 0:00,Shipped,4,10,2004,Vintage Cars,50,S18_4668,Auto Assoc. & Cie.,Versailles,,France,Small,EMEA,2004-10-11,2004-10,35.0,486.20000000000005,0.2900608519269777
10312,39,56.85,1,2217.15,10/21/2004 0:00,Shipped,4,10,2004,Vintage Cars,50,S18_4668,Mini Gifts Distributors Ltd.,San Rafael,CA,USA,Small,North America,2004-10-21,2004-10,35.0,852.1500000000001,0.38434476693051894
10324,38,100.0,6,6832.02,11/5/2004 0:00,Shipped,4,11,2004,Vintage Cars,50,S18_4668,Vitachrome Inc.,NYC,NY,USA,Medium,North America,2004-11-05,2004-11,35.0,5502.02,0.8053284387340787
10333,24,79.86,8,1916.64,11/18/2004 0:00,Shipped,4,11,2004,Vintage Cars,50,S18_4668,Mini Wheels Co.,San Francisco,CA,USA,Small,North America,2004-11-18,2004-11,35.0,1076.64,0.561733032807413
10348,29,100.0,6,7110.8,11/1/2004 0:00,Shipped,4,11,2004,Vintage Cars,50,S18_4668,"Corrida Auto Replicas, Ltd",Madrid,,Spain,Large,EMEA,2004-11-01,2004-11,35.0,6095.8,0.8572593800978793
10358,30,100.0,8,5302.8,12/10/2004 0:00,Shipped,4,12,2004,Vintage Cars,50,S18_4668,Euro Shopping Channel,Madrid,,Spain,Medium,EMEA,2004-12-10,2004-12,35.0,4252.8,0.8019914007694049
10370,20,100.0,2,2730.0,1/20/2005 0:00,Shipped,1,1,2005,Vintage Cars,50,S18_4668,"Anna's Decorations, Ltd",North Sydney,NSW,Australia,Small,APAC,2005-01-20,2005-01,35.0,2030.0,0.7435897435897436
10382,39,100.0,2,7827.3,2/17/2005 0:00,Shipped,1,2,2005,Vintage Cars,50,S18_4668,Mini Gifts Distributors Ltd.,San Rafael,CA,USA,Large,North America,2005-02-17,2005-02,35.0,6462.3,0.8256103637269556
10411,35,59.87,7,2095.45,5/1/2005 0:00,Shipped,2,5,2005,Vintage Cars,50,S18_4668,Quebec Home Shopping Network,Montreal,Quebec,Canada,Small,North America,2005-05-01,2005-05,35.0,870.4499999999998,0.4154000334057123
10424,26,59.87,4,1556.62,5/31/2005 0:00,In Process,2,5,2005,Vintage Cars,50,S18_4668,Euro Shopping Channel,Madrid,,Spain,Small,EMEA,2005-05-31,2005-05,35.0,646.6199999999999,0.41540003340571235
10108,44,100.0,11,5565.12,3/3/2003 0:00,Shipped,1,3,2003,Classic Cars,148,S18_4721,Cruz & Sons Co.,Makati City,,Philippines,Medium,Japan,2003-03-03,2003-03,103.6,1006.7200000000003,0.1808981657179001
10122,28,100.0,15,3583.16,5/8/2003 0:00,Shipped,2,5,2003,Classic Cars,148,S18_4721,Marseille Mini Autos,Marseille,,France,Medium,EMEA,2003-05-08,2003-05,103.6,682.3600000000001,0.1904352582636556
10135,31,100.0,12,4705.18,7/2/2003 0:00,Shipped,3,7,2003,Classic Cars,148,S18_4721,Mini Gifts Distributors Ltd.,San Rafael,CA,USA,Medium,North America,2003-07-02,2003-07,103.6,1493.5800000000004,0.317433126894189
10146,29,100.0,1,4444.54,9/3/2003 0:00,Shipped,3,9,2003,Classic Cars,148,S18_4721,Gift Ideas Corp.,Glendale,CT,USA,Medium,North America,2003-09-03,2003-09,103.6,1440.1400000000003,0.3240245334725304
10159,32,100.0,7,4618.88,10/10/2003 0:00,Shipped,4,10,2003,Classic Cars,148,S18_4721,Corporate Gift Ideas Co.,San Francisco,CA,USA,Medium,North America,2003-10-10,2003-10,103.6,1303.6800000000003,0.28225024248302627
10169,33,100.0,7,4910.4,11/4/2003 0:00,Shipped,4,11,2003,Classic Cars,148,S18_4721,"Anna's Decorations, Ltd",North Sydney,NSW,Australia,Medium,APAC,2003-11-04,2003-11,103.6,1491.6,0.30376344086021506
10180,44,100.0,2,5565.12,11/11/2003 0:00,Shipped,4,11,2003,Classic Cars,148,S18_4721,Daedalus Designs Imports,Lille,,France,Medium,EMEA,2003-11-11,2003-11,103.6,1006.7200000000003,0.1808981657179001
10191,32,100.0,8,4237.76,11/20/2003 0:00,Shipped,4,11,2003,Classic Cars,148,S18_4721,"Toms Spezialitten, Ltd",Koln,,Germany,Medium,EMEA,2003-11-20,2003-11,103.6,922.5600000000004,0.21769991693724994
10211,41,100.0,7,5673.58,1/15/2004 0:00,Shipped,1,1,2004,Classic Cars,148,S18_4721,Auto Canal Petit,Paris,,France,Medium,EMEA,2004-01-15,2004-01,103.6,1425.9800000000005,0.251336898395722
10225,35,100.0,14,5260.15,2/22/2004 0:00,Shipped,1,2,2004,Classic Cars,148,S18_4721,"Vida Sport, Ltd",Gensve,,Switzerland,Medium,EMEA,2004-02-22,2004-02,103.6,1634.1499999999996,0.3106660456450861
10238,44,100.0,8,6350.96,4/9/2004 0:00,Shipped,2,4,2004,Classic Cars,148,S18_4721,Danish Wholesale Imports,Kobenhavn,,Denmark,Medium,EMEA,2004-04-09,2004-04,103.6,1792.5600000000004,0.28225024248302627
10252,26,100.0,4,3559.4,5/26/2004 0:00,Shipped,2,5,2004,Classic Cars,148,S18_4721,Auto Canal Petit,Paris,,France,Medium,EMEA,2004-05-26,2004-05,103.6,865.8000000000002,0.24324324324324328
10264,20,100.0,2,2410.6,6/30/2004 0:00,Shipped,2,6,2004,Classic Cars,148,S18_4721,Gifts4AllAges.com,Boston,MA,USA,Small,North America,2004-06-30,2004-06,103.6,338.5999999999999,0.1404629552808429
10276,48,100.0,8,5713.92,8/2/2004 0:00,Shipped,3,8,2004,Classic Cars,148,S18_4721,Online Mini Collectables,Brickhaven,MA,USA,Medium,North America,2004-08-02,2004-08,103.6,741.1200000000008,0.12970430107526895
10287,34,100.0,17,4300.32,8/30/2004 0:00,Shipped,3,8,2004,Classic Cars,148,S18_4721,"Vida Sport, Ltd",Gensve,,Switzerland,Medium,EMEA,2004-08-30,2004-08,103.6,777.9200000000001,0.1808981657179001
10299,49,100.0,2,7947.31,9/30/2004 0:00,Shipped,3,9,2004,Classic Cars,148,S18_4721,"Toys of Finland, Co.",Helsinki,,Finland,Large,EMEA,2004-09-30,2004-09,103.6,2870.9100000000008,0.3612429866206302
10310,40,100.0,15,5356.8,10/16/2004 0:00,Shipped,4,10,2004,Classic Cars,148,S18_4721,"Toms Spezialitten, Ltd",Koln,,Germany,Medium,EMEA,2004-10-16,2004-10,103.6,1212.8000000000002,0.22640382317801674
10319,45,100.0,3,7901.1,11/3/2004 0:00,Shipped,4,11,2004,Classic Cars,148,S18_4721,Microscale Inc.,NYC,NY,USA,Large,North America,2004-11-03,2004-11,103.6,3239.1000000000004,0.4099555758059005
10330,50,100.0,4,6101.0,11/16/2004 0:00,Shipped,4,11,2004,Classic Cars,148,S18_4721,Cruz & Sons Co.,Makati City,,Philippines,Medium,Japan,2004-11-16,2004-11,103.6,921.0,0.1509588592034093
10342,38,100.0,11,6276.46,11/24/2004 0:00,Shipped,4,11,2004,Classic Cars,148,S18_4721,"Australian Collectors, Co.",Melbourne,Victoria,Australia,Medium,APAC,2004-11-24,2004-11,103.6,2339.6600000000003,0.37276745171641346
10355,25,100.0,2,4203.5,12/7/2004 0:00,Shipped,4,12,2004,Classic Cars,148,S18_4721,Euro Shopping Channel,Madrid,,Spain,Medium,EMEA,2004-12-07,2004-12,103.6,1613.5,0.38384679433805163
10363,28,58.18,13,1629.04,1/6/2005 0:00,Shipped,1,1,2005,Classic Cars,148,S18_4721,Suominen Souveniers,Espoo,,Finland,Small,EMEA,2005-01-06,2005-01,103.6,-1271.7599999999998,-0.7806806462701958
10378,49,67.14,8,3289.86,2/10/2005 0:00,Shipped,1,2,2005,Classic Cars,148,S18_4721,Euro Shopping Channel,Madrid,,Spain,Medium,EMEA,2005-02-10,2005-02,103.6,-1786.5399999999995,-0.543044384867441
10390,49,100.0,3,6862.94,3/4/2005 0:00,Shipped,1,3,2005,Classic Cars,148,S18_4721,Mini Gifts Distributors Ltd.,San Rafael,CA,USA,Medium,North America,2005-03-04,2005-03,103.6,1786.54,0.2603170069970013
10110,42,61.29,9,2574.18,3/18/2003 0:00,Shipped,1,3,2003,Classic Cars,71,S18_4933,"AV Stores, Co.",Manchester,,UK,Small,EMEA,2003-03-18,2003-03,49.699999999999996,486.7800000000002,0.18910099526839624
10124,23,57.73,8,1327.79,5/21/2003 0:00,Shipped,2,5,2003,Classic Cars,71,S18_4933,Signal Gift Stores,Las Vegas,NV,USA,Small,North America,2003-05-21,2003-05,49.699999999999996,184.69000000000005,0.13909579075004336
10148,29,81.25,2,2356.25,9/11/2003 0:00,Shipped,3,9,2003,Classic Cars,71,S18_4933,"Anna's Decorations, Ltd",North Sydney,NSW,Australia,Small,APAC,2003-09-11,2003-09,49.699999999999996,914.95,0.38830769230769235
10161,25,80.54,1,2013.5,10/17/2003 0:00,Shipped,4,10,2003,Classic Cars,71,S18_4933,Heintze Collectables,Aaarhus,,Denmark,Small,EMEA,2003-10-17,2003-10,49.699999999999996,771.0,0.38291532157933944
10173,39,71.98,15,2807.22,11/5/2003 0:00,Shipped,4,11,2003,Classic Cars,71,S18_4933,Rovelli Gifts,Bergamo,,Italy,Small,EMEA,2003-11-05,2003-11,49.699999999999996,868.9200000000001,0.3095304251180884
10182,44,69.84,12,3072.96,11/12/2003 0:00,Shipped,4,11,2003,Classic Cars,71,S18_4933,Mini Gifts Distributors Ltd.,San Rafael,CA,USA,Medium,North America,2003-11-12,2003-11,49.699999999999996,886.1600000000003,0.2883734249713632
10193,25,76.26,16,1906.5,11/21/2003 0:00,Shipped,4,11,2003,Classic Cars,71,S18_4933,"Australian Collectables, Ltd",Glen Waverly,Victoria,Australia,Small,APAC,2003-11-21,2003-11,49.699999999999996,664.0,0.34828219249934433
10204,45,76.26,6,3431.7,12/2/2003 0:00,Shipped,4,12,2003,Classic Cars,71,S18_4933,Muscle Machine Inc,NYC,NY,USA,Medium,North America,2003-12-02,2003-12,49.699999999999996,1195.1999999999998,0.34828219249934433
10213,25,83.39,2,2084.75,1/22/2004 0:00,Shipped,1,1,2004,Classic Cars,71,S18_4933,"Double Decker Gift Stores, Ltd",London,,UK,Small,EMEA,2004-01-22,2004-01,49.699999999999996,842.25,0.4040052764120398
10227,37,57.73,12,2136.01,3/2/2004 0:00,Shipped,1,3,2004,Classic Cars,71,S18_4933,"Saveley & Henriot, Co.",Lyon,,France,Small,EMEA,2004-03-02,2004-03,49.699999999999996,297.11000000000035,0.13909579075004347
10241,30,66.99,4,2009.7,4/13/2004 0:00,Shipped,2,4,2004,Classic Cars,71,S18_4933,Mini Caravy,Strasbourg,,France,Small,EMEA,2004-04-13,2004-04,49.699999999999996,518.7000000000003,0.25809822361546514
10267,36,75.55,1,2719.8,7/7/2004 0:00,Shipped,3,7,2004,Classic Cars,71,S18_4933,Muscle Machine Inc,NYC,NY,USA,Small,North America,2004-07-07,2004-07,49.699999999999996,930.6000000000004,0.3421575115817341
10279,26,60.58,1,1575.08,8/9/2004 0:00,Shipped,3,8,2004,Classic Cars,71,S18_4933,Euro Shopping Channel,Madrid,,Spain,Small,EMEA,2004-08-09,2004-08,49.699999999999996,282.8800000000001,0.17959722680752732
10288,23,73.41,7,1688.43,9/1/2004 0:00,Shipped,3,9,2004,Classic Cars,71,S18_4933,Handji Gifts& Co,Singapore,,Singapore,Small,APAC,2004-09-01,2004-09,49.699999999999996,545.3300000000002,0.32298052036507297
10302,23,72.7,3,1672.1,10/6/2003 0:00,Shipped,4,10,2003,Classic Cars,71,S18_4933,"UK Collectables, Ltd.",Liverpool,,UK,Small,EMEA,2003-10-06,2003-10,49.699999999999996,529.0,0.31636863823933975
10311,25,66.99,2,1674.75,10/16/2004 0:00,Shipped,4,10,2004,Classic Cars,71,S18_4933,Euro Shopping Channel,Madrid,,Spain,Small,EMEA,2004-10-16,2004-10,49.699999999999996,432.25,0.258098223615465
10332,21,100.0,3,3472.98,11/17/2004 0:00,Shipped,4,11,2004,Classic Cars,71,S18_4933,"AV Stores, Co.",Manchester,,UK,Medium,EMEA,2004-11-17,2004-11,49.699999999999996,2429.28,0.6994799854879672
10344,26,63.43,5,1649.18,11/25/2004 0:00,Shipped,4,11,2004,Classic Cars,71,S18_4933,Marseille Mini Autos,Marseille,,France,Small,EMEA,2004-11-25,2004-11,49.699999999999996,356.98000000000025,0.2164590887592623
10367,44,85.25,9,3751.0,1/12/2005 0:00,Resolved,1,1,2005,Classic Cars,71,S18_4933,Toys4GrownUps.com,Pasadena,CA,USA,Medium,North America,2005-01-12,2005-01,49.699999999999996,1564.2000000000003,0.41700879765395904
10380,24,100.0,2,4536.0,2/16/2005 0:00,Shipped,1,2,2005,Classic Cars,71,S18_4933,Euro Shopping Channel,Madrid,,Spain,Medium,EMEA,2005-02-16,2005-02,49.699999999999996,3343.2,0.737037037037037
10407,66,66.99,4,4421.34,4/22/2005 0:00,On Hold,2,4,2005,Classic Cars,71,S18_4933,The Sharp Gifts Warehouse,San Jose,CA,USA,Medium,North America,2005-04-22,2005-04,49.699999999999996,1141.1400000000003,0.2580982236154651
10420,36,57.73,7,2078.28,5/29/2005 0:00,In Process,2,5,2005,Classic Cars,71,S18_4933,Souveniers And Things Co.,Chatswood,NSW,Australia,Small,APAC,2005-05-29,2005-05,49.699999999999996,289.0800000000004,0.13909579075004347
10110,36,85.25,13,3069.0,3/18/2003 0:00,Shipped,1,3,2003,Classic Cars,73,S24_1046,"AV Stores, Co.",Manchester,,UK,Medium,EMEA,2003-03-18,2003-03,51.099999999999994,1229.4,0.40058651026392966
10124,22,77.9,12,1713.8,5/21/2003 0:00,Shipped,2,5,2003,Classic Cars,73,S24_1046,Signal Gift Stores,Las Vegas,NV,USA,Small,North America,2003-05-21,2003-05,51.099999999999994,589.6000000000001,0.34403080872914
10148,25,60.26,6,1506.5,9/11/2003 0:00,Shipped,3,9,2003,Classic Cars,73,S24_1046,"Anna's Decorations, Ltd",North Sydney,NSW,Australia,Small,APAC,2003-09-11,2003-09,51.099999999999994,229.00000000000023,0.15200796548290754
10161,37,72.76,5,2692.12,10/17/2003 0:00,Shipped,4,10,2003,Classic Cars,73,S24_1046,Heintze Collectables,Aaarhus,,Denmark,Small,EMEA,2003-10-17,2003-10,51.099999999999994,801.4200000000001,0.29769103903243543
10172,32,75.69,3,2422.08,11/5/2003 0:00,Shipped,4,11,2003,Classic Cars,73,S24_1046,Gift Depot Inc.,Bridgewater,CT,USA,Small,North America,2003-11-05,2003-11,51.099999999999994,786.8800000000001,0.32487779098956276
10182,47,74.22,16,3488.34,11/12/2003 0:00,Shipped,4,11,2003,Classic Cars,73,S24_1046,Mini Gifts Distributors Ltd.,San Rafael,CA,USA,Medium,North America,2003-11-12,2003-11,51.099999999999994,1086.6400000000003,0.311506332524926
10192,37,69.82,4,2583.34,11/20/2003 0:00,Shipped,4,11,2003,Classic Cars,73,S24_1046,Online Diecast Creations Co.,Nashua,NH,USA,Small,North America,2003-11-20,2003-11,51.099999999999994,692.6400000000003,0.26811801775995425
10204,20,62.47,10,1249.4,12/2/2003 0:00,Shipped,4,12,2003,Classic Cars,73,S24_1046,Muscle Machine Inc,NYC,NY,USA,Small,North America,2003-12-02,2003-12,51.099999999999994,227.4000000000002,0.1820073635344967
10212,41,82.31,3,3374.71,1/16/2004 0:00,Shipped,1,1,2004,Classic Cars,73,S24_1046,Euro Shopping Channel,Madrid,,Spain,Medium,EMEA,2004-01-16,2004-01,51.099999999999994,1279.6100000000001,0.37917628477706233
10226,21,60.26,1,1265.46,2/26/2004 0:00,Shipped,1,2,2004,Classic Cars,73,S24_1046,Collectable Mini Designs Co.,San Diego,CA,USA,Small,North America,2004-02-26,2004-02,51.099999999999994,192.36000000000013,0.1520079654829075
10241,22,76.43,8,1681.46,4/13/2004 0:00,Shipped,2,4,2004,Classic Cars,73,S24_1046,Mini Caravy,Strasbourg,,France,Small,EMEA,2004-04-13,2004-04,51.099999999999994,557.2600000000002,0.33141436608661534
10267,40,80.1,5,3204.0,7/7/2004 0:00,Shipped,3,7,2004,Classic Cars,73,S24_1046,Muscle Machine Inc,NYC,NY,USA,Medium,North America,2004-07-07,2004-07,51.099999999999994,1160.0000000000002,0.36204744069912614
10279,32,74.96,5,2398.72,8/9/2004 0:00,Shipped,3,8,2004,Classic Cars,73,S24_1046,Euro Shopping Channel,Madrid,,Spain,Small,EMEA,2004-08-09,2004-08,51.099999999999994,763.52,0.3183030949839915
10288,36,66.14,11,2381.04,9/1/2004 0:00,Shipped,3,9,2004,Classic Cars,73,S24_1046,Handji Gifts& Co,Singapore,,Singapore,Small,APAC,2004-09-01,2004-09,51.099999999999994,541.44,0.22739643181130936
10301,27,72.02,1,1944.54,10/5/2003 0:00,Shipped,4,10,2003,Classic Cars,73,S24_1046,"Norway Gifts By Mail, Co.",Oslo,,Norway,Small,EMEA,2003-10-05,2003-10,51.099999999999994,564.8400000000001,0.2904748680921967
10311,26,87.45,6,2273.7,10/16/2004 0:00,Shipped,4,10,2004,Classic Cars,73,S24_1046,Euro Shopping Channel,Madrid,,Spain,Small,EMEA,2004-10-16,2004-10,51.099999999999994,945.0999999999999,0.4156660949113779
10321,30,70.55,3,2116.5,11/4/2004 0:00,Shipped,4,11,2004,Classic Cars,73,S24_1046,FunGiftIdeas.com,New Bedford,MA,USA,Small,North America,2004-11-04,2004-11,51.099999999999994,583.5000000000002,0.2756909992912829
10332,23,56.84,4,1307.32,11/17/2004 0:00,Shipped,4,11,2004,Classic Cars,73,S24_1046,"AV Stores, Co.",Manchester,,UK,Small,EMEA,2004-11-17,2004-11,51.099999999999994,132.01999999999998,0.10098522167487683
10344,29,59.53,7,1726.37,11/25/2004 0:00,Shipped,4,11,2004,Classic Cars,73,S24_1046,Marseille Mini Autos,Marseille,,France,Small,EMEA,2004-11-25,2004-11,51.099999999999994,244.47000000000003,0.1416092726356459
10367,21,60.37,10,1267.77,1/12/2005 0:00,Resolved,1,1,2005,Classic Cars,73,S24_1046,Toys4GrownUps.com,Pasadena,CA,USA,Small,North America,2005-01-12,2005-01,51.099999999999994,194.67000000000007,0.1535530892827564
10380,34,100.0,3,3441.82,2/16/2005 0:00,Shipped,1,2,2005,Classic Cars,73,S24_1046,Euro Shopping Channel,Madrid,,Spain,Medium,EMEA,2005-02-16,2005-02,51.099999999999994,1704.4200000000003,0.4952089301590438
10407,26,76.43,8,1987.18,4/22/2005 0:00,On Hold,2,4,2005,Classic Cars,73,S24_1046,The Sharp Gifts Warehouse,San Jose,CA,USA,Small,North America,2005-04-22,2005-04,51.099999999999994,658.5800000000002,0.3314143660866153
10420,60,64.67,11,3880.2,5/29/2005 0:00,In Process,2,5,2005,Classic Cars,73,S24_1046,Souveniers And Things Co.,Chatswood,NSW,Australia,Medium,APAC,2005-05-29,2005-05,51.099999999999994,814.2000000000003,0.2098345446111026
10104,35,55.49,6,1942.15,1/31/2003 0:00,Shipped,1,1,2003,Classic Cars,57,S24_1444,Euro Shopping Channel,Madrid,,Spain,Small,EMEA,2003-01-31,2003-01,39.9,545.6500000000001,0.2809515227969004
10115,47,69.36,2,3259.92,4/4/2003 0:00,Shipped,2,4,2003,Classic Cars,57,S24_1444,Classic Legends Inc.,NYC,NY,USA,Medium,North America,2003-04-04,2003-04,39.9,1384.6200000000001,0.42474048442906576
10127,20,60.69,8,1213.8,6/3/2003 0:00,Shipped,2,6,2003,Classic Cars,57,S24_1444,Muscle Machine Inc,NYC,NY,USA,Small,North America,2003-06-03,2003-06,39.9,415.79999999999995,0.34256055363321797
10141,20,54.33,2,1086.6,8/1/2003 0:00,Shipped,3,8,2003,Classic Cars,57,S24_1444,Suominen Souveniers,Espoo,,Finland,Small,EMEA,2003-08-01,2003-08,39.9,288.5999999999999,0.2655991165102153
10152,25,65.31,4,1632.75,9/25/2003 0:00,Shipped,3,9,2003,Classic Cars,57,S24_1444,"Australian Gift Network, Co",South Brisbane,Queensland,Australia,Small,APAC,2003-09-25,2003-09,39.9,635.25,0.3890675241157556
10165,25,69.36,9,1734.0,10/22/2003 0:00,Shipped,4,10,2003,Classic Cars,57,S24_1444,"Dragon Souveniers, Ltd.",Singapore,,Singapore,Small,Japan,2003-10-22,2003-10,39.9,736.5,0.42474048442906576
10176,27,68.78,8,1857.06,11/6/2003 0:00,Shipped,4,11,2003,Classic Cars,57,S24_1444,L'ordine Souveniers,Reggio Emilia,,Italy,Small,EMEA,2003-11-06,2003-11,39.9,779.76,0.4198895027624309
10184,31,60.11,3,1863.41,11/14/2003 0:00,Shipped,4,11,2003,Classic Cars,57,S24_1444,"Iberia Gift Imports, Corp.",Sevilla,,Spain,Small,EMEA,2003-11-14,2003-11,39.9,626.5100000000002,0.33621693561803373
10195,44,66.47,3,2924.68,11/25/2003 0:00,Shipped,4,11,2003,Classic Cars,57,S24_1444,Mini Classics,White Plains,NY,USA,Small,North America,2003-11-25,2003-11,39.9,1169.08,0.39972920114337296
10207,49,46.82,4,2294.18,12/9/2003 0:00,Shipped,4,12,2003,Classic Cars,57,S24_1444,Diecast Collectables,Boston,MA,USA,Small,North America,2003-12-09,2003-12,39.9,339.0799999999999,0.14780008543357537
10220,26,56.07,8,1457.82,2/12/2004 0:00,Shipped,1,2,2004,Classic Cars,57,S24_1444,"Clover Collections, Co.",Dublin,,Ireland,Small,EMEA,2004-02-12,2004-02,39.9,420.4200000000001,0.28838951310861427
10230,36,54.33,6,1955.88,3/15/2004 0:00,Shipped,1,3,2004,Classic Cars,57,S24_1444,"Blauer See Auto, Co.",Frankfurt,,Germany,Small,EMEA,2004-03-15,2004-03,39.9,519.4800000000002,0.26559911651021545
10246,44,52.6,2,2314.4,5/5/2004 0:00,Shipped,2,5,2004,Classic Cars,57,S24_1444,Euro Shopping Channel,Madrid,,Spain,Small,EMEA,2004-05-05,2004-05,39.9,558.8000000000002,0.24144486692015216
10259,28,46.82,1,1310.96,6/15/2004 0:00,Shipped,2,6,2004,Classic Cars,57,S24_1444,Handji Gifts& Co,Singapore,,Singapore,Small,APAC,2004-06-15,2004-06,39.9,193.76,0.1478000854335754
10271,45,64.74,2,2913.3,7/20/2004 0:00,Shipped,3,7,2004,Classic Cars,57,S24_1444,Mini Gifts Distributors Ltd.,San Rafael,CA,USA,Small,North America,2004-07-20,2004-07,39.9,1117.8000000000002,0.38368860055607046
10282,29,46.82,11,1357.78,8/20/2004 0:00,Shipped,3,8,2004,Classic Cars,57,S24_1444,Mini Gifts Distributors Ltd.,San Rafael,CA,USA,Small,North America,2004-08-20,2004-08,39.9,200.68000000000006,0.14780008543357545
10292,40,53.75,5,2150.0,9/8/2004 0:00,Shipped,3,9,2004,Classic Cars,57,S24_1444,Land of Toys Inc.,NYC,NY,USA,Small,North America,2004-09-08,2004-09,39.9,554.0,0.2576744186046512
10305,45,61.85,2,2783.25,10/13/2004 0:00,Shipped,4,10,2004,Classic Cars,57,S24_1444,Marta's Replicas Co.,Cambridge,MA,USA,Small,North America,2004-10-13,2004-10,39.9,987.75,0.35489086499595796
10314,44,53.18,11,2339.92,10/22/2004 0:00,Shipped,4,10,2004,Classic Cars,57,S24_1444,Heintze Collectables,Aaarhus,,Denmark,Small,EMEA,2004-10-22,2004-10,39.9,584.3200000000002,0.24971793907484022
10324,25,69.16,14,1729.0,11/5/2004 0:00,Shipped,4,11,2004,Classic Cars,57,S24_1444,Vitachrome Inc.,NYC,NY,USA,Small,North America,2004-11-05,2004-11,39.9,731.5,0.4230769230769231
10336,45,100.0,4,5972.4,11/20/2004 0:00,Shipped,4,11,2004,Classic Cars,57,S24_1444,"La Corne D'abondance, Co.",Paris,,France,Medium,EMEA,2004-11-20,2004-11,39.9,4176.9,0.6993670886075949
10349,48,47.4,4,2275.2,12/1/2004 0:00,Shipped,4,12,2004,Classic Cars,57,S24_1444,Muscle Machine Inc,NYC,NY,USA,Small,North America,2004-12-01,2004-12,39.9,360.0,0.15822784810126583
10358,44,60.76,14,2673.44,12/10/2004 0:00,Shipped,4,12,2004,Classic Cars,57,S24_1444,Euro Shopping Channel,Madrid,,Spain,Small,EMEA,2004-12-10,2004-12,39.9,917.8400000000001,0.3433179723502305
10371,25,97.27,12,2431.75,1/23/2005 0:00,Shipped,1,1,2005,Classic Cars,57,S24_1444,Mini Gifts Distributors Ltd.,San Rafael,CA,USA,Small,North America,2005-01-23,2005-01,39.9,1434.25,0.5898015832219595
10383,22,91.76,2,2018.72,2/22/2005 0:00,Shipped,1,2,2005,Classic Cars,57,S24_1444,Euro Shopping Channel,Madrid,,Spain,Small,EMEA,2005-02-22,2005-02,39.9,1140.92,0.5651700087183958
10394,31,50.29,2,1558.99,3/15/2005 0:00,Shipped,1,3,2005,Classic Cars,57,S24_1444,Euro Shopping Channel,Madrid,,Spain,Small,EMEA,2005-03-15,2005-03,39.9,322.09000000000015,0.20660171008152722
10412,21,52.6,2,1104.6,5/3/2005 0:00,Shipped,2,5,2005,Classic Cars,57,S24_1444,Euro Shopping Channel,Madrid,,Spain,Small,EMEA,2005-05-03,2005-05,39.9,266.69999999999993,0.24144486692015205
10425,55,46.82,1,2575.1,5/31/2005 0:00,In Process,2,5,2005,Classic Cars,57,S24_1444,La Rochelle Gifts,Nantes,,France,Small,EMEA,2005-05-31,2005-05,39.9,380.5999999999999,0.14780008543357537
10107,25,100.0,3,2845.75,2/24/2003 0:00,Shipped,1,2,2003,Motorcycles,112,S24_1578,Land of Toys Inc.,NYC,NY,USA,Small,North America,2003-02-24,2003-02,78.39999999999999,885.7500000000002,0.31125362382500227
10120,35,98.05,1,3431.75,4/29/2003 0:00,Shipped,2,4,2003,Motorcycles,112,S24_1578,"Australian Collectors, Co.",Melbourne,Victoria,Australia,Medium,APAC,2003-04-29,2003-04,78.39999999999999,687.7500000000005,0.2004079551249364
10134,35,93.54,3,3273.9,7/1/2003 0:00,Shipped,3,7,2003,Motorcycles,112,S24_1578,Lyon Souveniers,Paris,,France,Medium,EMEA,2003-07-01,2003-07,78.39999999999999,529.9000000000005,0.16185589052811647
10145,43,95.8,7,4119.4,8/25/2003 0:00,Shipped,3,8,2003,Motorcycles,112,S24_1578,Toys4GrownUps.com,Pasadena,CA,USA,Medium,North America,2003-08-25,2003-08,78.39999999999999,748.1999999999998,0.18162839248434234
10159,44,100.0,15,5355.68,10/10/2003 0:00,Shipped,4,10,2003,Motorcycles,112,S24_1578,Corporate Gift Ideas Co.,San Francisco,CA,USA,Medium,North America,2003-10-10,2003-10,78.39999999999999,1906.0800000000008,0.3558987840946436
10168,50,100.0,2,5747.5,10/28/2003 0:00,Shipped,4,10,2003,Motorcycles,112,S24_1578,Technics Stores Inc.,Burlingame,CA,USA,Medium,North America,2003-10-28,2003-10,78.39999999999999,1827.5000000000005,0.3179643323183994
10180,48,100.0,10,5355.36,11/11/2003 0:00,Shipped,4,11,2003,Motorcycles,112,S24_1578,Daedalus Designs Imports,Lille,,France,Medium,EMEA,2003-11-11,2003-11,78.39999999999999,1592.1599999999999,0.29730214215290846
10188,25,100.0,2,2535.75,11/18/2003 0:00,Shipped,4,11,2003,Motorcycles,112,S24_1578,Herkku Gifts,Bergen,,Norway,Small,EMEA,2003-11-18,2003-11,78.39999999999999,575.7500000000002,0.22705314009661845
10201,39,100.0,3,4351.23,12/1/2003 0:00,Shipped,4,12,2003,Motorcycles,112,S24_1578,Mini Wheels Co.,San Francisco,CA,USA,Medium,North America,2003-12-01,2003-12,78.39999999999999,1293.63,0.29730214215290857
10211,25,90.16,15,2254.0,1/15/2004 0:00,Shipped,1,1,2004,Motorcycles,112,S24_1578,Auto Canal Petit,Paris,,France,Small,EMEA,2004-01-15,2004-01,78.39999999999999,294.0000000000002,0.13043478260869576
10223,32,91.29,2,2921.28,2/20/2004 0:00,Shipped,1,2,2004,Motorcycles,112,S24_1578,"Australian Collectors, Co.",Melbourne,Victoria,Australia,Small,APAC,2004-02-20,2004-02,78.39999999999999,412.4800000000005,0.14119837879285807
10237,20,100.0,8,2299.0,4/5/2004 0:00,Shipped,2,4,2004,Motorcycles,112,S24_1578,Vitachrome Inc.,NYC,NY,USA,Small,North America,2004-04-05,2004-04,78.39999999999999,731.0000000000002,0.3179643323183994
10251,26,100.0,3,2637.18,5/18/2004 0:00,Shipped,2,5,2004,Motorcycles,112,S24_1578,Tekni Collectables Inc.,Newark,NJ,USA,Small,North America,2004-05-18,2004-05,78.39999999999999,598.78,0.22705314009661837
10263,42,100.0,3,4307.52,6/28/2004 0:00,Shipped,2,6,2004,Motorcycles,112,S24_1578,Gift Depot Inc.,Bridgewater,CT,USA,Medium,North America,2004-06-28,2004-06,78.39999999999999,1014.7200000000007,0.23556942277691123
10275,21,100.0,2,2153.76,7/23/2004 0:00,Shipped,3,7,2004,Motorcycles,112,S24_1578,La Rochelle Gifts,Nantes,,France,Small,EMEA,2004-07-23,2004-07,78.39999999999999,507.36000000000035,0.23556942277691123
10285,34,100.0,7,3716.88,8/27/2004 0:00,Shipped,3,8,2004,Motorcycles,112,S24_1578,Marta's Replicas Co.,Cambridge,MA,USA,Medium,North America,2004-08-27,2004-08,78.39999999999999,1051.2800000000002,0.28283937065495796
10299,47,100.0,10,5455.76,9/30/2004 0:00,Shipped,3,9,2004,Motorcycles,112,S24_1578,"Toys of Finland, Co.",Helsinki,,Finland,Medium,EMEA,2004-09-30,2004-09,78.39999999999999,1770.9600000000005,0.3246037215713302
10309,21,100.0,6,2650.62,10/15/2004 0:00,Shipped,4,10,2004,Motorcycles,112,S24_1578,Baane Mini Imports,Stavern,,Norway,Small,EMEA,2004-10-15,2004-10,78.39999999999999,1004.22,0.3788623039138013
10318,48,100.0,2,6437.28,11/2/2004 0:00,Shipped,4,11,2004,Motorcycles,112,S24_1578,Diecast Classics Inc.,Allentown,PA,USA,Medium,North America,2004-11-02,2004-11,78.39999999999999,2674.08,0.4154052643352472
10329,30,87.78,7,2633.4,11/15/2004 0:00,Shipped,4,11,2004,Motorcycles,112,S24_1578,Land of Toys Inc.,NYC,NY,USA,Small,North America,2004-11-15,2004-11,78.39999999999999,281.40000000000055,0.10685805422647549
10339,27,84.39,10,2278.53,11/23/2004 0:00,Shipped,4,11,2004,Motorcycles,112,S24_1578,"Tokyo Collectables, Ltd",Minato-ku,Tokyo,Japan,Small,Japan,2004-11-23,2004-11,78.39999999999999,161.73000000000047,0.0709799739305607
10362,50,96.92,2,4846.0,1/5/2005 0:00,Shipped,1,1,2005,Motorcycles,112,S24_1578,Technics Stores Inc.,Burlingame,CA,USA,Medium,North America,2005-01-05,2005-01,78.39999999999999,926.0000000000005,0.1910854312835329
10374,38,100.0,6,4197.1,2/2/2005 0:00,Shipped,1,2,2005,Motorcycles,112,S24_1578,"Australian Gift Network, Co",South Brisbane,Queensland,Australia,Medium,APAC,2005-02-02,2005-02,78.39999999999999,1217.9000000000005,0.2901765504753283
10389,45,100.0,1,4597.65,3/3/2005 0:00,Shipped,1,3,2005,Motorcycles,112,S24_1578,Scandinavian Gift Ideas,Boras,,Sweden,Medium,EMEA,2005-03-03,2005-03,78.39999999999999,1069.65,0.23265146324752867
10403,46,100.0,8,5287.7,4/8/2005 0:00,Shipped,2,4,2005,Motorcycles,112,S24_1578,"UK Collectables, Ltd.",Liverpool,,UK,Medium,EMEA,2005-04-08,2005-04,78.39999999999999,1681.3000000000002,0.3179643323183993
10417,35,100.0,3,3550.05,5/13/2005 0:00,Disputed,2,5,2005,Motorcycles,112,S24_1578,Euro Shopping Channel,Madrid,,Spain,Medium,EMEA,2005-05-13,2005-05,78.39999999999999,806.0500000000006,0.22705314009661853
10110,29,59.37,15,1721.73,3/18/2003 0:00,Shipped,1,3,2003,Classic Cars,50,S24_1628,"AV Stores, Co.",Manchester,,UK,Small,EMEA,2003-03-18,2003-03,35.0,706.73,0.4104766717197238
10123,50,59.87,1,2993.5,5/20/2003 0:00,Shipped,2,5,2003,Classic Cars,50,S24_1628,Atelier graphique,Nantes,,France,Small,EMEA,2003-05-20,2003-05,35.0,1243.5,0.41540003340571235
10137,26,49.81,1,1295.06,7/10/2003 0:00,Shipped,3,7,2003,Classic Cars,50,S24_1628,Reims Collectables,Reims,,France,Small,EMEA,2003-07-10,2003-07,35.0,385.05999999999995,0.2973298534430837
10148,47,56.85,8,2671.95,9/11/2003 0:00,Shipped,3,9,2003,Classic Cars,50,S24_1628,"Anna's Decorations, Ltd",North Sydney,NSW,Australia,Small,APAC,2003-09-11,2003-09,35.0,1026.9499999999998,0.3843447669305189
10161,23,53.33,7,1226.59,10/17/2003 0:00,Shipped,4,10,2003,Classic Cars,50,S24_1628,Heintze Collectables,Aaarhus,,Denmark,Small,EMEA,2003-10-17,2003-10,35.0,421.5899999999999,0.34370898181136317
10172,34,42.76,5,1453.84,11/5/2003 0:00,Shipped,4,11,2003,Classic Cars,50,S24_1628,Gift Depot Inc.,Bridgewater,CT,USA,Small,North America,2003-11-05,2003-11,35.0,263.8399999999999,0.18147801683816647
10181,34,53.83,1,1830.22,11/12/2003 0:00,Shipped,4,11,2003,Classic Cars,50,S24_1628,Herkku Gifts,Bergen,,Norway,Small,EMEA,2003-11-12,2003-11,35.0,640.22,0.34980494148244473
10192,47,53.83,6,2530.01,11/20/2003 0:00,Shipped,4,11,2003,Classic Cars,50,S24_1628,Online Diecast Creations Co.,Nashua,NH,USA,Small,North America,2003-11-20,2003-11,35.0,885.0100000000002,0.3498049414824448
10204,45,49.81,12,2241.45,12/2/2003 0:00,Shipped,4,12,2003,Classic Cars,50,S24_1628,Muscle Machine Inc,NYC,NY,USA,Small,North America,2003-12-02,2003-12,35.0,666.4499999999998,0.29732985344308366
10212,45,53.33,5,2399.85,1/16/2004 0:00,Shipped,1,1,2004,Classic Cars,50,S24_1628,Euro Shopping Channel,Madrid,,Spain,Small,EMEA,2004-01-16,2004-01,35.0,824.8499999999999,0.34370898181136317
10226,36,43.27,3,1557.72,2/26/2004 0:00,Shipped,1,2,2004,Classic Cars,50,S24_1628,Collectable Mini Designs Co.,San Diego,CA,USA,Small,North America,2004-02-26,2004-02,35.0,297.72,0.19112549110238042
10241,21,40.25,10,845.25,4/13/2004 0:00,Shipped,2,4,2004,Classic Cars,50,S24_1628,Mini Caravy,Strasbourg,,France,Small,EMEA,2004-04-13,2004-04,35.0,110.25,0.13043478260869565
10266,28,48.3,1,1352.4,7/6/2004 0:00,Shipped,3,7,2004,Classic Cars,50,S24_1628,L'ordine Souveniers,Reggio Emilia,,Italy,Small,EMEA,2004-07-06,2004-07,35.0,372.4000000000001,0.27536231884057977
10278,35,45.28,1,1584.8,8/6/2004 0:00,Shipped,3,8,2004,Classic Cars,50,S24_1628,Signal Gift Stores,Las Vegas,NV,USA,Small,North America,2004-08-06,2004-08,35.0,359.79999999999995,0.22703180212014132
10288,50,52.32,13,2616.0,9/1/2004 0:00,Shipped,3,9,2004,Classic Cars,50,S24_1628,Handji Gifts& Co,Singapore,,Singapore,Small,APAC,2004-09-01,2004-09,35.0,866.0,0.33103975535168195
10301,22,51.32,3,1129.04,10/5/2003 0:00,Shipped,4,10,2003,Classic Cars,50,S24_1628,"Norway Gifts By Mail, Co.",Oslo,,Norway,Small,EMEA,2003-10-05,2003-10,35.0,359.03999999999996,0.3180046765393609
10311,45,49.3,8,2218.5,10/16/2004 0:00,Shipped,4,10,2004,Classic Cars,50,S24_1628,Euro Shopping Channel,Madrid,,Spain,Small,EMEA,2004-10-16,2004-10,35.0,643.5,0.29006085192697767
10321,48,42.26,5,2028.48,11/4/2004 0:00,Shipped,4,11,2004,Classic Cars,50,S24_1628,FunGiftIdeas.com,New Bedford,MA,USA,Small,North America,2004-11-04,2004-11,35.0,348.48,0.17179365830572646
10332,20,87.96,5,1759.2,11/17/2004 0:00,Shipped,4,11,2004,Classic Cars,50,S24_1628,"AV Stores, Co.",Manchester,,UK,Small,EMEA,2004-11-17,2004-11,35.0,1059.2,0.6020918599363347
10343,27,36.21,6,977.67,11/24/2004 0:00,Shipped,4,11,2004,Classic Cars,50,S24_1628,Reims Collectables,Reims,,France,Small,EMEA,2004-11-24,2004-11,35.0,32.66999999999996,0.03341618337475832
10367,38,38.5,11,1463.0,1/12/2005 0:00,Resolved,1,1,2005,Classic Cars,50,S24_1628,Toys4GrownUps.com,Pasadena,CA,USA,Small,North America,2005-01-12,2005-01,35.0,133.0,0.09090909090909091
10379,32,100.0,3,3970.56,2/10/2005 0:00,Shipped,1,2,2005,Classic Cars,50,S24_1628,Euro Shopping Channel,Madrid,,Spain,Medium,EMEA,2005-02-10,2005-02,35.0,2850.56,0.7179239200515796
10407,64,40.25,10,2576.0,4/22/2005 0:00,On Hold,2,4,2005,Classic Cars,50,S24_1628,The Sharp Gifts Warehouse,San Jose,CA,USA,Small,North America,2005-04-22,2005-04,35.0,336.0,0.13043478260869565
10420,37,60.37,13,2233.69,5/29/2005 0:00,In Process,2,5,2005,Classic Cars,50,S24_1628,Souveniers And Things Co.,Chatswood,NSW,Australia,Small,APAC,2005-05-29,2005-05,35.0,938.69,0.42024184197449066
10106,28,88.63,4,2481.64,2/17/2003 0:00,Shipped,1,2,2003,Planes,109,S24_1785,Rovelli Gifts,Bergamo,,Italy,Small,EMEA,2003-02-17,2003-02,76.3,345.2399999999998,0.1391176802437097
10120,39,100.0,10,4651.53,4/29/2003 0:00,Shipped,2,4,2003,Planes,109,S24_1785,"Australian Collectors, Co.",Melbourne,Victoria,Australia,Medium,APAC,2003-04-29,2003-04,76.3,1675.83,0.36027500628825354
10133,41,94.1,5,3858.1,6/27/2003 0:00,Shipped,2,6,2003,Planes,109,S24_1785,Euro Shopping Channel,Madrid,,Spain,Medium,EMEA,2003-06-27,2003-06,76.3,729.8000000000002,0.18916046758767274
10145,40,87.54,16,3501.6,8/25/2003 0:00,Shipped,3,8,2003,Planes,109,S24_1785,Toys4GrownUps.com,Pasadena,CA,USA,Medium,North America,2003-08-25,2003-08,76.3,449.5999999999999,0.12839844642449164
10168,49,100.0,11,6433.7,10/28/2003 0:00,Shipped,4,10,2003,Planes,109,S24_1785,Technics Stores Inc.,Burlingame,CA,USA,Medium,North America,2003-10-28,2003-10,76.3,2695.0,0.4188880426504189
10210,27,98.48,9,2658.96,1/12/2004 0:00,Shipped,1,1,2004,Planes,109,S24_1785,Osaka Souveniers Co.,Osaka,Osaka,Japan,Small,Japan,2004-01-12,2004-01,76.3,598.8600000000001,0.22522339561332255
10223,34,100.0,11,3608.76,2/20/2004 0:00,Shipped,1,2,2004,Planes,109,S24_1785,"Australian Collectors, Co.",Melbourne,Victoria,Australia,Medium,APAC,2004-02-20,2004-02,76.3,1014.5600000000004,0.28113811946485784
10235,23,96.29,5,2214.67,4/2/2004 0:00,Shipped,2,4,2004,Planes,109,S24_1785,"Royal Canadian Collectables, Ltd.",Tsawassen,BC,Canada,Small,North America,2004-04-02,2004-04,76.3,459.7700000000002,0.207602035517707
10250,31,88.63,6,2747.53,5/11/2004 0:00,Shipped,2,5,2004,Planes,109,S24_1785,The Sharp Gifts Warehouse,San Jose,CA,USA,Small,North America,2004-05-11,2004-05,76.3,382.2300000000005,0.13911768024370996
10262,34,97.38,1,3310.92,6/24/2004 0:00,Cancelled,2,6,2004,Planes,109,S24_1785,Euro Shopping Channel,Madrid,,Spain,Medium,EMEA,2004-06-24,2004-06,76.3,716.7200000000003,0.2164715547340317
10275,25,95.2,11,2380.0,7/23/2004 0:00,Shipped,3,7,2004,Planes,109,S24_1785,La Rochelle Gifts,Nantes,,France,Small,EMEA,2004-07-23,2004-07,76.3,472.5,0.19852941176470587
10284,22,100.0,3,2310.88,8/21/2004 0:00,Shipped,3,8,2004,Planes,109,S24_1785,"Norway Gifts By Mail, Co.",Oslo,,Norway,Small,EMEA,2004-08-21,2004-08,76.3,632.2800000000002,0.2736100533130237
10297,32,100.0,6,4061.76,9/16/2004 0:00,Shipped,3,9,2004,Planes,109,S24_1785,"Clover Collections, Co.",Dublin,,Ireland,Medium,EMEA,2004-09-16,2004-09,76.3,1620.1600000000003,0.39888127314267713
10308,31,100.0,9,3493.7,10/15/2004 0:00,Shipped,4,10,2004,Planes,109,S24_1785,Mini Classics,White Plains,NY,USA,Medium,North America,2004-10-15,2004-10,76.3,1128.4,0.3229813664596274
10316,25,100.0,1,2872.25,11/1/2004 0:00,Shipped,4,11,2004,Planes,109,S24_1785,giftsbymail.co.uk,Cowes,Isle of Wight,UK,Small,EMEA,2004-11-01,2004-11,76.3,964.75,0.33588650013055965
10328,47,87.54,14,4114.38,11/12/2004 0:00,Shipped,4,11,2004,Planes,109,S24_1785,Rovelli Gifts,Bergamo,,Italy,Medium,EMEA,2004-11-12,2004-11,76.3,528.2800000000002,0.12839844642449172
10339,21,50.65,7,1063.65,11/23/2004 0:00,Shipped,4,11,2004,Planes,109,S24_1785,"Tokyo Collectables, Ltd",Minato-ku,Tokyo,Japan,Small,Japan,2004-11-23,2004-11,76.3,-538.6499999999999,-0.5064165844027639
10353,28,71.73,2,2008.44,12/4/2004 0:00,Shipped,4,12,2004,Planes,109,S24_1785,Gift Ideas Corp.,Glendale,CT,USA,Small,North America,2004-12-04,2004-12,76.3,-127.96000000000004,-0.06371113899344767
10374,46,94.1,3,4328.6,2/2/2005 0:00,Shipped,1,2,2005,Planes,109,S24_1785,"Australian Gift Network, Co",South Brisbane,Queensland,Australia,Medium,APAC,2005-02-02,2005-02,76.3,818.8000000000006,0.18916046758767283
10386,33,41.71,11,1376.43,3/1/2005 0:00,Resolved,1,3,2005,Planes,109,S24_1785,Euro Shopping Channel,Madrid,,Spain,Small,EMEA,2005-03-01,2005-03,76.3,-1141.47,-0.8292975305682091
10398,43,100.0,16,5552.16,3/30/2005 0:00,Shipped,1,3,2005,Planes,109,S24_1785,Reims Collectables,Reims,,France,Medium,EMEA,2005-03-30,2005-03,76.3,2271.2599999999998,0.4090768277571251
10401,38,96.29,5,3659.02,4/3/2005 0:00,On Hold,2,4,2005,Planes,109,S24_1785,Tekni Collectables Inc.,Newark,NJ,USA,Medium,North America,2005-04-03,2005-04,76.3,759.6199999999999,0.2076020355177069
10416,47,88.63,6,4165.61,5/10/2005 0:00,Shipped,2,5,2005,Planes,109,S24_1785,L'ordine Souveniers,Reggio Emilia,,Italy,Medium,EMEA,2005-05-10,2005-05,76.3,579.5099999999998,0.13911768024370977
10101,45,31.2,3,1404.0,1/9/2003 0:00,Shipped,1,1,2003,Vintage Cars,33,S24_1937,"Blauer See Auto, Co.",Frankfurt,,Germany,Small,EMEA,2003-01-09,2003-01,23.099999999999998,364.5,0.25961538461538464
10110,20,35.51,3,710.2,3/18/2003 0:00,Shipped,1,3,2003,Vintage Cars,33,S24_1937,"AV Stores, Co.",Manchester,,UK,Small,EMEA,2003-03-18,2003-03,23.099999999999998,248.2000000000001,0.3494790199943679
10124,45,37.84,2,1702.8,5/21/2003 0:00,Shipped,2,5,2003,Vintage Cars,33,S24_1937,Signal Gift Stores,Las Vegas,NV,USA,Small,North America,2003-05-21,2003-05,23.099999999999998,663.3,0.3895348837209302
10149,36,33.19,7,1194.84,9/12/2003 0:00,Shipped,3,9,2003,Vintage Cars,33,S24_1937,Signal Collectibles Ltd.,Brisbane,CA,USA,Small,North America,2003-09-12,2003-09,23.099999999999998,363.24,0.304007231093703
10162,37,27.22,5,1007.14,10/18/2003 0:00,Shipped,4,10,2003,Vintage Cars,33,S24_1937,Corporate Gift Ideas Co.,San Francisco,CA,USA,Small,North America,2003-10-18,2003-10,23.099999999999998,152.44000000000005,0.1513592946362969
10173,31,31.53,9,977.43,11/5/2003 0:00,Shipped,4,11,2003,Vintage Cars,33,S24_1937,Rovelli Gifts,Bergamo,,Italy,Small,EMEA,2003-11-05,2003-11,23.099999999999998,261.33000000000004,0.2673644148430067
10182,39,36.84,6,1436.76,11/12/2003 0:00,Shipped,4,11,2003,Vintage Cars,33,S24_1937,Mini Gifts Distributors Ltd.,San Rafael,CA,USA,Small,North America,2003-11-12,2003-11,23.099999999999998,535.8600000000001,0.3729641693811076
10193,26,29.21,10,759.46,11/21/2003 0:00,Shipped,4,11,2003,Vintage Cars,33,S24_1937,"Australian Collectables, Ltd",Glen Waverly,Victoria,Australia,Small,APAC,2003-11-21,2003-11,23.099999999999998,158.86000000000013,0.20917494008901077
10205,32,37.17,5,1189.44,12/3/2003 0:00,Shipped,4,12,2003,Vintage Cars,33,S24_1937,Euro Shopping Channel,Madrid,,Spain,Small,EMEA,2003-12-03,2003-12,23.099999999999998,450.2400000000001,0.37853107344632775
10214,20,34.19,3,683.8,1/26/2004 0:00,Shipped,1,1,2004,Vintage Cars,33,S24_1937,"Corrida Auto Replicas, Ltd",Madrid,,Spain,Small,EMEA,2004-01-26,2004-01,23.099999999999998,221.8,0.324363849078678
10227,42,29.21,6,1226.82,3/2/2004 0:00,Shipped,1,3,2004,Vintage Cars,33,S24_1937,"Saveley & Henriot, Co.",Lyon,,France,Small,EMEA,2004-03-02,2004-03,23.099999999999998,256.62,0.20917494008901064
10243,33,29.54,1,974.82,4/26/2004 0:00,Shipped,2,4,2004,Vintage Cars,33,S24_1937,Diecast Collectables,Boston,MA,USA,Small,North America,2004-04-26,2004-04,23.099999999999998,212.5200000000001,0.21800947867298587
10280,20,28.88,12,577.6,8/17/2004 0:00,Shipped,3,8,2004,Vintage Cars,33,S24_1937,Amica Models & Co.,Torino,,Italy,Small,EMEA,2004-08-17,2004-08,23.099999999999998,115.60000000000008,0.2001385041551248
10288,29,38.17,1,1106.93,9/1/2004 0:00,Shipped,3,9,2004,Vintage Cars,33,S24_1937,Handji Gifts& Co,Singapore,,Singapore,Small,APAC,2004-09-01,2004-09,23.099999999999998,437.0300000000001,0.3948126801152738
10304,23,30.2,16,694.6,10/11/2004 0:00,Shipped,4,10,2004,Vintage Cars,33,S24_1937,Auto Assoc. & Cie.,Versailles,,France,Small,EMEA,2004-10-11,2004-10,23.099999999999998,163.30000000000007,0.23509933774834446
10312,39,29.54,13,1152.06,10/21/2004 0:00,Shipped,4,10,2004,Vintage Cars,33,S24_1937,Mini Gifts Distributors Ltd.,San Rafael,CA,USA,Small,North America,2004-10-21,2004-10,23.099999999999998,251.16000000000008,0.21800947867298587
10322,20,100.0,3,2624.0,11/4/2004 0:00,Shipped,4,11,2004,Vintage Cars,33,S24_1937,Online Diecast Creations Co.,Nashua,NH,USA,Small,North America,2004-11-04,2004-11,23.099999999999998,2162.0,0.8239329268292683
10332,45,81.91,6,3685.95,11/17/2004 0:00,Shipped,4,11,2004,Vintage Cars,33,S24_1937,"AV Stores, Co.",Manchester,,UK,Medium,EMEA,2004-11-17,2004-11,23.099999999999998,2646.45,0.7179831522402637
10344,20,35.18,6,703.6,11/25/2004 0:00,Shipped,4,11,2004,Vintage Cars,33,S24_1937,Marseille Mini Autos,Marseille,,France,Small,EMEA,2004-11-25,2004-11,23.099999999999998,241.60000000000008,0.3433769187038091
10356,48,100.0,5,9720.0,12/9/2004 0:00,Shipped,4,12,2004,Vintage Cars,33,S24_1937,Lyon Souveniers,Paris,,France,Large,EMEA,2004-12-09,2004-12,23.099999999999998,8611.2,0.885925925925926
10367,23,36.29,13,834.67,1/12/2005 0:00,Resolved,1,1,2005,Vintage Cars,33,S24_1937,Toys4GrownUps.com,Pasadena,CA,USA,Small,North America,2005-01-12,2005-01,23.099999999999998,303.37,0.3634610085422982
10380,32,70.56,4,2257.92,2/16/2005 0:00,Shipped,1,2,2005,Vintage Cars,33,S24_1937,Euro Shopping Channel,Madrid,,Spain,Small,EMEA,2005-02-16,2005-02,23.099999999999998,1518.7200000000003,0.6726190476190477
10391,33,100.0,8,8344.71,3/9/2005 0:00,Shipped,1,3,2005,Vintage Cars,33,S24_1937,"Anna's Decorations, Ltd",North Sydney,NSW,Australia,Large,APAC,2005-03-09,2005-03,23.099999999999998,7582.409999999999,0.9086487127773164
10409,61,29.54,1,1801.94,4/23/2005 0:00,Shipped,2,4,2005,Vintage Cars,33,S24_1937,Handji Gifts& Co,Singapore,,Singapore,Small,APAC,2005-04-23,2005-04,23.099999999999998,392.84000000000015,0.21800947867298587
10420,45,26.88,1,1209.6,5/29/2005 0:00,In Process,2,5,2005,Vintage Cars,33,S24_1937,Souveniers And Things Co.,Chatswood,NSW,Australia,Small,APAC,2005-05-29,2005-05,23.099999999999998,170.0999999999999,0.14062499999999994
10107,38,83.03,7,3155.14,2/24/2003 0:00,Shipped,1,2,2003,Motorcycles,76,S24_2000,Land of Toys Inc.,NYC,NY,USA,Medium,North America,2003-02-24,2003-02,53.199999999999996,1133.54,0.35926773455377575
10120,34,83.79,5,2848.86,4/29/2003 0:00,Shipped,2,4,2003,Motorcycles,76,S24_2000,"Australian Collectors, Co.",Melbourne,Victoria,Australia,Small,APAC,2003-04-29,2003-04,53.199999999999996,1040.0600000000002,0.3650793650793651
10134,43,83.03,7,3570.29,7/1/2003 0:00,Shipped,3,7,2003,Motorcycles,76,S24_2000,Lyon Souveniers,Paris,,France,Medium,EMEA,2003-07-01,2003-07,53.199999999999996,1282.69,0.35926773455377575
10145,47,83.03,11,3902.41,8/25/2003 0:00,Shipped,3,8,2003,Motorcycles,76,S24_2000,Toys4GrownUps.com,Pasadena,CA,USA,Medium,North America,2003-08-25,2003-08,53.199999999999996,1402.0100000000002,0.3592677345537758
10158,22,67.03,1,1474.66,10/10/2003 0:00,Shipped,4,10,2003,Motorcycles,76,S24_2000,Baane Mini Imports,Stavern,,Norway,Small,EMEA,2003-10-10,2003-10,53.199999999999996,304.2600000000002,0.20632552588393271
10168,29,75.41,6,2186.89,10/28/2003 0:00,Shipped,4,10,2003,Motorcycles,76,S24_2000,Technics Stores Inc.,Burlingame,CA,USA,Small,North America,2003-10-28,2003-10,53.199999999999996,644.0899999999999,0.29452327277549395
10180,28,68.55,14,1919.4,11/11/2003 0:00,Shipped,4,11,2003,Motorcycles,76,S24_2000,Daedalus Designs Imports,Lille,,France,Small,EMEA,2003-11-11,2003-11,53.199999999999996,429.8000000000002,0.22392414296134217
10188,40,91.4,6,3656.0,11/18/2003 0:00,Shipped,4,11,2003,Motorcycles,76,S24_2000,Herkku Gifts,Bergen,,Norway,Medium,EMEA,2003-11-18,2003-11,53.199999999999996,1528.0,0.4179431072210066
10201,25,73.88,7,1847.0,12/1/2003 0:00,Shipped,4,12,2003,Motorcycles,76,S24_2000,Mini Wheels Co.,San Francisco,CA,USA,Small,North America,2003-12-01,2003-12,53.199999999999996,517.0,0.27991337303735786
10210,30,61.7,4,1851.0,1/12/2004 0:00,Shipped,1,1,2004,Motorcycles,76,S24_2000,Osaka Souveniers Co.,Osaka,Osaka,Japan,Small,Japan,2004-01-12,2004-01,53.199999999999996,255.00000000000023,0.13776337115072945
10223,38,69.31,6,2633.78,2/20/2004 0:00,Shipped,1,2,2004,Motorcycles,76,S24_2000,"Australian Collectors, Co.",Melbourne,Victoria,Australia,Small,APAC,2004-02-20,2004-02,53.199999999999996,612.1800000000003,0.23243399220891656
10236,36,87.6,3,3153.6,4/3/2004 0:00,Shipped,2,4,2004,Motorcycles,76,S24_2000,Motor Mint Distributors Inc.,Philadelphia,PA,USA,Medium,North America,2004-04-03,2004-04,53.199999999999996,1238.4,0.3926940639269407
10250,32,87.6,1,2803.2,5/11/2004 0:00,Shipped,2,5,2004,Motorcycles,76,S24_2000,The Sharp Gifts Warehouse,San Jose,CA,USA,Small,North America,2004-05-11,2004-05,53.199999999999996,1100.8,0.3926940639269407
10263,37,62.46,7,2311.02,6/28/2004 0:00,Shipped,2,6,2004,Motorcycles,76,S24_2000,Gift Depot Inc.,Bridgewater,CT,USA,Small,North America,2004-06-28,2004-06,53.199999999999996,342.6200000000001,0.1482548831252002
10275,30,79.98,6,2399.4,7/23/2004 0:00,Shipped,3,7,2004,Motorcycles,76,S24_2000,La Rochelle Gifts,Nantes,,France,Small,EMEA,2004-07-23,2004-07,53.199999999999996,803.4000000000003,0.3348337084271069
10285,39,70.08,11,2733.12,8/27/2004 0:00,Shipped,3,8,2004,Motorcycles,76,S24_2000,Marta's Replicas Co.,Cambridge,MA,USA,Small,North America,2004-08-27,2004-08,53.199999999999996,658.3200000000002,0.24086757990867586
10297,32,65.51,1,2096.32,9/16/2004 0:00,Shipped,3,9,2004,Motorcycles,76,S24_2000,"Clover Collections, Co.",Dublin,,Ireland,Small,EMEA,2004-09-16,2004-09,53.199999999999996,393.9200000000003,0.18791024271103662
10308,47,63.22,4,2971.34,10/15/2004 0:00,Shipped,4,10,2004,Motorcycles,76,S24_2000,Mini Classics,White Plains,NY,USA,Small,North America,2004-10-15,2004-10,53.199999999999996,470.9400000000005,0.15849414742170215
10318,26,86.83,6,2257.58,11/2/2004 0:00,Shipped,4,11,2004,Motorcycles,76,S24_2000,Diecast Classics Inc.,Allentown,PA,USA,Small,North America,2004-11-02,2004-11,53.199999999999996,874.3800000000001,0.38730853391684905
10329,37,94.43,4,3493.91,11/15/2004 0:00,Shipped,4,11,2004,Motorcycles,76,S24_2000,Land of Toys Inc.,NYC,NY,USA,Medium,North America,2004-11-15,2004-11,53.199999999999996,1525.51,0.4366197183098592
10340,55,79.98,8,4398.9,11/24/2004 0:00,Shipped,4,11,2004,Motorcycles,76,S24_2000,Enaco Distributors,Barcelona,,Spain,Medium,EMEA,2004-11-24,2004-11,53.199999999999996,1472.9,0.3348337084271068
10363,21,100.0,8,3595.62,1/6/2005 0:00,Shipped,1,1,2005,Motorcycles,76,S24_2000,Suominen Souveniers,Espoo,,Finland,Medium,EMEA,2005-01-06,2005-01,53.199999999999996,2478.42,0.6892886345053149
10375,23,100.0,9,2443.29,2/3/2005 0:00,Shipped,1,2,2005,Motorcycles,76,S24_2000,La Rochelle Gifts,Nantes,,France,Small,EMEA,2005-02-03,2005-02,53.199999999999996,1219.69,0.4991998493834134
10389,49,81.4,2,3988.6,3/3/2005 0:00,Shipped,1,3,2005,Motorcycles,76,S24_2000,Scandinavian Gift Ideas,Boras,,Sweden,Medium,EMEA,2005-03-03,2005-03,53.199999999999996,1381.8000000000002,0.34643734643734647
10402,59,87.6,3,5168.4,4/7/2005 0:00,Shipped,2,4,2005,Motorcycles,76,S24_2000,Auto Canal Petit,Paris,,France,Medium,EMEA,2005-04-07,2005-04,53.199999999999996,2029.6,0.3926940639269407
10416,32,87.6,1,2803.2,5/10/2005 0:00,Shipped,2,5,2005,Motorcycles,76,S24_2000,L'ordine Souveniers,Reggio Emilia,,Italy,Small,EMEA,2005-05-10,2005-05,53.199999999999996,1100.8,0.3926940639269407
10105,43,100.0,9,6341.21,2/11/2003 0:00,Shipped,1,2,2003,Ships,122,S24_2011,Danish Wholesale Imports,Kobenhavn,,Denmark,Medium,EMEA,2003-02-11,2003-02,85.39999999999999,2669.01,0.420899165932054
10117,41,100.0,3,5189.78,4/16/2003 0:00,Shipped,2,4,2003,Ships,122,S24_2011,"Dragon Souveniers, Ltd.",Singapore,,Singapore,Medium,Japan,2003-04-16,2003-04,85.39999999999999,1688.38,0.3253278559014063
10129,45,100.0,9,6027.75,6/12/2003 0:00,Shipped,2,6,2003,Ships,122,S24_2011,"Stylish Desk Decors, Co.",London,,UK,Medium,EMEA,2003-06-12,2003-06,85.39999999999999,2184.7500000000005,0.36244867487868615
10142,33,100.0,6,3366.0,8/8/2003 0:00,Shipped,3,8,2003,Ships,122,S24_2011,Mini Gifts Distributors Ltd.,San Rafael,CA,USA,Medium,North America,2003-08-08,2003-08,85.39999999999999,547.8000000000002,0.16274509803921575
10153,40,100.0,5,5456.4,9/28/2003 0:00,Shipped,3,9,2003,Ships,122,S24_2011,Euro Shopping Channel,Madrid,,Spain,Medium,EMEA,2003-09-28,2003-09,85.39999999999999,2040.4,0.37394619162817977
10167,33,100.0,16,3812.16,10/23/2003 0:00,Cancelled,4,10,2003,Ships,122,S24_2011,Scandinavian Gift Ideas,Boras,,Sweden,Medium,EMEA,2003-10-23,2003-10,85.39999999999999,993.96,0.2607340720221607
10177,50,100.0,7,6083.0,11/7/2003 0:00,Shipped,4,11,2003,Ships,122,S24_2011,CAF Imports,Madrid,,Spain,Medium,EMEA,2003-11-07,2003-11,85.39999999999999,1813.0,0.29804372842347526
10185,30,100.0,7,3170.7,11/14/2003 0:00,Shipped,4,11,2003,Ships,122,S24_2011,Mini Creations Ltd.,New Bedford,MA,USA,Medium,North America,2003-11-14,2003-11,85.39999999999999,608.7000000000003,0.191976535149967
10197,41,100.0,13,4534.6,11/26/2003 0:00,Shipped,4,11,2003,Ships,122,S24_2011,Enaco Distributors,Barcelona,,Spain,Medium,EMEA,2003-11-26,2003-11,85.39999999999999,1033.2000000000007,0.22784810126582292
10208,35,100.0,7,4301.15,1/2/2004 0:00,Shipped,1,1,2004,Ships,122,S24_2011,"Saveley & Henriot, Co.",Lyon,,France,Medium,EMEA,2004-01-02,2004-01,85.39999999999999,1312.15,0.3050695744161446
10221,49,100.0,1,6804.63,2/18/2004 0:00,Shipped,1,2,2004,Ships,122,S24_2011,Petit Auto,Bruxelles,,Belgium,Medium,EMEA,2004-02-18,2004-02,85.39999999999999,2620.0300000000007,0.3850363649456327
10232,46,100.0,4,5652.94,3/20/2004 0:00,Shipped,1,3,2004,Ships,122,S24_2011,giftsbymail.co.uk,Cowes,Isle of Wight,UK,Medium,EMEA,2004-03-20,2004-03,85.39999999999999,1724.54,0.3050695744161445
10248,48,100.0,10,6960.48,5/7/2004 0:00,Cancelled,2,5,2004,Ships,122,S24_2011,Land of Toys Inc.,NYC,NY,USA,Medium,North America,2004-05-07,2004-05,85.39999999999999,2861.2799999999997,0.4110750982690849
10261,36,100.0,8,4512.6,6/17/2004 0:00,Shipped,2,6,2004,Ships,122,S24_2011,Quebec Home Shopping Network,Montreal,Quebec,Canada,Medium,North America,2004-06-17,2004-06,85.39999999999999,1438.2000000000007,0.3187076186677305
10273,22,100.0,11,2784.76,7/21/2004 0:00,Shipped,3,7,2004,Ships,122,S24_2011,Petit Auto,Bruxelles,,Belgium,Small,EMEA,2004-07-21,2004-07,85.39999999999999,905.9600000000005,0.3253278559014064
10283,42,100.0,13,5316.36,8/20/2004 0:00,Shipped,3,8,2004,Ships,122,S24_2011,"Royal Canadian Collectables, Ltd.",Tsawassen,BC,Canada,Medium,North America,2004-08-20,2004-08,85.39999999999999,1729.56,0.3253278559014062
10293,21,100.0,2,2941.89,9/9/2004 0:00,Shipped,3,9,2004,Ships,122,S24_2011,Amica Models & Co.,Torino,,Italy,Small,EMEA,2004-09-09,2004-09,85.39999999999999,1148.49,0.39039189092726106
10306,29,100.0,7,3207.4,10/14/2004 0:00,Shipped,4,10,2004,Ships,122,S24_2011,"AV Stores, Co.",Manchester,,UK,Medium,EMEA,2004-10-14,2004-10,85.39999999999999,730.8000000000002,0.22784810126582283
10315,35,100.0,6,4215.05,10/29/2004 0:00,Shipped,4,10,2004,Ships,122,S24_2011,La Rochelle Gifts,Nantes,,France,Medium,EMEA,2004-10-29,2004-10,85.39999999999999,1226.0500000000006,0.2908743668521134
10326,41,100.0,4,4333.29,11/9/2004 0:00,Shipped,4,11,2004,Ships,122,S24_2011,"Volvo Model Replicas, Co",Lule,,Sweden,Medium,EMEA,2004-11-09,2004-11,85.39999999999999,831.8900000000003,0.19197653514996696
10337,29,71.97,4,2087.13,11/21/2004 0:00,Shipped,4,11,2004,Ships,122,S24_2011,Classic Legends Inc.,NYC,NY,USA,Small,North America,2004-11-21,2004-11,85.39999999999999,-389.4699999999998,-0.1866055300819785
10350,34,50.33,7,1711.22,12/2/2004 0:00,Shipped,4,12,2004,Ships,122,S24_2011,Euro Shopping Channel,Madrid,,Spain,Small,EMEA,2004-12-02,2004-12,85.39999999999999,-1192.3799999999999,-0.6968011126564673
10372,37,100.0,8,3910.53,1/26/2005 0:00,Shipped,1,1,2005,Ships,122,S24_2011,"Tokyo Collectables, Ltd",Minato-ku,Tokyo,Japan,Medium,Japan,2005-01-26,2005-01,85.39999999999999,750.7300000000005,0.191976535149967
10384,28,80.54,3,2255.12,2/23/2005 0:00,Shipped,1,2,2005,Ships,122,S24_2011,Corporate Gift Ideas Co.,San Francisco,CA,USA,Small,North America,2005-02-23,2005-02,85.39999999999999,-136.07999999999993,-0.0603426868636702
10396,49,100.0,6,5720.75,3/23/2005 0:00,Shipped,1,3,2005,Ships,122,S24_2011,Mini Gifts Distributors Ltd.,San Rafael,CA,USA,Medium,North America,2005-03-23,2005-03,85.39999999999999,1536.1500000000005,0.2685224839400429
10414,23,100.0,10,3335.23,5/6/2005 0:00,On Hold,2,5,2005,Ships,122,S24_2011,Gifts4AllAges.com,Boston,MA,USA,Medium,North America,2005-05-06,2005-05,85.39999999999999,1371.0300000000002,0.41107509826908495
10101,46,53.76,2,2472.96,1/9/2003 0:00,Shipped,1,1,2003,Vintage Cars,44,S24_2022,"Blauer See Auto, Co.",Frankfurt,,Germany,Small,EMEA,2003-01-09,2003-01,30.799999999999997,1056.16,0.42708333333333337
10110,39,44.35,2,1729.65,3/18/2003 0:00,Shipped,1,3,2003,Vintage Cars,44,S24_2022,"AV Stores, Co.",Manchester,,UK,Small,EMEA,2003-03-18,2003-03,30.799999999999997,528.4500000000003,0.3055242390078919
10124,22,45.25,1,995.5,5/21/2003 0:00,Shipped,2,5,2003,Vintage Cars,44,S24_2022,Signal Gift Stores,Las Vegas,NV,USA,Small,North America,2003-05-21,2003-05,30.799999999999997,317.9000000000001,0.31933701657458574
10149,49,49.28,6,2414.72,9/12/2003 0:00,Shipped,3,9,2003,Vintage Cars,44,S24_2022,Signal Collectibles Ltd.,Brisbane,CA,USA,Small,North America,2003-09-12,2003-09,30.799999999999997,905.52,0.375
10162,43,36.29,4,1560.47,10/18/2003 0:00,Shipped,4,10,2003,Vintage Cars,44,S24_2022,Corporate Gift Ideas Co.,San Francisco,CA,USA,Small,North America,2003-10-18,2003-10,30.799999999999997,236.07000000000016,0.15128134472306431
10173,27,41.22,8,1112.94,11/5/2003 0:00,Shipped,4,11,2003,Vintage Cars,44,S24_2022,Rovelli Gifts,Bergamo,,Italy,Small,EMEA,2003-11-05,2003-11,30.799999999999997,281.34000000000015,0.252789907811742
10182,31,36.74,5,1138.94,11/12/2003 0:00,Shipped,4,11,2003,Vintage Cars,44,S24_2022,Mini Gifts Distributors Ltd.,San Rafael,CA,USA,Small,North America,2003-11-12,2003-11,30.799999999999997,184.1400000000001,0.1616766467065869
10193,20,50.62,9,1012.4,11/21/2003 0:00,Shipped,4,11,2003,Vintage Cars,44,S24_2022,"Australian Collectables, Ltd",Glen Waverly,Victoria,Australia,Small,APAC,2003-11-21,2003-11,30.799999999999997,396.4,0.39154484393520345
10205,24,38.08,4,913.92,12/3/2003 0:00,Shipped,4,12,2003,Vintage Cars,44,S24_2022,Euro Shopping Channel,Madrid,,Spain,Small,EMEA,2003-12-03,2003-12,30.799999999999997,174.72000000000003,0.19117647058823534
10214,49,47.94,2,2349.06,1/26/2004 0:00,Shipped,1,1,2004,Vintage Cars,44,S24_2022,"Corrida Auto Replicas, Ltd",Madrid,,Spain,Small,EMEA,2004-01-26,2004-01,30.799999999999997,839.8600000000001,0.35753024614100964
10227,24,48.38,5,1161.12,3/2/2004 0:00,Shipped,1,3,2004,Vintage Cars,44,S24_2022,"Saveley & Henriot, Co.",Lyon,,France,Small,EMEA,2004-03-02,2004-03,30.799999999999997,421.91999999999996,0.36337329474989666
10244,39,45.25,9,1764.75,4/29/2004 0:00,Shipped,2,4,2004,Vintage Cars,44,S24_2022,Euro Shopping Channel,Madrid,,Spain,Small,EMEA,2004-04-29,2004-04,30.799999999999997,563.5500000000002,0.31933701657458574
10255,37,45.7,2,1690.9,6/4/2004 0:00,Shipped,2,6,2004,Vintage Cars,44,S24_2022,Mini Caravy,Strasbourg,,France,Small,EMEA,2004-06-04,2004-06,30.799999999999997,551.3000000000002,0.326039387308534
10280,45,47.49,11,2137.05,8/17/2004 0:00,Shipped,3,8,2004,Vintage Cars,44,S24_2022,Amica Models & Co.,Torino,,Italy,Small,EMEA,2004-08-17,2004-08,30.799999999999997,751.0500000000004,0.35144240892819556
10289,45,48.38,4,2177.1,9/3/2004 0:00,Shipped,3,9,2004,Vintage Cars,44,S24_2022,Herkku Gifts,Bergen,,Norway,Small,EMEA,2004-09-03,2004-09,30.799999999999997,791.1000000000001,0.3633732947498967
10304,44,39.42,15,1734.48,10/11/2004 0:00,Shipped,4,10,2004,Vintage Cars,44,S24_2022,Auto Assoc. & Cie.,Versailles,,France,Small,EMEA,2004-10-11,2004-10,30.799999999999997,379.2800000000002,0.21867072552004072
10312,23,37.63,12,865.49,10/21/2004 0:00,Shipped,4,10,2004,Vintage Cars,44,S24_2022,Mini Gifts Distributors Ltd.,San Rafael,CA,USA,Small,North America,2004-10-21,2004-10,30.799999999999997,157.09000000000003,0.18150411905394637
10322,30,100.0,4,3500.1,11/4/2004 0:00,Shipped,4,11,2004,Vintage Cars,44,S24_2022,Online Diecast Creations Co.,Nashua,NH,USA,Medium,North America,2004-11-04,2004-11,30.799999999999997,2576.1,0.7360075426416388
10332,26,85.52,10,2223.52,11/17/2004 0:00,Shipped,4,11,2004,Vintage Cars,44,S24_2022,"AV Stores, Co.",Manchester,,UK,Small,EMEA,2004-11-17,2004-11,30.799999999999997,1422.72,0.6398503274087933
10345,43,53.76,1,2311.68,11/25/2004 0:00,Shipped,4,11,2004,Vintage Cars,44,S24_2022,Atelier graphique,Nantes,,France,Small,EMEA,2004-11-25,2004-11,30.799999999999997,987.28,0.42708333333333337
10356,26,31.86,7,828.36,12/9/2004 0:00,Shipped,4,12,2004,Vintage Cars,44,S24_2022,Lyon Souveniers,Paris,,France,Small,EMEA,2004-12-09,2004-12,30.799999999999997,27.56000000000006,0.03327055869428758
10367,28,30.59,12,856.52,1/12/2005 0:00,Resolved,1,1,2005,Vintage Cars,44,S24_2022,Toys4GrownUps.com,Pasadena,CA,USA,Small,North America,2005-01-12,2005-01,30.799999999999997,-5.879999999999882,-0.006864988558352265
10380,27,68.35,5,1845.45,2/16/2005 0:00,Shipped,1,2,2005,Vintage Cars,44,S24_2022,Euro Shopping Channel,Madrid,,Spain,Small,EMEA,2005-02-16,2005-02,30.799999999999997,1013.8500000000001,0.5493782004389174
10391,24,100.0,1,4042.08,3/9/2005 0:00,Shipped,1,3,2005,Vintage Cars,44,S24_2022,"Anna's Decorations, Ltd",North Sydney,NSW,Australia,Medium,APAC,2005-03-09,2005-03,30.799999999999997,3302.88,0.8171238570241064
10421,40,45.7,2,1828.0,5/29/2005 0:00,In Process,2,5,2005,Vintage Cars,44,S24_2022,Mini Gifts Distributors Ltd.,San Rafael,CA,USA,Small,North America,2005-05-29,2005-05,30.799999999999997,596.0,0.32603938730853393
10103,36,100.0,1,3680.28,1/29/2003 0:00,Shipped,1,1,2003,Trucks and Buses,127,S24_2300,Baane Mini Imports,Stavern,,Norway,Medium,EMEA,2003-01-29,2003-01,88.89999999999999,479.88000000000056,0.13039225276337685
10114,21,100.0,5,2925.09,4/1/2003 0:00,Shipped,2,4,2003,Trucks and Buses,127,S24_2300,"La Corne D'abondance, Co.",Paris,,France,Small,EMEA,2003-04-01,2003-04,88.89999999999999,1058.1900000000003,0.3617632277981191
10126,27,100.0,1,3415.77,5/28/2003 0:00,Shipped,2,5,2003,Trucks and Buses,127,S24_2300,"Corrida Auto Replicas, Ltd",Madrid,,Spain,Medium,EMEA,2003-05-28,2003-05,88.89999999999999,1015.4700000000003,0.297288751877322
10140,47,100.0,1,5105.14,7/24/2003 0:00,Shipped,3,7,2003,Trucks and Buses,127,S24_2300,Technics Stores Inc.,Burlingame,CA,USA,Medium,North America,2003-07-24,2003-07,88.89999999999999,926.840000000001,0.1815503590498989
10151,42,100.0,8,5098.8,9/21/2003 0:00,Shipped,3,9,2003,Trucks and Buses,127,S24_2300,"Oulu Toy Supplies, Inc.",Oulu,,Finland,Medium,EMEA,2003-09-21,2003-09,88.89999999999999,1365.0000000000005,0.2677100494233938
10165,32,100.0,17,4661.76,10/22/2003 0:00,Shipped,4,10,2003,Trucks and Buses,127,S24_2300,"Dragon Souveniers, Ltd.",Singapore,,Singapore,Medium,Japan,2003-10-22,2003-10,88.89999999999999,1816.9600000000005,0.38975837451949485
10175,28,100.0,6,2969.96,11/6/2003 0:00,Shipped,4,11,2003,Trucks and Buses,127,S24_2300,"Stylish Desk Decors, Co.",London,,UK,Small,EMEA,2003-11-06,2003-11,88.89999999999999,480.7600000000002,0.16187423399641754
10184,24,100.0,11,3496.32,11/14/2003 0:00,Shipped,4,11,2003,Trucks and Buses,127,S24_2300,"Iberia Gift Imports, Corp.",Sevilla,,Spain,Medium,EMEA,2003-11-14,2003-11,88.89999999999999,1362.7200000000003,0.38975837451949485
10194,49,100.0,1,5760.93,11/25/2003 0:00,Shipped,4,11,2003,Trucks and Buses,127,S24_2300,"Saveley & Henriot, Co.",Lyon,,France,Medium,EMEA,2003-11-25,2003-11,88.89999999999999,1404.8300000000008,0.24385472484477347
10207,46,100.0,12,6819.04,12/9/2003 0:00,Shipped,4,12,2003,Trucks and Buses,127,S24_2300,Diecast Collectables,Boston,MA,USA,Medium,North America,2003-12-09,2003-12,88.89999999999999,2729.6400000000003,0.4002968159740961
10217,28,100.0,1,3148.88,2/4/2004 0:00,Shipped,1,2,2004,Trucks and Buses,127,S24_2300,Handji Gifts& Co,Singapore,,Singapore,Medium,APAC,2004-02-04,2004-02,88.89999999999999,659.6800000000003,0.20949670994131256
10229,48,100.0,6,5704.32,3/11/2004 0:00,Shipped,1,3,2004,Trucks and Buses,127,S24_2300,Mini Gifts Distributors Ltd.,San Rafael,CA,USA,Medium,North America,2004-03-11,2004-03,88.89999999999999,1437.12,0.25193537529451365
10246,29,100.0,10,3520.6,5/5/2004 0:00,Shipped,2,5,2004,Trucks and Buses,127,S24_2300,Euro Shopping Channel,Madrid,,Spain,Medium,EMEA,2004-05-05,2004-05,88.89999999999999,942.5,0.26771004942339377
10259,47,100.0,9,5285.62,6/15/2004 0:00,Shipped,2,6,2004,Trucks and Buses,127,S24_2300,Handji Gifts& Co,Singapore,,Singapore,Medium,APAC,2004-06-15,2004-06,88.89999999999999,1107.3200000000006,0.2094967099413126
10271,43,100.0,10,5605.05,7/20/2004 0:00,Shipped,3,7,2004,Trucks and Buses,127,S24_2300,Mini Gifts Distributors Ltd.,San Rafael,CA,USA,Medium,North America,2004-07-20,2004-07,88.89999999999999,1782.3500000000004,0.3179900268507864
10281,25,100.0,6,2779.5,8/19/2004 0:00,Shipped,3,8,2004,Trucks and Buses,127,S24_2300,Diecast Classics Inc.,Allentown,PA,USA,Small,North America,2004-08-19,2004-08,88.89999999999999,557.0,0.20039575463212808
10291,48,100.0,1,5398.08,9/8/2004 0:00,Shipped,3,9,2004,Trucks and Buses,127,S24_2300,Scandinavian Gift Ideas,Boras,,Sweden,Medium,EMEA,2004-09-08,2004-09,88.89999999999999,1130.88,0.2094967099413125
10305,24,100.0,10,3189.6,10/13/2004 0:00,Shipped,4,10,2004,Trucks and Buses,127,S24_2300,Marta's Replicas Co.,Cambridge,MA,USA,Medium,North America,2004-10-13,2004-10,88.89999999999999,1056.0,0.3310759969902182
10313,42,100.0,4,5581.8,10/22/2004 0:00,Shipped,4,10,2004,Trucks and Buses,127,S24_2300,Canadian Gift Exchange Network,Vancouver,BC,Canada,Medium,North America,2004-10-22,2004-10,88.89999999999999,1848.0000000000005,0.3310759969902183
10324,31,100.0,2,3820.44,11/5/2004 0:00,Shipped,4,11,2004,Trucks and Buses,127,S24_2300,Vitachrome Inc.,NYC,NY,USA,Medium,North America,2004-11-05,2004-11,88.89999999999999,1064.5400000000004,0.2786432976306395
10334,42,100.0,5,5528.04,11/19/2004 0:00,On Hold,4,11,2004,Trucks and Buses,127,S24_2300,"Volvo Model Replicas, Co",Lule,,Sweden,Medium,EMEA,2004-11-19,2004-11,88.89999999999999,1794.2400000000002,0.32457073393101354
10348,37,100.0,1,5981.42,11/1/2004 0:00,Shipped,4,11,2004,Trucks and Buses,127,S24_2300,"Corrida Auto Replicas, Ltd",Madrid,,Spain,Medium,EMEA,2004-11-01,2004-11,88.89999999999999,2692.1200000000003,0.4500804156872449
10358,41,100.0,7,5684.65,12/10/2004 0:00,Shipped,4,12,2004,Trucks and Buses,127,S24_2300,Euro Shopping Channel,Madrid,,Spain,Medium,EMEA,2004-12-10,2004-12,88.89999999999999,2039.75,0.3588171655247025
10371,20,100.0,5,3449.4,1/23/2005 0:00,Shipped,1,1,2005,Trucks and Buses,127,S24_2300,Mini Gifts Distributors Ltd.,San Rafael,CA,USA,Medium,North America,2005-01-23,2005-01,88.89999999999999,1671.4000000000003,0.4845480373398273
10382,20,100.0,3,2654.4,2/17/2005 0:00,Shipped,1,2,2005,Trucks and Buses,127,S24_2300,Mini Gifts Distributors Ltd.,San Rafael,CA,USA,Small,North America,2005-02-17,2005-02,88.89999999999999,876.4000000000003,0.33016877637130815
10412,70,100.0,10,8498.0,5/3/2005 0:00,Shipped,2,5,2005,Trucks and Buses,127,S24_2300,Euro Shopping Channel,Madrid,,Spain,Large,EMEA,2005-05-03,2005-05,88.89999999999999,2275.000000000001,0.2677100494233938
10425,49,100.0,9,5510.54,5/31/2005 0:00,In Process,2,5,2005,Trucks and Buses,127,S24_2300,La Rochelle Gifts,Nantes,,France,Medium,EMEA,2005-05-31,2005-05,88.89999999999999,1154.4400000000005,0.20949670994131256
10108,35,58.87,15,2060.45,3/3/2003 0:00,Shipped,1,3,2003,Motorcycles,69,S24_2360,Cruz & Sons Co.,Makati City,,Philippines,Small,Japan,2003-03-03,2003-03,48.3,369.9499999999998,0.17954815695600468
10121,32,76.88,2,2460.16,5/7/2003 0:00,Shipped,2,5,2003,Motorcycles,69,S24_2360,Reims Collectables,Reims,,France,Small,EMEA,2003-05-07,2003-05,48.3,914.56,0.37174817898022894
10135,29,61.64,16,1787.56,7/2/2003 0:00,Shipped,3,7,2003,Motorcycles,69,S24_2360,Mini Gifts Distributors Ltd.,San Rafael,CA,USA,Small,North America,2003-07-02,2003-07,48.3,386.8600000000001,0.21641791044776126
10145,27,60.95,3,1645.65,8/25/2003 0:00,Shipped,3,8,2003,Motorcycles,69,S24_2360,Toys4GrownUps.com,Pasadena,CA,USA,Small,North America,2003-08-25,2003-08,48.3,341.5500000000002,0.20754716981132085
10159,27,80.34,11,2169.18,10/10/2003 0:00,Shipped,4,10,2003,Motorcycles,69,S24_2360,Corporate Gift Ideas Co.,San Francisco,CA,USA,Small,North America,2003-10-10,2003-10,48.3,865.0799999999999,0.3988050784167289
10169,38,74.11,11,2816.18,11/4/2003 0:00,Shipped,4,11,2003,Motorcycles,69,S24_2360,"Anna's Decorations, Ltd",North Sydney,NSW,Australia,Small,APAC,2003-11-04,2003-11,48.3,980.78,0.3482660909458912
10180,35,72.03,6,2521.05,11/11/2003 0:00,Shipped,4,11,2003,Motorcycles,69,S24_2360,Daedalus Designs Imports,Lille,,France,Small,EMEA,2003-11-11,2003-11,48.3,830.5500000000002,0.32944606413994176
10190,42,76.19,3,3199.98,11/19/2003 0:00,Shipped,4,11,2003,Motorcycles,69,S24_2360,Euro Shopping Channel,Madrid,,Spain,Medium,EMEA,2003-11-19,2003-11,48.3,1171.38,0.3660585378658617
10211,21,63.72,11,1338.12,1/15/2004 0:00,Shipped,1,1,2004,Motorcycles,69,S24_2360,Auto Canal Petit,Paris,,France,Small,EMEA,2004-01-15,2004-01,48.3,323.81999999999994,0.24199623352165722
10224,37,80.34,4,2972.58,2/21/2004 0:00,Shipped,1,2,2004,Motorcycles,69,S24_2360,Daedalus Designs Imports,Lille,,France,Small,EMEA,2004-02-21,2004-02,48.3,1185.48,0.3988050784167289
10237,26,79.65,4,2070.9,4/5/2004 0:00,Shipped,2,4,2004,Motorcycles,69,S24_2360,Vitachrome Inc.,NYC,NY,USA,Small,North America,2004-04-05,2004-04,48.3,815.1000000000001,0.39359698681732586
10252,47,65.8,8,3092.6,5/26/2004 0:00,Shipped,2,5,2004,Motorcycles,69,S24_2360,Auto Canal Petit,Paris,,France,Medium,EMEA,2004-05-26,2004-05,48.3,822.5,0.26595744680851063
10264,37,65.1,6,2408.7,6/30/2004 0:00,Shipped,2,6,2004,Motorcycles,69,S24_2360,Gifts4AllAges.com,Boston,MA,USA,Small,North America,2004-06-30,2004-06,48.3,621.5999999999999,0.25806451612903225
10276,46,75.49,12,3472.54,8/2/2004 0:00,Shipped,3,8,2004,Motorcycles,69,S24_2360,Online Mini Collectables,Brickhaven,MA,USA,Medium,North America,2004-08-02,2004-08,48.3,1250.7400000000002,0.3601801563120944
10285,38,59.56,3,2263.28,8/27/2004 0:00,Shipped,3,8,2004,Motorcycles,69,S24_2360,Marta's Replicas Co.,Cambridge,MA,USA,Small,North America,2004-08-27,2004-08,48.3,427.88000000000034,0.18905305574210893
10299,33,66.49,6,2194.17,9/30/2004 0:00,Shipped,3,9,2004,Motorcycles,69,S24_2360,"Toys of Finland, Co.",Helsinki,,Finland,Small,EMEA,2004-09-30,2004-09,48.3,600.2700000000002,0.27357497368025274
10309,24,56.1,2,1346.4,10/15/2004 0:00,Shipped,4,10,2004,Motorcycles,69,S24_2360,Baane Mini Imports,Stavern,,Norway,Small,EMEA,2004-10-15,2004-10,48.3,187.20000000000027,0.1390374331550804
10319,31,81.73,7,2533.63,11/3/2004 0:00,Shipped,4,11,2004,Motorcycles,69,S24_2360,Microscale Inc.,NYC,NY,USA,Small,North America,2004-11-03,2004-11,48.3,1036.3300000000002,0.4090297320445369
10330,42,81.03,1,3403.26,11/16/2004 0:00,Shipped,4,11,2004,Motorcycles,69,S24_2360,Cruz & Sons Co.,Makati City,,Philippines,Medium,Japan,2004-11-16,2004-11,48.3,1374.6600000000003,0.4039244724176232
10341,32,100.0,6,3307.2,11/24/2004 0:00,Shipped,4,11,2004,Motorcycles,69,S24_2360,Salzburg Collectables,Salzburg,,Austria,Medium,EMEA,2004-11-24,2004-11,48.3,1761.6,0.532656023222061
10355,41,70.65,3,2896.65,12/7/2004 0:00,Shipped,4,12,2004,Motorcycles,69,S24_2360,Euro Shopping Channel,Madrid,,Spain,Small,EMEA,2004-12-07,2004-12,48.3,916.3500000000001,0.3163481953290871
10363,43,61.23,14,2632.89,1/6/2005 0:00,Shipped,1,1,2005,Motorcycles,69,S24_2360,Suominen Souveniers,Espoo,,Finland,Small,EMEA,2005-01-06,2005-01,48.3,555.9899999999998,0.211170994610485
10375,20,100.0,14,2046.0,2/3/2005 0:00,Shipped,1,2,2005,Motorcycles,69,S24_2360,La Rochelle Gifts,Nantes,,France,Small,EMEA,2005-02-03,2005-02,48.3,1080.0,0.5278592375366569
10390,35,65.13,4,2279.55,3/4/2005 0:00,Shipped,1,3,2005,Motorcycles,69,S24_2360,Mini Gifts Distributors Ltd.,San Rafael,CA,USA,Small,North America,2005-03-04,2005-03,48.3,589.0500000000002,0.25840626439428843
10403,27,79.65,4,2150.55,4/8/2005 0:00,Shipped,2,4,2005,Motorcycles,69,S24_2360,"UK Collectables, Ltd.",Liverpool,,UK,Small,EMEA,2005-04-08,2005-04,48.3,846.4500000000003,0.3935969868173259
10110,43,78.15,11,3360.45,3/18/2003 0:00,Shipped,1,3,2003,Classic Cars,90,S24_2766,"AV Stores, Co.",Manchester,,UK,Medium,EMEA,2003-03-18,2003-03,62.99999999999999,651.4500000000003,0.19385796545105574
10124,32,72.7,10,2326.4,5/21/2003 0:00,Shipped,2,5,2003,Classic Cars,90,S24_2766,Signal Gift Stores,Las Vegas,NV,USA,Small,North America,2003-05-21,2003-05,62.99999999999999,310.4000000000003,0.1334250343878956
10148,21,73.6,4,1545.6,9/11/2003 0:00,Shipped,3,9,2003,Classic Cars,90,S24_2766,"Anna's Decorations, Ltd",North Sydney,NSW,Australia,Small,APAC,2003-09-11,2003-09,62.99999999999999,222.60000000000014,0.14402173913043487
10161,20,100.0,3,2144.6,10/17/2003 0:00,Shipped,4,10,2003,Classic Cars,90,S24_2766,Heintze Collectables,Aaarhus,,Denmark,Small,EMEA,2003-10-17,2003-10,62.99999999999999,884.6000000000001,0.4124778513475707
10172,22,74.51,1,1639.22,11/5/2003 0:00,Shipped,4,11,2003,Classic Cars,90,S24_2766,Gift Depot Inc.,Bridgewater,CT,USA,Small,North America,2003-11-05,2003-11,62.99999999999999,253.22000000000025,0.15447590927392313
10182,36,73.6,14,2649.6,11/12/2003 0:00,Shipped,4,11,2003,Classic Cars,90,S24_2766,Mini Gifts Distributors Ltd.,San Rafael,CA,USA,Small,North America,2003-11-12,2003-11,62.99999999999999,381.60000000000036,0.14402173913043492
10192,46,83.6,2,3845.6,11/20/2003 0:00,Shipped,4,11,2003,Classic Cars,90,S24_2766,Online Diecast Creations Co.,Nashua,NH,USA,Medium,North America,2003-11-20,2003-11,62.99999999999999,947.6000000000004,0.2464114832535886
10204,47,96.32,8,4527.04,12/2/2003 0:00,Shipped,4,12,2003,Classic Cars,90,S24_2766,Muscle Machine Inc,NYC,NY,USA,Medium,North America,2003-12-02,2003-12,62.99999999999999,1566.0400000000004,0.34593023255813965
10212,45,88.14,1,3966.3,1/16/2004 0:00,Shipped,1,1,2004,Classic Cars,90,S24_2766,Euro Shopping Channel,Madrid,,Spain,Medium,EMEA,2004-01-16,2004-01,62.99999999999999,1131.3000000000006,0.2852280462899933
10227,47,88.14,14,4142.58,3/2/2004 0:00,Shipped,1,3,2004,Classic Cars,90,S24_2766,"Saveley & Henriot, Co.",Lyon,,France,Medium,EMEA,2004-03-02,2004-03,62.99999999999999,1181.5800000000004,0.28522804628999326
10241,47,94.5,6,4441.5,4/13/2004 0:00,Shipped,2,4,2004,Classic Cars,90,S24_2766,Mini Caravy,Strasbourg,,France,Medium,EMEA,2004-04-13,2004-04,62.99999999999999,1480.5000000000005,0.3333333333333334
10267,38,87.24,3,3315.12,7/7/2004 0:00,Shipped,3,7,2004,Classic Cars,90,S24_2766,Muscle Machine Inc,NYC,NY,USA,Medium,North America,2004-07-07,2004-07,62.99999999999999,921.1200000000003,0.27785419532324634
10279,49,79.97,3,3918.53,8/9/2004 0:00,Shipped,3,8,2004,Classic Cars,90,S24_2766,Euro Shopping Channel,Madrid,,Spain,Medium,EMEA,2004-08-09,2004-08,62.99999999999999,831.5300000000007,0.21220457671626874
10288,35,80.87,9,2830.45,9/1/2004 0:00,Shipped,3,9,2004,Classic Cars,90,S24_2766,Handji Gifts& Co,Singapore,,Singapore,Small,APAC,2004-09-01,2004-09,62.99999999999999,625.4500000000003,0.2209719302584396
10302,49,100.0,5,5298.86,10/6/2003 0:00,Shipped,4,10,2003,Classic Cars,90,S24_2766,"UK Collectables, Ltd.",Liverpool,,UK,Medium,EMEA,2003-10-06,2003-10,62.99999999999999,2211.86,0.41742186055113745
10311,28,93.6,4,2620.8,10/16/2004 0:00,Shipped,4,10,2004,Classic Cars,90,S24_2766,Euro Shopping Channel,Madrid,,Spain,Small,EMEA,2004-10-16,2004-10,62.99999999999999,856.8000000000004,0.32692307692307704
10321,30,72.7,1,2181.0,11/4/2004 0:00,Shipped,4,11,2004,Classic Cars,90,S24_2766,FunGiftIdeas.com,New Bedford,MA,USA,Small,North America,2004-11-04,2004-11,62.99999999999999,291.0000000000002,0.13342503438789557
10332,39,86.72,7,3382.08,11/17/2004 0:00,Shipped,4,11,2004,Classic Cars,90,S24_2766,"AV Stores, Co.",Manchester,,UK,Medium,EMEA,2004-11-17,2004-11,62.99999999999999,925.0800000000004,0.2735239852398525
10346,25,100.0,1,2876.75,11/29/2004 0:00,Shipped,4,11,2004,Classic Cars,90,S24_2766,Signal Gift Stores,Las Vegas,NV,USA,Small,North America,2004-11-29,2004-11,62.99999999999999,1301.7500000000002,0.45250716954897025
10368,40,100.0,2,4107.2,1/19/2005 0:00,Shipped,1,1,2005,Classic Cars,90,S24_2766,Mini Gifts Distributors Ltd.,San Rafael,CA,USA,Medium,North America,2005-01-19,2005-01,62.99999999999999,1587.2000000000003,0.38644331904947415
10380,36,37.5,6,1350.0,2/16/2005 0:00,Shipped,1,2,2005,Classic Cars,90,S24_2766,Euro Shopping Channel,Madrid,,Spain,Small,EMEA,2005-02-16,2005-02,62.99999999999999,-917.9999999999995,-0.6799999999999997
10407,76,94.5,6,7182.0,4/22/2005 0:00,On Hold,2,4,2005,Classic Cars,90,S24_2766,The Sharp Gifts Warehouse,San Jose,CA,USA,Large,North America,2005-04-22,2005-04,62.99999999999999,2394.000000000001,0.3333333333333335
10420,39,100.0,9,3933.93,5/29/2005 0:00,In Process,2,5,2005,Classic Cars,90,S24_2766,Souveniers And Things Co.,Chatswood,NSW,Australia,Medium,APAC,2005-05-29,2005-05,62.99999999999999,1476.9300000000003,0.37543372657876484
10104,44,39.6,10,1742.4,1/31/2003 0:00,Shipped,1,1,2003,Classic Cars,35,S24_2840,Euro Shopping Channel,Madrid,,Spain,Small,EMEA,2003-01-31,2003-01,24.5,664.4000000000001,0.3813131313131313
10114,24,30.06,1,721.44,4/1/2003 0:00,Shipped,2,4,2003,Classic Cars,35,S24_2840,"La Corne D'abondance, Co.",Paris,,France,Small,EMEA,2003-04-01,2003-04,24.5,133.44000000000005,0.1849634065202928
10127,39,38.19,12,1489.41,6/3/2003 0:00,Shipped,2,6,2003,Classic Cars,35,S24_2840,Muscle Machine Inc,NYC,NY,USA,Small,North America,2003-06-03,2003-06,24.5,533.9100000000001,0.35847080387536007
10141,21,42.43,6,891.03,8/1/2003 0:00,Shipped,3,8,2003,Classic Cars,35,S24_2840,Suominen Souveniers,Espoo,,Finland,Small,EMEA,2003-08-01,2003-08,24.5,376.53,0.4225783643648362
10151,30,40.31,4,1209.3,9/21/2003 0:00,Shipped,3,9,2003,Classic Cars,35,S24_2840,"Oulu Toy Supplies, Inc.",Oulu,,Finland,Small,EMEA,2003-09-21,2003-09,24.5,474.29999999999995,0.3922103696353262
10165,27,31.82,13,859.14,10/22/2003 0:00,Shipped,4,10,2003,Classic Cars,35,S24_2840,"Dragon Souveniers, Ltd.",Singapore,,Singapore,Small,Japan,2003-10-22,2003-10,24.5,197.64,0.23004399748585794
10175,37,31.12,2,1151.44,11/6/2003 0:00,Shipped,4,11,2003,Classic Cars,35,S24_2840,"Stylish Desk Decors, Co.",London,,UK,Small,EMEA,2003-11-06,2003-11,24.5,244.94000000000005,0.21272493573264786
10184,42,31.82,7,1336.44,11/14/2003 0:00,Shipped,4,11,2003,Classic Cars,35,S24_2840,"Iberia Gift Imports, Corp.",Sevilla,,Spain,Small,EMEA,2003-11-14,2003-11,24.5,307.44000000000005,0.230043997485858
10195,32,28.29,7,905.28,11/25/2003 0:00,Shipped,4,11,2003,Classic Cars,35,S24_2840,Mini Classics,White Plains,NY,USA,Small,North America,2003-11-25,2003-11,24.5,121.27999999999997,0.13396960056557083
10207,42,29.7,8,1247.4,12/9/2003 0:00,Shipped,4,12,2003,Classic Cars,35,S24_2840,Diecast Collectables,Boston,MA,USA,Small,North America,2003-12-09,2003-12,24.5,218.4000000000001,0.17508417508417515
10219,21,40.31,3,846.51,2/10/2004 0:00,Shipped,1,2,2004,Classic Cars,35,S24_2840,Signal Collectibles Ltd.,Brisbane,CA,USA,Small,North America,2004-02-10,2004-02,24.5,332.01,0.39221036963532624
10229,33,32.88,2,1085.04,3/11/2004 0:00,Shipped,1,3,2004,Classic Cars,35,S24_2840,Mini Gifts Distributors Ltd.,San Rafael,CA,USA,Small,North America,2004-03-11,2004-03,24.5,276.53999999999996,0.2548661800486618
10246,49,36.07,6,1767.43,5/5/2004 0:00,Shipped,2,5,2004,Classic Cars,35,S24_2840,Euro Shopping Channel,Madrid,,Spain,Small,EMEA,2004-05-05,2004-05,24.5,566.9300000000001,0.32076517881896316
10259,31,33.24,5,1030.44,6/15/2004 0:00,Shipped,2,6,2004,Classic Cars,35,S24_2840,Handji Gifts& Co,Singapore,,Singapore,Small,APAC,2004-06-15,2004-06,24.5,270.94000000000005,0.26293622141997597
10271,38,41.72,6,1585.36,7/20/2004 0:00,Shipped,3,7,2004,Classic Cars,35,S24_2840,Mini Gifts Distributors Ltd.,San Rafael,CA,USA,Small,North America,2004-07-20,2004-07,24.5,654.3599999999999,0.41275167785234895
10281,20,40.66,2,813.2,8/19/2004 0:00,Shipped,3,8,2004,Classic Cars,35,S24_2840,Diecast Classics Inc.,Allentown,PA,USA,Small,North America,2004-08-19,2004-08,24.5,323.20000000000005,0.397442203639941
10292,39,30.06,9,1172.34,9/8/2004 0:00,Shipped,3,9,2004,Classic Cars,35,S24_2840,Land of Toys Inc.,NYC,NY,USA,Small,North America,2004-09-08,2004-09,24.5,216.83999999999992,0.1849634065202927
10305,48,31.47,6,1510.56,10/13/2004 0:00,Shipped,4,10,2004,Classic Cars,35,S24_2840,Marta's Replicas Co.,Cambridge,MA,USA,Small,North America,2004-10-13,2004-10,24.5,334.55999999999995,0.22148077534159513
10314,39,37.13,15,1448.07,10/22/2004 0:00,Shipped,4,10,2004,Classic Cars,35,S24_2840,Heintze Collectables,Aaarhus,,Denmark,Small,EMEA,2004-10-22,2004-10,24.5,492.56999999999994,0.34015620791812545
10324,30,100.0,9,3338.1,11/5/2004 0:00,Shipped,4,11,2004,Classic Cars,35,S24_2840,Vitachrome Inc.,NYC,NY,USA,Medium,North America,2004-11-05,2004-11,24.5,2603.1,0.7798148647434169
10335,33,37.13,2,1225.29,11/19/2004 0:00,Shipped,4,11,2004,Classic Cars,35,S24_2840,Mini Gifts Distributors Ltd.,San Rafael,CA,USA,Small,North America,2004-11-19,2004-11,24.5,416.78999999999996,0.3401562079181255
10349,36,37.13,3,1336.68,12/1/2004 0:00,Shipped,4,12,2004,Classic Cars,35,S24_2840,Muscle Machine Inc,NYC,NY,USA,Small,North America,2004-12-01,2004-12,24.5,454.68000000000006,0.34015620791812556
10358,36,82.94,4,2985.84,12/10/2004 0:00,Shipped,4,12,2004,Classic Cars,35,S24_2840,Euro Shopping Channel,Madrid,,Spain,Small,EMEA,2004-12-10,2004-12,24.5,2103.84,0.7046057390884978
10371,45,100.0,8,5545.8,1/23/2005 0:00,Shipped,1,1,2005,Classic Cars,35,S24_2840,Mini Gifts Distributors Ltd.,San Rafael,CA,USA,Medium,North America,2005-01-23,2005-01,24.5,4443.3,0.8012009087958455
10383,40,100.0,3,6089.6,2/22/2005 0:00,Shipped,1,2,2005,Classic Cars,35,S24_2840,Euro Shopping Channel,Madrid,,Spain,Medium,EMEA,2005-02-22,2005-02,24.5,5109.6,0.8390698896479244
10394,46,38.9,6,1789.4,3/15/2005 0:00,Shipped,1,3,2005,Classic Cars,35,S24_2840,Euro Shopping Channel,Madrid,,Spain,Small,EMEA,2005-03-15,2005-03,24.5,662.4000000000001,0.3701799485861183
10412,30,36.07,6,1082.1,5/3/2005 0:00,Shipped,2,5,2005,Classic Cars,35,S24_2840,Euro Shopping Channel,Madrid,,Spain,Small,EMEA,2005-05-03,2005-05,24.5,347.0999999999999,0.32076517881896305
10425,31,33.24,5,1030.44,5/31/2005 0:00,In Process,2,5,2005,Classic Cars,35,S24_2840,La Rochelle Gifts,Nantes,,France,Small,EMEA,2005-05-31,2005-05,24.5,270.94000000000005,0.26293622141997597
10106,49,74.68,13,3659.32,2/17/2003 0:00,Shipped,1,2,2003,Planes,68,S24_2841,Rovelli Gifts,Bergamo,,Italy,Medium,EMEA,2003-02-17,2003-02,47.599999999999994,1326.9200000000005,0.36261381896089995
10119,41,59.6,4,2443.6,4/28/2003 0:00,Shipped,2,4,2003,Planes,68,S24_2841,Salzburg Collectables,Salzburg,,Austria,Small,EMEA,2003-04-28,2003-04,47.599999999999994,492.0000000000002,0.20134228187919473
10131,35,67.14,5,2349.9,6/16/2003 0:00,Shipped,2,6,2003,Planes,68,S24_2841,Gift Ideas Corp.,Glendale,CT,USA,Small,North America,2003-06-16,2003-06,47.599999999999994,683.9000000000003,0.29103366100685146
10143,27,60.97,8,1646.19,8/10/2003 0:00,Shipped,3,8,2003,Planes,68,S24_2841,Mini Creations Ltd.,New Bedford,MA,USA,Small,North America,2003-08-10,2003-08,47.599999999999994,360.99000000000024,0.21928817451205523
10155,23,72.62,6,1670.26,10/6/2003 0:00,Shipped,4,10,2003,Planes,68,S24_2841,"Toys of Finland, Co.",Helsinki,,Finland,Small,EMEA,2003-10-06,2003-10,47.599999999999994,575.46,0.3445331864500138
10167,21,69.88,2,1467.48,10/23/2003 0:00,Cancelled,4,10,2003,Planes,68,S24_2841,Scandinavian Gift Ideas,Boras,,Sweden,Small,EMEA,2003-10-23,2003-10,47.599999999999994,467.8800000000001,0.3188322839152834
10178,34,80.84,5,2748.56,11/8/2003 0:00,Shipped,4,11,2003,Planes,68,S24_2841,Alpha Cognac,Toulouse,,France,Small,EMEA,2003-11-08,2003-11,47.599999999999994,1130.16,0.41118258287976256
10186,22,69.2,2,1522.4,11/14/2003 0:00,Shipped,4,11,2003,Planes,68,S24_2841,"Double Decker Gift Stores, Ltd",London,,UK,Small,EMEA,2003-11-14,2003-11,47.599999999999994,475.2000000000003,0.3121387283236996
10198,48,67.82,5,3255.36,11/27/2003 0:00,Shipped,4,11,2003,Planes,68,S24_2841,Cruz & Sons Co.,Makati City,,Philippines,Medium,Japan,2003-11-27,2003-11,47.599999999999994,970.5600000000004,0.29814214096136843
10209,43,82.21,1,3535.03,1/9/2004 0:00,Shipped,1,1,2004,Planes,68,S24_2841,"Men 'R' US Retailers, Ltd.",Los Angeles,CA,USA,Medium,North America,2004-01-09,2004-01,47.599999999999994,1488.2300000000005,0.42099501277216894
10222,32,81.53,5,2608.96,2/19/2004 0:00,Shipped,1,2,2004,Planes,68,S24_2841,Collectable Mini Designs Co.,San Diego,CA,USA,Small,North America,2004-02-19,2004-02,47.599999999999994,1085.7600000000002,0.4161658285293758
10249,20,67.82,1,1356.4,5/8/2004 0:00,Shipped,2,5,2004,Planes,68,S24_2841,Cambridge Collectables Co.,Cambridge,MA,USA,Small,North America,2004-05-08,2004-05,47.599999999999994,404.4000000000002,0.2981421409613685
10262,24,67.14,10,1611.36,6/24/2004 0:00,Cancelled,2,6,2004,Planes,68,S24_2841,Euro Shopping Channel,Madrid,,Spain,Small,EMEA,2004-06-24,2004-06,47.599999999999994,468.96000000000004,0.2910336610068514
10274,40,65.08,2,2603.2,7/21/2004 0:00,Shipped,3,7,2004,Planes,68,S24_2841,Collectables For Less Inc.,Brickhaven,MA,USA,Small,North America,2004-07-21,2004-07,47.599999999999994,699.2,0.26859250153657044
10284,30,73.99,12,2219.7,8/21/2004 0:00,Shipped,3,8,2004,Planes,68,S24_2841,"Norway Gifts By Mail, Co.",Oslo,,Norway,Small,EMEA,2004-08-21,2004-08,47.599999999999994,791.7,0.35666982024597926
10296,21,71.25,8,1496.25,9/15/2004 0:00,Shipped,3,9,2004,Planes,68,S24_2841,"Bavarian Collectables Imports, Co.",Munich,,Germany,Small,EMEA,2004-09-15,2004-09,47.599999999999994,496.6500000000001,0.3319298245614036
10307,25,75.36,2,1884.0,10/14/2004 0:00,Shipped,4,10,2004,Planes,68,S24_2841,"Classic Gift Ideas, Inc",Philadelphia,PA,USA,Small,North America,2004-10-14,2004-10,47.599999999999994,694.0000000000002,0.36836518046709144
10316,34,63.71,10,2166.14,11/1/2004 0:00,Shipped,4,11,2004,Planes,68,S24_2841,giftsbymail.co.uk,Cowes,Isle of Wight,UK,Small,EMEA,2004-11-01,2004-11,47.599999999999994,547.74,0.2528645424580129
10328,48,58.92,1,2828.16,11/12/2004 0:00,Shipped,4,11,2004,Planes,68,S24_2841,Rovelli Gifts,Bergamo,,Italy,Small,EMEA,2004-11-12,2004-11,47.599999999999994,543.3600000000001,0.19212491513917182
10339,55,100.0,12,6214.45,11/23/2004 0:00,Shipped,4,11,2004,Planes,68,S24_2841,"Tokyo Collectables, Ltd",Minato-ku,Tokyo,Japan,Medium,Japan,2004-11-23,2004-11,47.599999999999994,3596.4500000000003,0.5787237808655634
10351,25,74.68,5,1867.0,12/3/2004 0:00,Shipped,4,12,2004,Planes,68,S24_2841,"Stylish Desk Decors, Co.",London,,UK,Small,EMEA,2004-12-03,2004-12,47.599999999999994,677.0000000000002,0.36261381896089995
10373,38,70.44,7,2676.72,1/31/2005 0:00,Shipped,1,1,2005,Planes,68,S24_2841,"Oulu Toy Supplies, Inc.",Oulu,,Finland,Small,EMEA,2005-01-31,2005-01,47.599999999999994,867.9200000000001,0.3242475865985236
10386,39,55.96,1,2182.44,3/1/2005 0:00,Resolved,1,3,2005,Planes,68,S24_2841,Euro Shopping Channel,Madrid,,Spain,Small,EMEA,2005-03-01,2005-03,47.599999999999994,326.0400000000002,0.14939242315939966
10398,28,57.55,3,1611.4,3/30/2005 0:00,Shipped,1,3,2005,Planes,68,S24_2841,Reims Collectables,Reims,,France,Small,EMEA,2005-03-30,2005-03,47.599999999999994,278.60000000000036,0.17289313640312792
10400,24,61.66,2,1479.84,4/1/2005 0:00,Shipped,2,4,2005,Planes,68,S24_2841,The Sharp Gifts Warehouse,San Jose,CA,USA,Small,North America,2005-04-01,2005-04,47.599999999999994,337.44000000000005,0.22802465131365557
10415,21,67.82,1,1424.22,5/9/2005 0:00,Disputed,2,5,2005,Planes,68,S24_2841,"Australian Collectables, Ltd",Glen Waverly,Victoria,Australia,Small,APAC,2005-05-09,2005-05,47.599999999999994,424.6200000000001,0.29814214096136843
10110,46,100.0,10,5942.28,3/18/2003 0:00,Shipped,1,3,2003,Classic Cars,117,S24_2887,"AV Stores, Co.",Manchester,,UK,Medium,EMEA,2003-03-18,2003-03,81.89999999999999,2174.88,0.3660009289363679
10124,25,93.95,9,2348.75,5/21/2003 0:00,Shipped,2,5,2003,Classic Cars,117,S24_2887,Signal Gift Stores,Las Vegas,NV,USA,Small,North America,2003-05-21,2003-05,81.89999999999999,301.2500000000002,0.12825971261309216
10148,34,100.0,3,4392.12,9/11/2003 0:00,Shipped,3,9,2003,Classic Cars,117,S24_2887,"Anna's Decorations, Ltd",North Sydney,NSW,Australia,Medium,APAC,2003-09-11,2003-09,81.89999999999999,1607.52,0.3660009289363679
10161,25,100.0,2,2759.75,10/17/2003 0:00,Shipped,4,10,2003,Classic Cars,117,S24_2887,Heintze Collectables,Aaarhus,,Denmark,Small,EMEA,2003-10-17,2003-10,81.89999999999999,712.2500000000002,0.2580849714648067
10173,23,100.0,16,2728.03,11/5/2003 0:00,Shipped,4,11,2003,Classic Cars,117,S24_2887,Rovelli Gifts,Bergamo,,Italy,Small,EMEA,2003-11-05,2003-11,81.89999999999999,844.3300000000004,0.3095017283534273
10182,20,100.0,13,2395.8,11/12/2003 0:00,Shipped,4,11,2003,Classic Cars,117,S24_2887,Mini Gifts Distributors Ltd.,San Rafael,CA,USA,Small,North America,2003-11-12,2003-11,81.89999999999999,757.8000000000004,0.3163035311795644
10192,23,100.0,1,3052.33,11/20/2003 0:00,Shipped,4,11,2003,Classic Cars,117,S24_2887,Online Diecast Creations Co.,Nashua,NH,USA,Medium,North America,2003-11-20,2003-11,81.89999999999999,1168.63,0.38286489337653534
10204,42,100.0,7,4242.0,12/2/2003 0:00,Shipped,4,12,2003,Classic Cars,117,S24_2887,Muscle Machine Inc,NYC,NY,USA,Medium,North America,2003-12-02,2003-12,81.89999999999999,802.2000000000003,0.18910891089108917
10213,27,100.0,3,2790.45,1/22/2004 0:00,Shipped,1,1,2004,Classic Cars,117,S24_2887,"Double Decker Gift Stores, Ltd",London,,UK,Small,EMEA,2004-01-22,2004-01,81.89999999999999,579.1500000000001,0.2075471698113208
10227,33,100.0,13,4340.49,3/2/2004 0:00,Shipped,1,3,2004,Classic Cars,117,S24_2887,"Saveley & Henriot, Co.",Lyon,,France,Medium,EMEA,2004-03-02,2004-03,81.89999999999999,1637.79,0.3773283661522086
10241,28,98.65,5,2762.2,4/13/2004 0:00,Shipped,2,4,2004,Classic Cars,117,S24_2887,Mini Caravy,Strasbourg,,France,Small,EMEA,2004-04-13,2004-04,81.89999999999999,469.0,0.16979219462747086
10267,43,100.0,2,4645.72,7/7/2004 0:00,Shipped,3,7,2004,Classic Cars,117,S24_2887,Muscle Machine Inc,NYC,NY,USA,Medium,North America,2004-07-07,2004-07,81.89999999999999,1124.0200000000004,0.2419474268789338
10279,48,100.0,2,5580.96,8/9/2004 0:00,Shipped,3,8,2004,Classic Cars,117,S24_2887,Euro Shopping Channel,Madrid,,Spain,Medium,EMEA,2004-08-09,2004-08,81.89999999999999,1649.7600000000002,0.29560505719446123
10288,48,100.0,8,6539.04,9/1/2004 0:00,Shipped,3,9,2004,Classic Cars,117,S24_2887,Handji Gifts& Co,Singapore,,Singapore,Medium,APAC,2004-09-01,2004-09,81.89999999999999,2607.84,0.3988108346179256
10302,45,100.0,4,5548.95,10/6/2003 0:00,Shipped,4,10,2003,Classic Cars,117,S24_2887,"UK Collectables, Ltd.",Liverpool,,UK,Medium,EMEA,2003-10-06,2003-10,81.89999999999999,1863.4500000000003,0.3358202903251967
10311,43,100.0,3,4595.41,10/16/2004 0:00,Shipped,4,10,2004,Classic Cars,117,S24_2887,Euro Shopping Channel,Madrid,,Spain,Medium,EMEA,2004-10-16,2004-10,81.89999999999999,1073.71,0.23364835781790963
10332,44,42.26,11,1859.44,11/17/2004 0:00,Shipped,4,11,2004,Classic Cars,117,S24_2887,"AV Stores, Co.",Manchester,,UK,Small,EMEA,2004-11-17,2004-11,81.89999999999999,-1744.1599999999994,-0.9380028395645997
10346,24,87.24,5,2093.76,11/29/2004 0:00,Shipped,4,11,2004,Classic Cars,117,S24_2887,Signal Gift Stores,Las Vegas,NV,USA,Small,North America,2004-11-29,2004-11,81.89999999999999,128.1600000000003,0.061210453920220224
10368,31,100.0,5,4223.13,1/19/2005 0:00,Shipped,1,1,2005,Classic Cars,117,S24_2887,Mini Gifts Distributors Ltd.,San Rafael,CA,USA,Medium,North America,2005-01-19,2005-01,81.89999999999999,1684.2300000000005,0.39881083461792566
10380,44,36.29,7,1596.76,2/16/2005 0:00,Shipped,1,2,2005,Classic Cars,117,S24_2887,Euro Shopping Channel,Madrid,,Spain,Small,EMEA,2005-02-16,2005-02,81.89999999999999,-2006.8399999999995,-1.2568200606227609
10407,59,98.65,5,5820.35,4/22/2005 0:00,On Hold,2,4,2005,Classic Cars,117,S24_2887,The Sharp Gifts Warehouse,San Jose,CA,USA,Medium,North America,2005-04-22,2005-04,81.89999999999999,988.2500000000009,0.169792194627471
10420,55,96.3,8,5296.5,5/29/2005 0:00,In Process,2,5,2005,Classic Cars,117,S24_2887,Souveniers And Things Co.,Chatswood,NSW,Australia,Medium,APAC,2005-05-29,2005-05,81.89999999999999,792.0000000000009,0.14953271028037401
10109,29,32.1,6,930.9,3/10/2003 0:00,Shipped,1,3,2003,Classic Cars,37,S24_2972,Motor Mint Distributors Inc.,Philadelphia,PA,USA,Small,North America,2003-03-10,2003-03,25.9,179.80000000000007,0.19314641744548294
10122,39,30.96,4,1207.44,5/8/2003 0:00,Shipped,2,5,2003,Classic Cars,37,S24_2972,Marseille Mini Autos,Marseille,,France,Small,EMEA,2003-05-08,2003-05,25.9,197.34000000000015,0.16343669250646006
10135,20,35.87,1,717.4,7/2/2003 0:00,Shipped,3,7,2003,Classic Cars,37,S24_2972,Mini Gifts Distributors Ltd.,San Rafael,CA,USA,Small,North America,2003-07-02,2003-07,25.9,199.39999999999998,0.2779481460830778
10147,25,42.67,1,1066.75,9/5/2003 0:00,Shipped,3,9,2003,Classic Cars,37,S24_2972,Collectables For Less Inc.,Brickhaven,MA,USA,Small,North America,2003-09-05,2003-09,25.9,419.25,0.393016170611671
10160,42,37.0,2,1554.0,10/11/2003 0:00,Shipped,4,10,2003,Classic Cars,37,S24_2972,"Men 'R' US Retailers, Ltd.",Los Angeles,CA,USA,Small,North America,2003-10-11,2003-10,25.9,466.20000000000005,0.30000000000000004
10171,36,35.49,4,1277.64,11/5/2003 0:00,Shipped,4,11,2003,Classic Cars,37,S24_2972,Quebec Home Shopping Network,Montreal,Quebec,Canada,Small,North America,2003-11-05,2003-11,25.9,345.2400000000001,0.2702169625246549
10181,37,42.67,8,1578.79,11/12/2003 0:00,Shipped,4,11,2003,Classic Cars,37,S24_2972,Herkku Gifts,Bergen,,Norway,Small,EMEA,2003-11-12,2003-11,25.9,620.49,0.393016170611671
10192,30,30.59,13,917.7,11/20/2003 0:00,Shipped,4,11,2003,Classic Cars,37,S24_2972,Online Diecast Creations Co.,Nashua,NH,USA,Small,North America,2003-11-20,2003-11,25.9,140.70000000000005,0.1533180778032037
10203,21,37.0,2,777.0,12/2/2003 0:00,Shipped,4,12,2003,Classic Cars,37,S24_2972,Euro Shopping Channel,Madrid,,Spain,Small,EMEA,2003-12-02,2003-12,25.9,233.10000000000002,0.30000000000000004
10212,34,43.42,12,1476.28,1/16/2004 0:00,Shipped,1,1,2004,Classic Cars,37,S24_2972,Euro Shopping Channel,Madrid,,Spain,Small,EMEA,2004-01-16,2004-01,25.9,595.6800000000001,0.4035006909258407
10225,42,36.63,3,1538.46,2/22/2004 0:00,Shipped,1,2,2004,Classic Cars,37,S24_2972,"Vida Sport, Ltd",Gensve,,Switzerland,Small,EMEA,2004-02-22,2004-02,25.9,450.6600000000001,0.292929292929293
10239,20,44.56,2,891.2,4/12/2004 0:00,Shipped,2,4,2004,Classic Cars,37,S24_2972,"Oulu Toy Supplies, Inc.",Oulu,,Finland,Small,EMEA,2004-04-12,2004-04,25.9,373.20000000000005,0.4187612208258528
10253,40,42.67,7,1706.8,6/1/2004 0:00,Cancelled,2,6,2004,Classic Cars,37,S24_2972,"UK Collectables, Ltd.",Liverpool,,UK,Small,EMEA,2004-06-01,2004-06,25.9,670.8,0.39301617061167093
10266,34,40.4,8,1373.6,7/6/2004 0:00,Shipped,3,7,2004,Classic Cars,37,S24_2972,L'ordine Souveniers,Reggio Emilia,,Italy,Small,EMEA,2004-07-06,2004-07,25.9,493.0,0.35891089108910895
10278,31,38.89,8,1205.59,8/6/2004 0:00,Shipped,3,8,2004,Classic Cars,37,S24_2972,Signal Gift Stores,Las Vegas,NV,USA,Small,North America,2004-08-06,2004-08,25.9,402.68999999999994,0.3340190280277706
10287,36,39.65,6,1427.4,8/30/2004 0:00,Shipped,3,8,2004,Classic Cars,37,S24_2972,"Vida Sport, Ltd",Gensve,,Switzerland,Small,EMEA,2004-08-30,2004-08,25.9,495.0000000000001,0.34678436317780587
10301,48,34.36,10,1649.28,10/5/2003 0:00,Shipped,4,10,2003,Classic Cars,37,S24_2972,"Norway Gifts By Mail, Co.",Oslo,,Norway,Small,EMEA,2003-10-05,2003-10,25.9,406.08000000000015,0.24621653084982548
10310,33,41.91,4,1383.03,10/16/2004 0:00,Shipped,4,10,2004,Classic Cars,37,S24_2972,"Toms Spezialitten, Ltd",Koln,,Germany,Small,EMEA,2004-10-16,2004-10,25.9,528.33,0.3820090670484372
10321,37,33.23,12,1229.51,11/4/2004 0:00,Shipped,4,11,2004,Classic Cars,37,S24_2972,FunGiftIdeas.com,New Bedford,MA,USA,Small,North America,2004-11-04,2004-11,25.9,271.21000000000004,0.2205838098104123
10331,27,42.24,13,1140.48,11/17/2004 0:00,Shipped,4,11,2004,Classic Cars,37,S24_2972,Motor Mint Distributors Inc.,Philadelphia,PA,USA,Small,North America,2004-11-17,2004-11,25.9,441.18000000000006,0.38683712121212127
10342,39,40.4,9,1575.6,11/24/2004 0:00,Shipped,4,11,2004,Classic Cars,37,S24_2972,"Australian Collectors, Co.",Melbourne,Victoria,Australia,Small,APAC,2004-11-24,2004-11,25.9,565.5,0.35891089108910895
10355,36,38.52,4,1386.72,12/7/2004 0:00,Shipped,4,12,2004,Classic Cars,37,S24_2972,Euro Shopping Channel,Madrid,,Spain,Small,EMEA,2004-12-07,2004-12,25.9,454.32000000000005,0.3276220145379024
10367,36,100.0,2,5018.4,1/12/2005 0:00,Resolved,1,1,2005,Classic Cars,37,S24_2972,Toys4GrownUps.com,Pasadena,CA,USA,Medium,North America,2005-01-12,2005-01,25.9,4085.9999999999995,0.8142037302725968
10378,41,100.0,7,5856.85,2/10/2005 0:00,Shipped,1,2,2005,Classic Cars,37,S24_2972,Euro Shopping Channel,Madrid,,Spain,Medium,EMEA,2005-02-10,2005-02,25.9,4794.950000000001,0.8186909345467274
10390,37,100.0,5,4894.73,3/4/2005 0:00,Shipped,1,3,2005,Classic Cars,37,S24_2972,Mini Gifts Distributors Ltd.,San Rafael,CA,USA,Medium,North America,2005-03-04,2005-03,25.9,3936.4299999999994,0.8042180058961372
10405,47,44.56,2,2094.32,4/14/2005 0:00,Shipped,2,4,2005,Classic Cars,37,S24_2972,Mini Caravy,Strasbourg,,France,Small,EMEA,2005-04-14,2005-04,25.9,877.0200000000002,0.4187612208258529
10419,15,42.67,7,640.05,5/17/2005 0:00,Shipped,2,5,2005,Classic Cars,37,S24_2972,Salzburg Collectables,Salzburg,,Austria,Small,EMEA,2005-05-17,2005-05,25.9,251.54999999999995,0.39301617061167093
10105,44,72.58,4,3193.52,2/11/2003 0:00,Shipped,1,2,2003,Vintage Cars,88,S24_3151,Danish Wholesale Imports,Kobenhavn,,Denmark,Medium,EMEA,2003-02-11,2003-02,61.599999999999994,483.12000000000035,0.15128134472306431
10119,35,87.62,13,3066.7,4/28/2003 0:00,Shipped,2,4,2003,Vintage Cars,88,S24_3151,Salzburg Collectables,Salzburg,,Austria,Medium,EMEA,2003-04-28,2003-04,61.599999999999994,910.6999999999998,0.29696416343300613
10129,41,94.71,4,3883.11,6/12/2003 0:00,Shipped,2,6,2003,Vintage Cars,88,S24_3151,"Stylish Desk Decors, Co.",London,,UK,Medium,EMEA,2003-06-12,2003-06,61.599999999999994,1357.5100000000002,0.3495934959349594
10142,49,98.25,1,4814.25,8/8/2003 0:00,Shipped,3,8,2003,Vintage Cars,88,S24_3151,Mini Gifts Distributors Ltd.,San Rafael,CA,USA,Medium,North America,2003-08-08,2003-08,61.599999999999994,1795.8500000000004,0.373027989821883
10154,31,91.17,2,2826.27,10/2/2003 0:00,Shipped,4,10,2003,Vintage Cars,88,S24_3151,Boards & Toys Co.,Glendale,CA,USA,Small,North America,2003-10-02,2003-10,61.599999999999994,916.6700000000001,0.32433914664911706
10167,20,79.66,11,1593.2,10/23/2003 0:00,Cancelled,4,10,2003,Vintage Cars,88,S24_3151,Scandinavian Gift Ideas,Boras,,Sweden,Small,EMEA,2003-10-23,2003-10,61.599999999999994,361.20000000000005,0.22671353251318105
10177,45,72.58,2,3266.1,11/7/2003 0:00,Shipped,4,11,2003,Vintage Cars,88,S24_3151,CAF Imports,Madrid,,Spain,Medium,EMEA,2003-11-07,2003-11,61.599999999999994,494.10000000000036,0.15128134472306431
10185,33,74.35,2,2453.55,11/14/2003 0:00,Shipped,4,11,2003,Vintage Cars,88,S24_3151,Mini Creations Ltd.,New Bedford,MA,USA,Small,North America,2003-11-14,2003-11,61.599999999999994,420.75000000000045,0.17148621385339627
10197,47,83.2,8,3910.4,11/26/2003 0:00,Shipped,4,11,2003,Vintage Cars,88,S24_3151,Enaco Distributors,Barcelona,,Spain,Medium,EMEA,2003-11-26,2003-11,61.599999999999994,1015.2000000000003,0.2596153846153847
10208,20,89.4,2,1788.0,1/2/2004 0:00,Shipped,1,1,2004,Vintage Cars,88,S24_3151,"Saveley & Henriot, Co.",Lyon,,France,Small,EMEA,2004-01-02,2004-01,61.599999999999994,556.0,0.31096196868008946
10222,47,70.81,14,3328.07,2/19/2004 0:00,Shipped,1,2,2004,Vintage Cars,88,S24_3151,Collectable Mini Designs Co.,San Diego,CA,USA,Medium,North America,2004-02-19,2004-02,61.599999999999994,432.87000000000035,0.13006637480581848
10233,40,94.71,2,3788.4,3/29/2004 0:00,Shipped,1,3,2004,Vintage Cars,88,S24_3151,Tekni Collectables Inc.,Newark,NJ,USA,Medium,North America,2004-03-29,2004-03,61.599999999999994,1324.4,0.34959349593495936
10248,30,100.0,5,3053.7,5/7/2004 0:00,Cancelled,2,5,2004,Vintage Cars,88,S24_3151,Land of Toys Inc.,NYC,NY,USA,Medium,North America,2004-05-07,2004-05,61.599999999999994,1205.7,0.39483249828077416
10261,22,91.17,3,2005.74,6/17/2004 0:00,Shipped,2,6,2004,Vintage Cars,88,S24_3151,Quebec Home Shopping Network,Montreal,Quebec,Canada,Small,North America,2004-06-17,2004-06,61.599999999999994,650.5400000000002,0.3243391466491171
10273,27,100.0,6,2796.12,7/21/2004 0:00,Shipped,3,7,2004,Vintage Cars,88,S24_3151,Petit Auto,Bruxelles,,Belgium,Small,EMEA,2004-07-21,2004-07,61.599999999999994,1132.92,0.40517574353032065
10283,34,92.94,8,3159.96,8/20/2004 0:00,Shipped,3,8,2004,Vintage Cars,88,S24_3151,"Royal Canadian Collectables, Ltd.",Tsawassen,BC,Canada,Medium,North America,2004-08-20,2004-08,61.599999999999994,1065.5600000000004,0.3372068000860772
10295,46,84.97,3,3908.62,9/10/2004 0:00,Shipped,3,9,2004,Vintage Cars,88,S24_3151,Gifts4AllAges.com,Boston,MA,USA,Medium,North America,2004-09-10,2004-09,61.599999999999994,1075.02,0.2750382487936919
10306,31,84.08,2,2606.48,10/14/2004 0:00,Shipped,4,10,2004,Vintage Cars,88,S24_3151,"AV Stores, Co.",Manchester,,UK,Small,EMEA,2004-10-14,2004-10,61.599999999999994,696.8800000000001,0.2673644148430067
10315,24,86.74,1,2081.76,10/29/2004 0:00,Shipped,4,10,2004,Vintage Cars,88,S24_3151,La Rochelle Gifts,Nantes,,France,Small,EMEA,2004-10-29,2004-10,61.599999999999994,603.3600000000004,0.2898316808854048
10326,41,85.85,3,3519.85,11/9/2004 0:00,Shipped,4,11,2004,Vintage Cars,88,S24_3151,"Volvo Model Replicas, Co",Lule,,Sweden,Medium,EMEA,2004-11-09,2004-11,61.599999999999994,994.25,0.2824694234129295
10339,55,100.0,13,10758.0,11/23/2004 0:00,Shipped,4,11,2004,Vintage Cars,88,S24_3151,"Tokyo Collectables, Ltd",Minato-ku,Tokyo,Japan,Large,Japan,2004-11-23,2004-11,61.599999999999994,7370.0,0.6850715746421268
10350,30,100.0,9,3021.0,12/2/2004 0:00,Shipped,4,12,2004,Vintage Cars,88,S24_3151,Euro Shopping Channel,Madrid,,Spain,Medium,EMEA,2004-12-02,2004-12,61.599999999999994,1173.0000000000002,0.38828202581926524
10373,33,57.32,12,1891.56,1/31/2005 0:00,Shipped,1,1,2005,Vintage Cars,88,S24_3151,"Oulu Toy Supplies, Inc.",Oulu,,Finland,Small,EMEA,2005-01-31,2005-01,61.599999999999994,-141.23999999999978,-0.07466852756454978
10384,43,97.87,2,4208.41,2/23/2005 0:00,Shipped,1,2,2005,Vintage Cars,88,S24_3151,Corporate Gift Ideas Co.,San Francisco,CA,USA,Medium,North America,2005-02-23,2005-02,61.599999999999994,1559.6100000000001,0.3705936446306325
10396,27,83.2,7,2246.4,3/23/2005 0:00,Shipped,1,3,2005,Vintage Cars,88,S24_3151,Mini Gifts Distributors Ltd.,San Rafael,CA,USA,Small,North America,2005-03-23,2005-03,61.599999999999994,583.2000000000003,0.25961538461538475
10414,60,100.0,5,6107.4,5/6/2005 0:00,On Hold,2,5,2005,Vintage Cars,88,S24_3151,Gifts4AllAges.com,Boston,MA,USA,Medium,North America,2005-05-06,2005-05,61.599999999999994,2411.4,0.39483249828077416
10110,27,73.62,12,1987.74,3/18/2003 0:00,Shipped,1,3,2003,Classic Cars,85,S24_3191,"AV Stores, Co.",Manchester,,UK,Small,EMEA,2003-03-18,2003-03,59.49999999999999,381.24000000000024,0.19179570768812834
10124,49,83.04,11,4068.96,5/21/2003 0:00,Shipped,2,5,2003,Classic Cars,85,S24_3191,Signal Gift Stores,Las Vegas,NV,USA,Medium,North America,2003-05-21,2003-05,59.49999999999999,1153.4600000000005,0.2834778420038537
10148,31,73.62,5,2282.22,9/11/2003 0:00,Shipped,3,9,2003,Classic Cars,85,S24_3191,"Anna's Decorations, Ltd",North Sydney,NSW,Australia,Small,APAC,2003-09-11,2003-09,59.49999999999999,437.72,0.19179570768812826
10161,20,77.05,4,1541.0,10/17/2003 0:00,Shipped,4,10,2003,Classic Cars,85,S24_3191,Heintze Collectables,Aaarhus,,Denmark,Small,EMEA,2003-10-17,2003-10,59.49999999999999,351.0000000000002,0.2277741726151851
10172,24,81.33,2,1951.92,11/5/2003 0:00,Shipped,4,11,2003,Classic Cars,85,S24_3191,Gift Depot Inc.,Bridgewater,CT,USA,Small,North America,2003-11-05,2003-11,59.49999999999999,523.9200000000003,0.2684126398622896
10182,33,94.17,15,3107.61,11/12/2003 0:00,Shipped,4,11,2003,Classic Cars,85,S24_3191,Mini Gifts Distributors Ltd.,San Rafael,CA,USA,Medium,North America,2003-11-12,2003-11,59.49999999999999,1144.1100000000004,0.36816395879791874
10192,32,72.77,3,2328.64,11/20/2003 0:00,Shipped,4,11,2003,Classic Cars,85,S24_3191,Online Diecast Creations Co.,Nashua,NH,USA,Small,North America,2003-11-20,2003-11,59.49999999999999,424.6400000000001,0.18235536622234444
10204,40,79.62,9,3184.8,12/2/2003 0:00,Shipped,4,12,2003,Classic Cars,85,S24_3191,Muscle Machine Inc,NYC,NY,USA,Medium,North America,2003-12-02,2003-12,59.49999999999999,804.8000000000006,0.252700326551118
10212,27,79.62,2,2149.74,1/16/2004 0:00,Shipped,1,1,2004,Classic Cars,85,S24_3191,Euro Shopping Channel,Madrid,,Spain,Small,EMEA,2004-01-16,2004-01,59.49999999999999,543.24,0.25270032655111785
10227,40,79.62,15,3184.8,3/2/2004 0:00,Shipped,1,3,2004,Classic Cars,85,S24_3191,"Saveley & Henriot, Co.",Lyon,,France,Medium,EMEA,2004-03-02,2004-03,59.49999999999999,804.8000000000006,0.252700326551118
10241,26,81.33,7,2114.58,4/13/2004 0:00,Shipped,2,4,2004,Classic Cars,85,S24_3191,Mini Caravy,Strasbourg,,France,Small,EMEA,2004-04-13,2004-04,59.49999999999999,567.5800000000002,0.2684126398622895
10267,44,96.74,4,4256.56,7/7/2004 0:00,Shipped,3,7,2004,Classic Cars,85,S24_3191,Muscle Machine Inc,NYC,NY,USA,Medium,North America,2004-07-07,2004-07,59.49999999999999,1638.5600000000009,0.38494934876989884
10279,33,71.06,4,2344.98,8/9/2004 0:00,Shipped,3,8,2004,Classic Cars,85,S24_3191,Euro Shopping Channel,Madrid,,Spain,Small,EMEA,2004-08-09,2004-08,59.49999999999999,381.48000000000025,0.16267942583732067
10288,34,68.49,10,2328.66,9/1/2004 0:00,Shipped,3,9,2004,Classic Cars,85,S24_3191,Handji Gifts& Co,Singapore,,Singapore,Small,APAC,2004-09-01,2004-09,59.49999999999999,305.6600000000001,0.1312600379617463
10302,48,74.48,6,3575.04,10/6/2003 0:00,Shipped,4,10,2003,Classic Cars,85,S24_3191,"UK Collectables, Ltd.",Liverpool,,UK,Medium,EMEA,2003-10-06,2003-10,59.49999999999999,719.0400000000004,0.2011278195488723
10311,25,83.04,5,2076.0,10/16/2004 0:00,Shipped,4,10,2004,Classic Cars,85,S24_3191,Euro Shopping Channel,Madrid,,Spain,Small,EMEA,2004-10-16,2004-10,59.49999999999999,588.5000000000002,0.2834778420038537
10321,39,84.75,2,3305.25,11/4/2004 0:00,Shipped,4,11,2004,Classic Cars,85,S24_3191,FunGiftIdeas.com,New Bedford,MA,USA,Medium,North America,2004-11-04,2004-11,59.49999999999999,984.7500000000005,0.2979351032448379
10332,45,34.19,12,1538.55,11/17/2004 0:00,Shipped,4,11,2004,Classic Cars,85,S24_3191,"AV Stores, Co.",Manchester,,UK,Small,EMEA,2004-11-17,2004-11,59.49999999999999,-1138.9499999999996,-0.7402749341912838
10346,24,100.0,2,3325.92,11/29/2004 0:00,Shipped,4,11,2004,Classic Cars,85,S24_3191,Signal Gift Stores,Las Vegas,NV,USA,Medium,North America,2004-11-29,2004-11,59.49999999999999,1897.9200000000003,0.5706451147351711
10368,46,79.62,1,3662.52,1/19/2005 0:00,Shipped,1,1,2005,Classic Cars,85,S24_3191,Mini Gifts Distributors Ltd.,San Rafael,CA,USA,Medium,North America,2005-01-19,2005-01,59.49999999999999,925.5200000000004,0.2527003265511179
10380,44,79.06,9,3478.64,2/16/2005 0:00,Shipped,1,2,2005,Classic Cars,85,S24_3191,Euro Shopping Channel,Madrid,,Spain,Medium,EMEA,2005-02-16,2005-02,59.49999999999999,860.6400000000003,0.24740703263344305
10407,13,81.33,7,1057.29,4/22/2005 0:00,On Hold,2,4,2005,Classic Cars,85,S24_3191,The Sharp Gifts Warehouse,San Jose,CA,USA,Small,North America,2005-04-22,2005-04,59.49999999999999,283.7900000000001,0.2684126398622895
10420,35,96.74,10,3385.9,5/29/2005 0:00,In Process,2,5,2005,Classic Cars,85,S24_3191,Souveniers And Things Co.,Chatswood,NSW,Australia,Medium,APAC,2005-05-29,2005-05,59.49999999999999,1303.4000000000005,0.38494934876989884
10108,30,63.07,5,1892.1,3/3/2003 0:00,Shipped,1,3,2003,Classic Cars,61,S24_3371,Cruz & Sons Co.,Makati City,,Philippines,Small,Japan,2003-03-03,2003-03,42.699999999999996,611.1000000000001,0.3229744728079912
10122,34,50.21,9,1707.14,5/8/2003 0:00,Shipped,2,5,2003,Classic Cars,61,S24_3371,Marseille Mini Autos,Marseille,,France,Small,EMEA,2003-05-08,2003-05,42.699999999999996,255.34000000000015,0.14957179844652468
10135,27,66.13,6,1785.51,7/2/2003 0:00,Shipped,3,7,2003,Classic Cars,61,S24_3371,Mini Gifts Distributors Ltd.,San Rafael,CA,USA,Small,North America,2003-07-02,2003-07,42.699999999999996,632.6100000000001,0.35430213216391965
10147,30,68.58,6,2057.4,9/5/2003 0:00,Shipped,3,9,2003,Classic Cars,61,S24_3371,Collectables For Less Inc.,Brickhaven,MA,USA,Small,North America,2003-09-05,2003-09,42.699999999999996,776.4000000000003,0.37736949547973186
10159,50,69.8,1,3490.0,10/10/2003 0:00,Shipped,4,10,2003,Classic Cars,61,S24_3371,Corporate Gift Ideas Co.,San Francisco,CA,USA,Medium,North America,2003-10-10,2003-10,42.699999999999996,1355.0,0.38825214899713467
10169,34,50.21,1,1707.14,11/4/2003 0:00,Shipped,4,11,2003,Classic Cars,61,S24_3371,"Anna's Decorations, Ltd",North Sydney,NSW,Australia,Small,APAC,2003-11-04,2003-11,42.699999999999996,255.34000000000015,0.14957179844652468
10181,23,65.52,13,1506.96,11/12/2003 0:00,Shipped,4,11,2003,Classic Cars,61,S24_3371,Herkku Gifts,Bergen,,Norway,Small,EMEA,2003-11-12,2003-11,42.699999999999996,524.8600000000001,0.3482905982905984
10191,48,60.01,2,2880.48,11/20/2003 0:00,Shipped,4,11,2003,Classic Cars,61,S24_3371,"Toms Spezialitten, Ltd",Koln,,Germany,Small,EMEA,2003-11-20,2003-11,42.699999999999996,830.8800000000001,0.28845192467922015
10203,34,64.9,7,2206.6,12/2/2003 0:00,Shipped,4,12,2003,Classic Cars,61,S24_3371,Euro Shopping Channel,Madrid,,Spain,Small,EMEA,2003-12-02,2003-12,42.699999999999996,754.8,0.3420647149460709
10211,48,48.98,1,2351.04,1/15/2004 0:00,Shipped,1,1,2004,Classic Cars,61,S24_3371,Auto Canal Petit,Paris,,France,Small,EMEA,2004-01-15,2004-01,42.699999999999996,301.44000000000005,0.12821559820334832
10225,24,50.21,8,1205.04,2/22/2004 0:00,Shipped,1,2,2004,Classic Cars,61,S24_3371,"Vida Sport, Ltd",Gensve,,Switzerland,Small,EMEA,2004-02-22,2004-02,42.699999999999996,180.24,0.1495717984465246
10238,47,62.45,2,2935.15,4/9/2004 0:00,Shipped,2,4,2004,Classic Cars,61,S24_3371,Danish Wholesale Imports,Kobenhavn,,Denmark,Small,EMEA,2004-04-09,2004-04,42.699999999999996,928.2500000000002,0.3162530024019216
10253,24,52.66,12,1263.84,6/1/2004 0:00,Cancelled,2,6,2004,Classic Cars,61,S24_3371,"UK Collectables, Ltd.",Liverpool,,UK,Small,EMEA,2004-06-01,2004-06,42.699999999999996,239.03999999999996,0.1891378655526016
10266,47,62.45,13,2935.15,7/6/2004 0:00,Shipped,3,7,2004,Classic Cars,61,S24_3371,L'ordine Souveniers,Reggio Emilia,,Italy,Small,EMEA,2004-07-06,2004-07,42.699999999999996,928.2500000000002,0.3162530024019216
10276,20,61.23,2,1224.6,8/2/2004 0:00,Shipped,3,8,2004,Classic Cars,61,S24_3371,Online Mini Collectables,Brickhaven,MA,USA,Small,North America,2004-08-02,2004-08,42.699999999999996,370.6,0.3026294300179651
10287,20,67.97,11,1359.4,8/30/2004 0:00,Shipped,3,8,2004,Classic Cars,61,S24_3371,"Vida Sport, Ltd",Gensve,,Switzerland,Small,EMEA,2004-08-30,2004-08,42.699999999999996,505.4000000000002,0.37178166838311033
10300,31,58.78,4,1822.18,10/4/2003 0:00,Shipped,4,10,2003,Classic Cars,61,S24_3371,"Blauer See Auto, Co.",Frankfurt,,Germany,Small,EMEA,2003-10-04,2003-10,42.699999999999996,498.48000000000025,0.2735624362027902
10310,38,56.94,9,2163.72,10/16/2004 0:00,Shipped,4,10,2004,Classic Cars,61,S24_3371,"Toms Spezialitten, Ltd",Koln,,Germany,Small,EMEA,2004-10-16,2004-10,42.699999999999996,541.1199999999999,0.25008781173164735
10320,26,61.23,2,1591.98,11/3/2004 0:00,Shipped,4,11,2004,Classic Cars,61,S24_3371,"Volvo Model Replicas, Co",Lule,,Sweden,Small,EMEA,2004-11-03,2004-11,42.699999999999996,481.7800000000002,0.30262943001796516
10331,25,100.0,9,3078.5,11/17/2004 0:00,Shipped,4,11,2004,Classic Cars,61,S24_3371,Motor Mint Distributors Inc.,Philadelphia,PA,USA,Medium,North America,2004-11-17,2004-11,42.699999999999996,2011.0,0.653240214390125
10342,48,62.45,10,2997.6,11/24/2004 0:00,Shipped,4,11,2004,Classic Cars,61,S24_3371,"Australian Collectors, Co.",Melbourne,Victoria,Australia,Small,APAC,2004-11-24,2004-11,42.699999999999996,948.0,0.31625300240192156
10355,44,62.45,6,2747.8,12/7/2004 0:00,Shipped,4,12,2004,Classic Cars,61,S24_3371,Euro Shopping Channel,Madrid,,Spain,Small,EMEA,2004-12-07,2004-12,42.699999999999996,869.0000000000005,0.31625300240192167
10363,21,100.0,15,2447.76,1/6/2005 0:00,Shipped,1,1,2005,Classic Cars,61,S24_3371,Suominen Souveniers,Espoo,,Finland,Small,EMEA,2005-01-06,2005-01,42.699999999999996,1551.0600000000004,0.6336650652024709
10378,46,41.54,6,1910.84,2/10/2005 0:00,Shipped,1,2,2005,Classic Cars,61,S24_3371,Euro Shopping Channel,Madrid,,Spain,Small,EMEA,2005-02-10,2005-02,42.699999999999996,-53.3599999999999,-0.02792489167067881
10390,46,52.84,6,2430.64,3/4/2005 0:00,Shipped,1,3,2005,Classic Cars,61,S24_3371,Mini Gifts Distributors Ltd.,San Rafael,CA,USA,Small,North America,2005-03-04,2005-03,42.699999999999996,466.44000000000005,0.19190007570022713
10419,55,52.66,12,2896.3,5/17/2005 0:00,Shipped,2,5,2005,Classic Cars,61,S24_3371,Salzburg Collectables,Salzburg,,Austria,Small,EMEA,2005-05-17,2005-05,42.699999999999996,547.8000000000006,0.1891378655526018
10106,31,52.6,14,1630.6,2/17/2003 0:00,Shipped,1,2,2003,Vintage Cars,65,S24_3420,Rovelli Gifts,Bergamo,,Italy,Small,EMEA,2003-02-17,2003-02,45.5,220.0999999999999,0.13498098859315585
10119,20,72.98,5,1459.6,4/28/2003 0:00,Shipped,2,4,2003,Vintage Cars,65,S24_3420,Salzburg Collectables,Salzburg,,Austria,Small,EMEA,2003-04-28,2003-04,45.5,549.5999999999999,0.376541518224171
10131,29,59.18,6,1716.22,6/16/2003 0:00,Shipped,2,6,2003,Vintage Cars,65,S24_3420,Gift Ideas Corp.,Glendale,CT,USA,Small,North America,2003-06-16,2003-06,45.5,396.72,0.23115917539709363
10143,33,77.59,9,2560.47,8/10/2003 0:00,Shipped,3,8,2003,Vintage Cars,65,S24_3420,Mini Creations Ltd.,New Bedford,MA,USA,Small,North America,2003-08-10,2003-08,45.5,1058.9699999999998,0.41358422477123336
10155,34,55.89,7,1900.26,10/6/2003 0:00,Shipped,4,10,2003,Vintage Cars,65,S24_3420,"Toys of Finland, Co.",Helsinki,,Finland,Small,EMEA,2003-10-06,2003-10,45.5,353.26,0.18590087672213276
10167,32,63.12,3,2019.84,10/23/2003 0:00,Cancelled,4,10,2003,Vintage Cars,65,S24_3420,Scandinavian Gift Ideas,Boras,,Sweden,Small,EMEA,2003-10-23,2003-10,45.5,563.8399999999999,0.2791508238276299
10178,27,73.64,6,1988.28,11/8/2003 0:00,Shipped,4,11,2003,Vintage Cars,65,S24_3420,Alpha Cognac,Toulouse,,France,Small,EMEA,2003-11-08,2003-11,45.5,759.78,0.3821292775665399
10186,21,69.04,3,1449.84,11/14/2003 0:00,Shipped,4,11,2003,Vintage Cars,65,S24_3420,"Double Decker Gift Stores, Ltd",London,,UK,Small,EMEA,2003-11-14,2003-11,45.5,494.3399999999999,0.3409617612977983
10198,27,71.67,6,1935.09,11/27/2003 0:00,Shipped,4,11,2003,Vintage Cars,65,S24_3420,Cruz & Sons Co.,Makati City,,Philippines,Small,Japan,2003-11-27,2003-11,45.5,706.5899999999999,0.36514580717175943
10209,36,77.59,2,2793.24,1/9/2004 0:00,Shipped,1,1,2004,Vintage Cars,65,S24_3420,"Men 'R' US Retailers, Ltd.",Los Angeles,CA,USA,Small,North America,2004-01-09,2004-01,45.5,1155.2399999999998,0.41358422477123336
10222,43,70.35,6,3025.05,2/19/2004 0:00,Shipped,1,2,2004,Vintage Cars,65,S24_3420,Collectable Mini Designs Co.,San Diego,CA,USA,Medium,North America,2004-02-19,2004-02,45.5,1068.5500000000002,0.3532338308457712
10249,25,69.7,2,1742.5,5/8/2004 0:00,Shipped,2,5,2004,Vintage Cars,65,S24_3420,Cambridge Collectables Co.,Cambridge,MA,USA,Small,North America,2004-05-08,2004-05,45.5,605.0,0.3472022955523673
10262,46,70.35,11,3236.1,6/24/2004 0:00,Cancelled,2,6,2004,Vintage Cars,65,S24_3420,Euro Shopping Channel,Madrid,,Spain,Medium,EMEA,2004-06-24,2004-06,45.5,1143.1,0.35323383084577115
10274,24,72.33,3,1735.92,7/21/2004 0:00,Shipped,3,7,2004,Vintage Cars,65,S24_3420,Collectables For Less Inc.,Brickhaven,MA,USA,Small,North America,2004-07-21,2004-07,45.5,643.9200000000001,0.37093875293792344
10284,39,71.67,13,2795.13,8/21/2004 0:00,Shipped,3,8,2004,Vintage Cars,65,S24_3420,"Norway Gifts By Mail, Co.",Oslo,,Norway,Small,EMEA,2004-08-21,2004-08,45.5,1020.6300000000001,0.3651458071717595
10296,31,53.92,9,1671.52,9/15/2004 0:00,Shipped,3,9,2004,Vintage Cars,65,S24_3420,"Bavarian Collectables Imports, Co.",Munich,,Germany,Small,EMEA,2004-09-15,2004-09,45.5,261.02,0.15615727002967358
10307,22,71.67,3,1576.74,10/14/2004 0:00,Shipped,4,10,2004,Vintage Cars,65,S24_3420,"Classic Gift Ideas, Inc",Philadelphia,PA,USA,Small,North America,2004-10-14,2004-10,45.5,575.74,0.3651458071717595
10316,47,76.93,11,3615.71,11/1/2004 0:00,Shipped,4,11,2004,Vintage Cars,65,S24_3420,giftsbymail.co.uk,Cowes,Isle of Wight,UK,Medium,EMEA,2004-11-01,2004-11,45.5,1477.21,0.4085532302092812
10328,20,72.98,2,1459.6,11/12/2004 0:00,Shipped,4,11,2004,Vintage Cars,65,S24_3420,Rovelli Gifts,Bergamo,,Italy,Small,EMEA,2004-11-12,2004-11,45.5,549.5999999999999,0.376541518224171
10339,29,99.69,14,2891.01,11/23/2004 0:00,Shipped,4,11,2004,Vintage Cars,65,S24_3420,"Tokyo Collectables, Ltd",Minato-ku,Tokyo,Japan,Small,Japan,2004-11-23,2004-11,45.5,1571.5100000000002,0.5435851138529442
10351,38,68.38,4,2598.44,12/3/2004 0:00,Shipped,4,12,2004,Vintage Cars,65,S24_3420,"Stylish Desk Decors, Co.",London,,UK,Small,EMEA,2004-12-03,2004-12,45.5,869.44,0.3346007604562738
10361,34,100.0,6,3871.92,12/17/2004 0:00,Shipped,4,12,2004,Vintage Cars,65,S24_3420,Souveniers And Things Co.,Chatswood,NSW,Australia,Medium,APAC,2004-12-17,2004-12,45.5,2324.92,0.6004566210045662
10373,46,66.0,11,3036.0,1/31/2005 0:00,Shipped,1,1,2005,Vintage Cars,65,S24_3420,"Oulu Toy Supplies, Inc.",Oulu,,Finland,Medium,EMEA,2005-01-31,2005-01,45.5,943.0,0.3106060606060606
10386,35,63.76,9,2231.6,3/1/2005 0:00,Resolved,1,3,2005,Vintage Cars,65,S24_3420,Euro Shopping Channel,Madrid,,Spain,Small,EMEA,2005-03-01,2005-03,45.5,639.0999999999999,0.2863864491844416
10398,34,71.67,13,2436.78,3/30/2005 0:00,Shipped,1,3,2005,Vintage Cars,65,S24_3420,Reims Collectables,Reims,,France,Small,EMEA,2005-03-30,2005-03,45.5,889.7800000000002,0.3651458071717595
10400,38,57.2,3,2173.6,4/1/2005 0:00,Shipped,2,4,2005,Vintage Cars,65,S24_3420,The Sharp Gifts Warehouse,San Jose,CA,USA,Small,North America,2005-04-01,2005-04,45.5,444.5999999999999,0.2045454545454545
10415,18,69.7,2,1254.6,5/9/2005 0:00,Disputed,2,5,2005,Vintage Cars,65,S24_3420,"Australian Collectables, Ltd",Glen Waverly,Victoria,Australia,Small,APAC,2005-05-09,2005-05,45.5,435.5999999999999,0.34720229555236726
10110,37,100.0,14,3724.42,3/18/2003 0:00,Shipped,1,3,2003,Classic Cars,107,S24_3432,"AV Stores, Co.",Manchester,,UK,Medium,EMEA,2003-03-18,2003-03,74.89999999999999,953.1200000000003,0.2559109874826148
10124,43,100.0,13,5203.0,5/21/2003 0:00,Shipped,2,5,2003,Classic Cars,107,S24_3432,Signal Gift Stores,Las Vegas,NV,USA,Medium,North America,2003-05-21,2003-05,74.89999999999999,1982.3000000000002,0.3809917355371901
10148,27,100.0,7,3469.5,9/11/2003 0:00,Shipped,3,9,2003,Classic Cars,107,S24_3432,"Anna's Decorations, Ltd",North Sydney,NSW,Australia,Medium,APAC,2003-09-11,2003-09,74.89999999999999,1447.2000000000003,0.41712062256809346
10161,30,100.0,6,3148.2,10/17/2003 0:00,Shipped,4,10,2003,Classic Cars,107,S24_3432,Heintze Collectables,Aaarhus,,Denmark,Medium,EMEA,2003-10-17,2003-10,74.89999999999999,901.2000000000003,0.28625881456070146
10172,22,98.51,4,2167.22,11/5/2003 0:00,Shipped,4,11,2003,Classic Cars,107,S24_3432,Gift Depot Inc.,Bridgewater,CT,USA,Small,North America,2003-11-05,2003-11,74.89999999999999,519.4200000000001,0.23967109938077358
10182,49,100.0,17,6244.07,11/12/2003 0:00,Shipped,4,11,2003,Classic Cars,107,S24_3432,Mini Gifts Distributors Ltd.,San Rafael,CA,USA,Medium,North America,2003-11-12,2003-11,74.89999999999999,2573.9700000000003,0.41222632033273177
10192,46,100.0,5,5566.0,11/20/2003 0:00,Shipped,4,11,2003,Classic Cars,107,S24_3432,Online Diecast Creations Co.,Nashua,NH,USA,Medium,North America,2003-11-20,2003-11,74.89999999999999,2120.6000000000004,0.3809917355371901
10204,48,91.02,11,4368.96,12/2/2003 0:00,Shipped,4,12,2003,Classic Cars,107,S24_3432,Muscle Machine Inc,NYC,NY,USA,Medium,North America,2003-12-02,2003-12,74.89999999999999,773.7600000000002,0.17710393320149423
10212,46,87.81,4,4039.26,1/16/2004 0:00,Shipped,1,1,2004,Classic Cars,107,S24_3432,Euro Shopping Channel,Madrid,,Spain,Medium,EMEA,2004-01-16,2004-01,74.89999999999999,593.8600000000006,0.1470219792734314
10226,48,92.09,2,4420.32,2/26/2004 0:00,Shipped,1,2,2004,Classic Cars,107,S24_3432,Collectable Mini Designs Co.,San Diego,CA,USA,Medium,North America,2004-02-26,2004-02,74.89999999999999,825.1199999999999,0.18666521880768813
10241,27,86.73,9,2341.71,4/13/2004 0:00,Shipped,2,4,2004,Classic Cars,107,S24_3432,Mini Caravy,Strasbourg,,France,Small,EMEA,2004-04-13,2004-04,74.89999999999999,319.4100000000003,0.13640032284100093
10267,43,100.0,6,5110.98,7/7/2004 0:00,Shipped,3,7,2004,Classic Cars,107,S24_3432,Muscle Machine Inc,NYC,NY,USA,Medium,North America,2004-07-07,2004-07,74.89999999999999,1890.2799999999997,0.3698468786808009
10279,48,100.0,6,6168.0,8/9/2004 0:00,Shipped,3,8,2004,Classic Cars,107,S24_3432,Euro Shopping Channel,Madrid,,Spain,Medium,EMEA,2004-08-09,2004-08,74.89999999999999,2572.8,0.4171206225680934
10288,41,100.0,12,4873.26,9/1/2004 0:00,Shipped,3,9,2004,Classic Cars,107,S24_3432,Handji Gifts& Co,Singapore,,Singapore,Medium,APAC,2004-09-01,2004-09,74.89999999999999,1802.3600000000006,0.36984687868080107
10301,22,96.37,2,2120.14,10/5/2003 0:00,Shipped,4,10,2003,Classic Cars,107,S24_3432,"Norway Gifts By Mail, Co.",Oslo,,Norway,Small,EMEA,2003-10-05,2003-10,74.89999999999999,472.34000000000015,0.22278717443187723
10311,46,92.09,7,4236.14,10/16/2004 0:00,Shipped,4,10,2004,Classic Cars,107,S24_3432,Euro Shopping Channel,Madrid,,Spain,Medium,EMEA,2004-10-16,2004-10,74.89999999999999,790.7400000000007,0.18666521880768827
10321,21,89.95,4,1888.95,11/4/2004 0:00,Shipped,4,11,2004,Classic Cars,107,S24_3432,FunGiftIdeas.com,New Bedford,MA,USA,Small,North America,2004-11-04,2004-11,74.89999999999999,316.0500000000002,0.16731517509727636
10332,31,37.18,13,1152.58,11/17/2004 0:00,Shipped,4,11,2004,Classic Cars,107,S24_3432,"AV Stores, Co.",Manchester,,UK,Small,EMEA,2004-11-17,2004-11,74.89999999999999,-1169.3199999999997,-1.0145239376008606
10346,26,95.88,6,2492.88,11/29/2004 0:00,Shipped,4,11,2004,Classic Cars,107,S24_3432,Signal Gift Stores,Las Vegas,NV,USA,Small,North America,2004-11-29,2004-11,74.89999999999999,545.4800000000002,0.21881518564872768
10368,20,99.58,4,1991.6,1/19/2005 0:00,Shipped,1,1,2005,Classic Cars,107,S24_3432,Mini Gifts Distributors Ltd.,San Rafael,CA,USA,Small,North America,2005-01-19,2005-01,74.89999999999999,493.60000000000014,0.24784093191403905
10380,34,100.0,11,3953.18,2/16/2005 0:00,Shipped,1,2,2005,Classic Cars,107,S24_3432,Euro Shopping Channel,Madrid,,Spain,Medium,EMEA,2005-02-16,2005-02,74.89999999999999,1406.58,0.35580975316074653
10407,43,86.73,9,3729.39,4/22/2005 0:00,On Hold,2,4,2005,Classic Cars,107,S24_3432,The Sharp Gifts Warehouse,San Jose,CA,USA,Medium,North America,2005-04-22,2005-04,74.89999999999999,508.69000000000005,0.13640032284100082
10420,26,100.0,12,2617.16,5/29/2005 0:00,In Process,2,5,2005,Classic Cars,107,S24_3432,Souveniers And Things Co.,Chatswood,NSW,Australia,Small,APAC,2005-05-29,2005-05,74.89999999999999,669.76,0.25591098748261476
10105,50,79.67,1,3983.5,2/11/2003 0:00,Shipped,1,2,2003,Vintage Cars,83,S24_3816,Danish Wholesale Imports,Kobenhavn,,Denmark,Medium,EMEA,2003-02-11,2003-02,58.099999999999994,1078.5000000000005,0.2707418099661103
10119,35,90.57,10,3169.95,4/28/2003 0:00,Shipped,2,4,2003,Vintage Cars,83,S24_3816,Salzburg Collectables,Salzburg,,Austria,Medium,EMEA,2003-04-28,2003-04,58.099999999999994,1136.45,0.3585072319752678
10129,50,77.99,1,3899.5,6/12/2003 0:00,Shipped,2,6,2003,Vintage Cars,83,S24_3816,"Stylish Desk Decors, Co.",London,,UK,Medium,EMEA,2003-06-12,2003-06,58.099999999999994,994.5000000000005,0.25503269649955135
10143,23,80.51,14,1851.73,8/10/2003 0:00,Shipped,3,8,2003,Vintage Cars,83,S24_3816,Mini Creations Ltd.,New Bedford,MA,USA,Small,North America,2003-08-10,2003-08,58.099999999999994,515.4300000000001,0.27835051546391754
10155,37,67.93,12,2513.41,10/6/2003 0:00,Shipped,4,10,2003,Vintage Cars,83,S24_3816,"Toys of Finland, Co.",Helsinki,,Finland,Small,EMEA,2003-10-06,2003-10,58.099999999999994,363.71000000000004,0.14470778742823498
10167,29,83.86,8,2431.94,10/23/2003 0:00,Cancelled,4,10,2003,Vintage Cars,83,S24_3816,Scandinavian Gift Ideas,Boras,,Sweden,Small,EMEA,2003-10-23,2003-10,58.099999999999994,747.0400000000002,0.30717863105175297
10178,21,72.12,11,1514.52,11/8/2003 0:00,Shipped,4,11,2003,Vintage Cars,83,S24_3816,Alpha Cognac,Toulouse,,France,Small,EMEA,2003-11-08,2003-11,58.099999999999994,294.4200000000001,0.19439822518025518
10186,36,85.54,8,3079.44,11/14/2003 0:00,Shipped,4,11,2003,Vintage Cars,83,S24_3816,"Double Decker Gift Stores, Ltd",London,,UK,Medium,EMEA,2003-11-14,2003-11,58.099999999999994,987.8400000000001,0.3207855973813421
10197,22,86.38,5,1900.36,11/26/2003 0:00,Shipped,4,11,2003,Vintage Cars,83,S24_3816,Enaco Distributors,Barcelona,,Spain,Small,EMEA,2003-11-26,2003-11,58.099999999999994,622.1600000000001,0.32739059967585094
10209,22,89.73,7,1974.06,1/9/2004 0:00,Shipped,1,1,2004,Vintage Cars,83,S24_3816,"Men 'R' US Retailers, Ltd.",Los Angeles,CA,USA,Small,North America,2004-01-09,2004-01,58.099999999999994,695.8600000000001,0.3525019502953305
10222,46,80.51,11,3703.46,2/19/2004 0:00,Shipped,1,2,2004,Vintage Cars,83,S24_3816,Collectable Mini Designs Co.,San Diego,CA,USA,Medium,North America,2004-02-19,2004-02,58.099999999999994,1030.8600000000001,0.27835051546391754
10248,23,76.31,2,1755.13,5/7/2004 0:00,Cancelled,2,5,2004,Vintage Cars,83,S24_3816,Land of Toys Inc.,NYC,NY,USA,Small,North America,2004-05-07,2004-05,58.099999999999994,418.83000000000015,0.23863189621281622
10262,49,87.21,16,4273.29,6/24/2004 0:00,Cancelled,2,6,2004,Vintage Cars,83,S24_3816,Euro Shopping Channel,Madrid,,Spain,Medium,EMEA,2004-06-24,2004-06,58.099999999999994,1426.3900000000003,0.3337919963306961
10273,48,83.02,3,3984.96,7/21/2004 0:00,Shipped,3,7,2004,Vintage Cars,83,S24_3816,Petit Auto,Bruxelles,,Belgium,Medium,EMEA,2004-07-21,2004-07,58.099999999999994,1196.1600000000003,0.300168634064081
10283,33,72.96,5,2407.68,8/20/2004 0:00,Shipped,3,8,2004,Vintage Cars,83,S24_3816,"Royal Canadian Collectables, Ltd.",Tsawassen,BC,Canada,Small,North America,2004-08-20,2004-08,58.099999999999994,490.3800000000001,0.20367324561403516
10296,22,77.15,14,1697.3,9/15/2004 0:00,Shipped,3,9,2004,Vintage Cars,83,S24_3816,"Bavarian Collectables Imports, Co.",Munich,,Germany,Small,EMEA,2004-09-15,2004-09,58.099999999999994,419.10000000000014,0.24692158133506165
10307,22,91.41,8,2011.02,10/14/2004 0:00,Shipped,4,10,2004,Vintage Cars,83,S24_3816,"Classic Gift Ideas, Inc",Philadelphia,PA,USA,Small,North America,2004-10-14,2004-10,58.099999999999994,732.8200000000002,0.3644021441855378
10316,25,92.25,16,2306.25,11/1/2004 0:00,Shipped,4,11,2004,Vintage Cars,83,S24_3816,giftsbymail.co.uk,Cowes,Isle of Wight,UK,Small,EMEA,2004-11-01,2004-11,58.099999999999994,853.7500000000002,0.37018970189701905
10326,20,92.25,2,1845.0,11/9/2004 0:00,Shipped,4,11,2004,Vintage Cars,83,S24_3816,"Volvo Model Replicas, Co",Lule,,Sweden,Small,EMEA,2004-11-09,2004-11,58.099999999999994,683.0,0.370189701897019
10339,42,59.36,16,2493.12,11/23/2004 0:00,Shipped,4,11,2004,Vintage Cars,83,S24_3816,"Tokyo Collectables, Ltd",Minato-ku,Tokyo,Japan,Small,Japan,2004-11-23,2004-11,58.099999999999994,52.92000000000007,0.021226415094339653
10350,25,60.34,10,1508.5,12/2/2004 0:00,Shipped,4,12,2004,Vintage Cars,83,S24_3816,Euro Shopping Channel,Madrid,,Spain,Small,EMEA,2004-12-02,2004-12,58.099999999999994,56.00000000000023,0.03712296983758716
10373,23,100.0,10,2394.3,1/31/2005 0:00,Shipped,1,1,2005,Vintage Cars,83,S24_3816,"Oulu Toy Supplies, Inc.",Oulu,,Finland,Small,EMEA,2005-01-31,2005-01,58.099999999999994,1058.0000000000002,0.441882804995197
10385,37,85.54,2,3164.98,2/28/2005 0:00,Shipped,1,2,2005,Vintage Cars,83,S24_3816,Mini Gifts Distributors Ltd.,San Rafael,CA,USA,Medium,North America,2005-02-28,2005-02,58.099999999999994,1015.2800000000002,0.3207855973813421
10396,37,90.57,8,3351.09,3/23/2005 0:00,Shipped,1,3,2005,Vintage Cars,83,S24_3816,Mini Gifts Distributors Ltd.,San Rafael,CA,USA,Medium,North America,2005-03-23,2005-03,58.099999999999994,1201.3900000000003,0.35850723197526785
10400,42,72.96,8,3064.32,4/1/2005 0:00,Shipped,2,4,2005,Vintage Cars,83,S24_3816,The Sharp Gifts Warehouse,San Jose,CA,USA,Medium,North America,2005-04-01,2005-04,58.099999999999994,624.1200000000003,0.2036732456140352
10414,51,76.31,2,3891.81,5/6/2005 0:00,On Hold,2,5,2005,Vintage Cars,83,S24_3816,Gifts4AllAges.com,Boston,MA,USA,Medium,North America,2005-05-06,2005-05,58.099999999999994,928.71,0.23863189621281616
10108,40,100.0,1,5448.8,3/3/2003 0:00,Shipped,1,3,2003,Classic Cars,140,S24_3856,Cruz & Sons Co.,Makati City,,Philippines,Medium,Japan,2003-03-03,2003-03,98.0,1528.8000000000002,0.28057553956834536
10122,43,100.0,5,5494.97,5/8/2003 0:00,Shipped,2,5,2003,Classic Cars,140,S24_3856,Marseille Mini Autos,Marseille,,France,Medium,EMEA,2003-05-08,2003-05,98.0,1280.9700000000003,0.23311683230299715
10135,47,100.0,2,6336.07,7/2/2003 0:00,Shipped,3,7,2003,Classic Cars,140,S24_3856,Mini Gifts Distributors Ltd.,San Rafael,CA,USA,Medium,North America,2003-07-02,2003-07,98.0,1730.0699999999997,0.2730509606112306
10147,23,100.0,2,2906.97,9/5/2003 0:00,Shipped,3,9,2003,Classic Cars,140,S24_3856,Collectables For Less Inc.,Brickhaven,MA,USA,Small,North America,2003-09-05,2003-09,98.0,652.9699999999998,0.22462220112350656
10160,35,100.0,3,4767.7,10/11/2003 0:00,Shipped,4,10,2003,Classic Cars,140,S24_3856,"Men 'R' US Retailers, Ltd.",Los Angeles,CA,USA,Medium,North America,2003-10-11,2003-10,98.0,1337.6999999999998,0.2805755395683453
10170,34,100.0,1,3819.56,11/4/2003 0:00,Shipped,4,11,2003,Classic Cars,140,S24_3856,Mini Auto Werke,Graz,,Austria,Medium,EMEA,2003-11-04,2003-11,98.0,487.55999999999995,0.12764821078867722
10181,25,100.0,9,3861.75,11/12/2003 0:00,Shipped,4,11,2003,Classic Cars,140,S24_3856,Herkku Gifts,Bergen,,Norway,Medium,EMEA,2003-11-12,2003-11,98.0,1411.75,0.365572603094452
10192,45,100.0,14,6319.35,11/20/2003 0:00,Shipped,4,11,2003,Classic Cars,140,S24_3856,Online Diecast Creations Co.,Nashua,NH,USA,Medium,North America,2003-11-20,2003-11,98.0,1909.3500000000004,0.30214341664886424
10203,47,100.0,3,6996.42,12/2/2003 0:00,Shipped,4,12,2003,Classic Cars,140,S24_3856,Euro Shopping Channel,Madrid,,Spain,Medium,EMEA,2003-12-02,2003-12,98.0,2390.42,0.3416633078059922
10212,49,100.0,13,6949.67,1/16/2004 0:00,Shipped,1,1,2004,Classic Cars,140,S24_3856,Euro Shopping Channel,Madrid,,Spain,Medium,EMEA,2004-01-16,2004-01,98.0,2147.67,0.30903193964605513
10225,40,100.0,4,4550.0,2/22/2004 0:00,Shipped,1,2,2004,Classic Cars,140,S24_3856,"Vida Sport, Ltd",Gensve,,Switzerland,Medium,EMEA,2004-02-22,2004-02,98.0,630.0,0.13846153846153847
10239,29,100.0,3,4479.63,4/12/2004 0:00,Shipped,2,4,2004,Classic Cars,140,S24_3856,"Oulu Toy Supplies, Inc.",Oulu,,Finland,Medium,EMEA,2004-04-12,2004-04,98.0,1637.63,0.365572603094452
10253,39,100.0,8,5148.0,6/1/2004 0:00,Cancelled,2,6,2004,Classic Cars,140,S24_3856,"UK Collectables, Ltd.",Liverpool,,UK,Medium,EMEA,2004-06-01,2004-06,98.0,1326.0,0.25757575757575757
10266,24,100.0,9,2932.08,7/6/2004 0:00,Shipped,3,7,2004,Classic Cars,140,S24_3856,L'ordine Souveniers,Reggio Emilia,,Italy,Small,EMEA,2004-07-06,2004-07,98.0,580.0799999999999,0.19783907669640663
10278,25,100.0,9,3159.75,8/6/2004 0:00,Shipped,3,8,2004,Classic Cars,140,S24_3856,Signal Gift Stores,Las Vegas,NV,USA,Medium,North America,2004-08-06,2004-08,98.0,709.75,0.22462220112350662
10287,36,100.0,7,4297.32,8/30/2004 0:00,Shipped,3,8,2004,Classic Cars,140,S24_3856,"Vida Sport, Ltd",Gensve,,Switzerland,Medium,EMEA,2004-08-30,2004-08,98.0,769.3199999999997,0.17902320516042552
10301,50,100.0,11,7723.5,10/5/2003 0:00,Shipped,4,10,2003,Classic Cars,140,S24_3856,"Norway Gifts By Mail, Co.",Oslo,,Norway,Large,EMEA,2003-10-05,2003-10,98.0,2823.5,0.365572603094452
10310,45,100.0,5,5497.65,10/16/2004 0:00,Shipped,4,10,2004,Classic Cars,140,S24_3856,"Toms Spezialitten, Ltd",Koln,,Germany,Medium,EMEA,2004-10-16,2004-10,98.0,1087.6499999999996,0.1978390766964066
10321,26,100.0,13,4052.88,11/4/2004 0:00,Shipped,4,11,2004,Classic Cars,140,S24_3856,FunGiftIdeas.com,New Bedford,MA,USA,Medium,North America,2004-11-04,2004-11,98.0,1504.88,0.3713112650756993
10331,21,100.0,1,3135.93,11/17/2004 0:00,Shipped,4,11,2004,Classic Cars,140,S24_3856,Motor Mint Distributors Inc.,Philadelphia,PA,USA,Medium,North America,2004-11-17,2004-11,98.0,1077.9299999999998,0.3437353512355186
10342,42,100.0,6,5013.54,11/24/2004 0:00,Shipped,4,11,2004,Classic Cars,140,S24_3856,"Australian Collectors, Co.",Melbourne,Victoria,Australia,Medium,APAC,2004-11-24,2004-11,98.0,897.54,0.17902320516042555
10355,32,100.0,8,5302.72,12/7/2004 0:00,Shipped,4,12,2004,Classic Cars,140,S24_3856,Euro Shopping Channel,Madrid,,Spain,Medium,EMEA,2004-12-07,2004-12,98.0,2166.7200000000003,0.40860539496711124
10363,31,94.58,1,2931.98,1/6/2005 0:00,Shipped,1,1,2005,Classic Cars,140,S24_3856,Suominen Souveniers,Espoo,,Finland,Small,EMEA,2005-01-06,2005-01,98.0,-106.01999999999998,-0.03615986466483399
10378,33,53.27,3,1757.91,2/10/2005 0:00,Shipped,1,2,2005,Classic Cars,140,S24_3856,Euro Shopping Channel,Madrid,,Spain,Small,EMEA,2005-02-10,2005-02,98.0,-1476.09,-0.8396846254927726
10390,45,100.0,8,6763.05,3/4/2005 0:00,Shipped,1,3,2005,Classic Cars,140,S24_3856,Mini Gifts Distributors Ltd.,San Rafael,CA,USA,Medium,North America,2005-03-04,2005-03,98.0,2353.05,0.3479273404750815
10405,76,100.0,3,11739.7,4/14/2005 0:00,Shipped,2,4,2005,Classic Cars,140,S24_3856,Mini Caravy,Strasbourg,,France,Large,EMEA,2005-04-14,2005-04,98.0,4291.700000000001,0.36557152227058615
10419,70,100.0,8,9240.0,5/17/2005 0:00,Shipped,2,5,2005,Classic Cars,140,S24_3856,Salzburg Collectables,Salzburg,,Austria,Large,EMEA,2005-05-17,2005-05,98.0,2380.0,0.25757575757575757
10106,50,64.83,11,3241.5,2/17/2003 0:00,Shipped,1,2,2003,Planes,68,S24_3949,Rovelli Gifts,Bergamo,,Italy,Medium,EMEA,2003-02-17,2003-02,47.599999999999994,861.5000000000005,0.26577201912694753
10119,28,70.29,2,1968.12,4/28/2003 0:00,Shipped,2,4,2003,Planes,68,S24_3949,Salzburg Collectables,Salzburg,,Austria,Small,EMEA,2003-04-28,2003-04,47.599999999999994,635.3200000000002,0.32280551998861867
10131,50,81.89,3,4094.5,6/16/2003 0:00,Shipped,2,6,2003,Planes,68,S24_3949,Gift Ideas Corp.,Glendale,CT,USA,Medium,North America,2003-06-16,2003-06,47.599999999999994,1714.5000000000005,0.4187324459640983
10143,28,66.19,6,1853.32,8/10/2003 0:00,Shipped,3,8,2003,Planes,68,S24_3949,Mini Creations Ltd.,New Bedford,MA,USA,Small,North America,2003-08-10,2003-08,47.599999999999994,520.5200000000002,0.2808581356700409
10155,44,77.11,4,3392.84,10/6/2003 0:00,Shipped,4,10,2003,Planes,68,S24_3949,"Toys of Finland, Co.",Helsinki,,Finland,Medium,EMEA,2003-10-06,2003-10,47.599999999999994,1298.4400000000005,0.3827000389054599
10168,27,73.02,18,1971.54,10/28/2003 0:00,Shipped,4,10,2003,Planes,68,S24_3949,Technics Stores Inc.,Burlingame,CA,USA,Small,North America,2003-10-28,2003-10,47.599999999999994,686.3400000000001,0.348123801698165
10178,30,72.33,3,2169.9,11/8/2003 0:00,Shipped,4,11,2003,Planes,68,S24_3949,Alpha Cognac,Toulouse,,France,Small,EMEA,2003-11-08,2003-11,47.599999999999994,741.9000000000003,0.3419051569196738
10198,43,66.19,3,2846.17,11/27/2003 0:00,Shipped,4,11,2003,Planes,68,S24_3949,Cruz & Sons Co.,Makati City,,Philippines,Small,Japan,2003-11-27,2003-11,47.599999999999994,799.3700000000003,0.2808581356700409
10210,29,69.6,16,2018.4,1/12/2004 0:00,Shipped,1,1,2004,Planes,68,S24_3949,Osaka Souveniers Co.,Osaka,Osaka,Japan,Small,Japan,2004-01-12,2004-01,47.599999999999994,638.0000000000002,0.3160919540229886
10222,48,56.64,3,2718.72,2/19/2004 0:00,Shipped,1,2,2004,Planes,68,S24_3949,Collectable Mini Designs Co.,San Diego,CA,USA,Small,North America,2004-02-19,2004-02,47.599999999999994,433.9200000000001,0.15960451977401133
10235,33,60.05,12,1981.65,4/2/2004 0:00,Shipped,2,4,2004,Planes,68,S24_3949,"Royal Canadian Collectables, Ltd.",Tsawassen,BC,Canada,Small,North America,2004-04-02,2004-04,47.599999999999994,410.85000000000036,0.2073272273105747
10250,40,75.06,13,3002.4,5/11/2004 0:00,Shipped,2,5,2004,Planes,68,S24_3949,The Sharp Gifts Warehouse,San Jose,CA,USA,Medium,North America,2004-05-11,2004-05,47.599999999999994,1098.4000000000003,0.3658406608046897
10262,48,61.42,8,2948.16,6/24/2004 0:00,Cancelled,2,6,2004,Planes,68,S24_3949,Euro Shopping Channel,Madrid,,Spain,Small,EMEA,2004-06-24,2004-06,47.599999999999994,663.3600000000001,0.22500814067079133
10275,41,81.89,18,3357.49,7/23/2004 0:00,Shipped,3,7,2004,Planes,68,S24_3949,La Rochelle Gifts,Nantes,,France,Medium,EMEA,2004-07-23,2004-07,47.599999999999994,1405.89,0.41873244596409825
10284,21,55.96,10,1175.16,8/21/2004 0:00,Shipped,3,8,2004,Planes,68,S24_3949,"Norway Gifts By Mail, Co.",Oslo,,Norway,Small,EMEA,2004-08-21,2004-08,47.599999999999994,175.56000000000017,0.1493924231593997
10296,32,71.65,6,2292.8,9/15/2004 0:00,Shipped,3,9,2004,Planes,68,S24_3949,"Bavarian Collectables Imports, Co.",Munich,,Germany,Small,EMEA,2004-09-15,2004-09,47.599999999999994,769.6000000000004,0.33565945568736927
10308,43,76.43,16,3286.49,10/15/2004 0:00,Shipped,4,10,2004,Planes,68,S24_3949,Mini Classics,White Plains,NY,USA,Medium,North America,2004-10-15,2004-10,47.599999999999994,1239.69,0.37720790265602516
10316,30,77.79,8,2333.7,11/1/2004 0:00,Shipped,4,11,2004,Planes,68,S24_3949,giftsbymail.co.uk,Cowes,Isle of Wight,UK,Small,EMEA,2004-11-01,2004-11,47.599999999999994,905.7,0.38809615631829286
10328,35,76.43,3,2675.05,11/12/2004 0:00,Shipped,4,11,2004,Planes,68,S24_3949,Rovelli Gifts,Bergamo,,Italy,Small,EMEA,2004-11-12,2004-11,47.599999999999994,1009.0500000000004,0.3772079026560253
10339,45,96.92,11,4361.4,11/23/2004 0:00,Shipped,4,11,2004,Planes,68,S24_3949,"Tokyo Collectables, Ltd",Minato-ku,Tokyo,Japan,Medium,Japan,2004-11-23,2004-11,47.599999999999994,2219.4,0.5088732975650021
10351,34,59.37,3,2018.58,12/3/2004 0:00,Shipped,4,12,2004,Planes,68,S24_3949,"Stylish Desk Decors, Co.",London,,UK,Small,EMEA,2004-12-03,2004-12,47.599999999999994,400.18000000000006,0.19824827353882435
10361,26,100.0,7,3710.98,12/17/2004 0:00,Shipped,4,12,2004,Planes,68,S24_3949,Souveniers And Things Co.,Chatswood,NSW,Australia,Medium,APAC,2004-12-17,2004-12,47.599999999999994,2473.38,0.6665031878371751
10373,39,73.0,13,2847.0,1/31/2005 0:00,Shipped,1,1,2005,Planes,68,S24_3949,"Oulu Toy Supplies, Inc.",Oulu,,Finland,Small,EMEA,2005-01-31,2005-01,47.599999999999994,990.6000000000001,0.3479452054794521
10386,41,73.32,12,3006.12,3/1/2005 0:00,Resolved,1,3,2005,Planes,68,S24_3949,Euro Shopping Channel,Madrid,,Spain,Medium,EMEA,2005-03-01,2005-03,47.599999999999994,1054.5200000000002,0.3507910529187126
10398,41,68.24,2,2797.84,3/30/2005 0:00,Shipped,1,3,2005,Planes,68,S24_3949,Reims Collectables,Reims,,France,Small,EMEA,2005-03-30,2005-03,47.599999999999994,846.2400000000005,0.3024618991793671
10401,64,60.05,12,3843.2,4/3/2005 0:00,On Hold,2,4,2005,Planes,68,S24_3949,Tekni Collectables Inc.,Newark,NJ,USA,Medium,North America,2005-04-03,2005-04,47.599999999999994,796.8000000000002,0.20732722731057457
10416,18,75.06,13,1351.08,5/10/2005 0:00,Shipped,2,5,2005,Planes,68,S24_3949,L'ordine Souveniers,Reggio Emilia,,Italy,Small,EMEA,2005-05-10,2005-05,47.599999999999994,494.28,0.3658406608046896
10100,49,34.47,1,1689.03,1/6/2003 0:00,Shipped,1,1,2003,Vintage Cars,41,S24_3969,Online Diecast Creations Co.,Nashua,NH,USA,Small,North America,2003-01-06,2003-01,28.7,282.73,0.16739193501595592
10110,48,34.47,5,1654.56,3/18/2003 0:00,Shipped,1,3,2003,Vintage Cars,41,S24_3969,"AV Stores, Co.",Manchester,,UK,Small,EMEA,2003-03-18,2003-03,28.7,276.96000000000004,0.16739193501595592
10124,46,33.23,4,1528.58,5/21/2003 0:00,Shipped,2,5,2003,Vintage Cars,41,S24_3969,Signal Gift Stores,Las Vegas,NV,USA,Small,North America,2003-05-21,2003-05,28.7,208.37999999999988,0.1363226000601865
10149,26,38.98,9,1013.48,9/12/2003 0:00,Shipped,3,9,2003,Vintage Cars,41,S24_3969,Signal Collectibles Ltd.,Brisbane,CA,USA,Small,North America,2003-09-12,2003-09,28.7,267.2800000000001,0.26372498717290926
10162,37,38.98,7,1442.26,10/18/2003 0:00,Shipped,4,10,2003,Vintage Cars,41,S24_3969,Corporate Gift Ideas Co.,San Francisco,CA,USA,Small,North America,2003-10-18,2003-10,28.7,380.3600000000001,0.26372498717290926
10173,35,33.23,11,1163.05,11/5/2003 0:00,Shipped,4,11,2003,Vintage Cars,41,S24_3969,Rovelli Gifts,Bergamo,,Italy,Small,EMEA,2003-11-05,2003-11,28.7,158.54999999999995,0.13632260006018654
10182,23,42.26,8,971.98,11/12/2003 0:00,Shipped,4,11,2003,Vintage Cars,41,S24_3969,Mini Gifts Distributors Ltd.,San Rafael,CA,USA,Small,North America,2003-11-12,2003-11,28.7,311.88,0.32087079981069566
10193,22,41.03,12,902.66,11/21/2003 0:00,Shipped,4,11,2003,Vintage Cars,41,S24_3969,"Australian Collectables, Ltd",Glen Waverly,Victoria,Australia,Small,APAC,2003-11-21,2003-11,28.7,271.26,0.30051182061905923
10204,39,33.23,2,1295.97,12/2/2003 0:00,Shipped,4,12,2003,Vintage Cars,41,S24_3969,Muscle Machine Inc,NYC,NY,USA,Small,North America,2003-12-02,2003-12,28.7,176.67000000000007,0.13632260006018662
10214,44,34.88,5,1534.72,1/26/2004 0:00,Shipped,1,1,2004,Vintage Cars,41,S24_3969,"Corrida Auto Replicas, Ltd",Madrid,,Spain,Small,EMEA,2004-01-26,2004-01,28.7,271.9200000000001,0.17717889908256884
10227,27,43.9,8,1185.3,3/2/2004 0:00,Shipped,1,3,2004,Vintage Cars,41,S24_3969,"Saveley & Henriot, Co.",Lyon,,France,Small,EMEA,2004-03-02,2004-03,28.7,410.4,0.3462414578587699
10242,46,36.93,1,1698.78,4/20/2004 0:00,Shipped,2,4,2004,Vintage Cars,41,S24_3969,Microscale Inc.,NYC,NY,USA,Small,North America,2004-04-20,2004-04,28.7,378.5799999999999,0.22285404819929594
10280,33,41.85,14,1381.05,8/17/2004 0:00,Shipped,3,8,2004,Vintage Cars,41,S24_3969,Amica Models & Co.,Torino,,Italy,Small,EMEA,2004-08-17,2004-08,28.7,433.94999999999993,0.3142174432497013
10288,33,40.62,3,1340.46,9/1/2004 0:00,Shipped,3,9,2004,Vintage Cars,41,S24_3969,Handji Gifts& Co,Singapore,,Singapore,Small,APAC,2004-09-01,2004-09,28.7,393.36,0.29345150172328904
10303,24,40.21,1,965.04,10/6/2004 0:00,Shipped,4,10,2004,Vintage Cars,41,S24_3969,"Iberia Gift Imports, Corp.",Sevilla,,Spain,Small,EMEA,2004-10-06,2004-10,28.7,276.24,0.28624720218851035
10312,31,35.29,15,1093.99,10/21/2004 0:00,Shipped,4,10,2004,Vintage Cars,41,S24_3969,Mini Gifts Distributors Ltd.,San Rafael,CA,USA,Small,North America,2004-10-21,2004-10,28.7,204.29000000000008,0.18673845281949566
10332,41,77.24,14,3166.84,11/17/2004 0:00,Shipped,4,11,2004,Vintage Cars,41,S24_3969,"AV Stores, Co.",Manchester,,UK,Medium,EMEA,2004-11-17,2004-11,28.7,1990.14,0.628430864836872
10346,22,97.44,4,2143.68,11/29/2004 0:00,Shipped,4,11,2004,Vintage Cars,41,S24_3969,Signal Gift Stores,Las Vegas,NV,USA,Small,North America,2004-11-29,2004-11,28.7,1512.2799999999997,0.7054597701149424
10368,46,37.34,3,1717.64,1/19/2005 0:00,Shipped,1,1,2005,Vintage Cars,41,S24_3969,Mini Gifts Distributors Ltd.,San Rafael,CA,USA,Small,North America,2005-01-19,2005-01,28.7,397.44000000000005,0.23138725227637924
10380,43,95.03,12,4086.29,2/16/2005 0:00,Shipped,1,2,2005,Vintage Cars,41,S24_3969,Euro Shopping Channel,Madrid,,Spain,Medium,EMEA,2005-02-16,2005-02,28.7,2852.19,0.6979901083868252
10408,15,36.93,1,553.95,4/22/2005 0:00,Shipped,2,4,2005,Vintage Cars,41,S24_3969,"Tokyo Collectables, Ltd",Minato-ku,Tokyo,Japan,Small,Japan,2005-04-22,2005-04,28.7,123.45000000000005,0.22285404819929602
10420,15,43.49,3,652.35,5/29/2005 0:00,In Process,2,5,2005,Vintage Cars,41,S24_3969,Souveniers And Things Co.,Chatswood,NSW,Australia,Small,APAC,2005-05-29,2005-05,28.7,221.85000000000002,0.3400781788916993
10104,26,100.0,5,2921.62,1/31/2003 0:00,Shipped,1,1,2003,Classic Cars,118,S24_4048,Euro Shopping Channel,Madrid,,Spain,Small,EMEA,2003-01-31,2003-01,82.6,774.02,0.2649283616623654
10115,44,100.0,1,5568.64,4/4/2003 0:00,Shipped,2,4,2003,Classic Cars,118,S24_4048,Classic Legends Inc.,NYC,NY,USA,Medium,North America,2003-04-04,2003-04,82.6,1934.2400000000007,0.3473451327433629
10127,20,96.99,7,1939.8,6/3/2003 0:00,Shipped,2,6,2003,Classic Cars,118,S24_4048,Muscle Machine Inc,NYC,NY,USA,Small,North America,2003-06-03,2003-06,82.6,287.79999999999995,0.14836581090834106
10141,40,94.62,1,3784.8,8/1/2003 0:00,Shipped,3,8,2003,Classic Cars,118,S24_4048,Suominen Souveniers,Espoo,,Finland,Medium,EMEA,2003-08-01,2003-08,82.6,480.8000000000002,0.1270344536038893
10152,23,100.0,3,2802.09,9/25/2003 0:00,Shipped,3,9,2003,Classic Cars,118,S24_4048,"Australian Gift Network, Co",South Brisbane,Queensland,Australia,Small,APAC,2003-09-25,2003-09,82.6,902.2900000000002,0.3220060740375934
10165,24,99.36,8,2384.64,10/22/2003 0:00,Shipped,4,10,2003,Classic Cars,118,S24_4048,"Dragon Souveniers, Ltd.",Singapore,,Singapore,Small,Japan,2003-10-22,2003-10,82.6,402.24,0.16867954911433172
10176,29,100.0,7,2915.66,11/6/2003 0:00,Shipped,4,11,2003,Classic Cars,118,S24_4048,L'ordine Souveniers,Reggio Emilia,,Italy,Small,EMEA,2003-11-06,2003-11,82.6,520.2600000000002,0.178436443206684
10184,49,100.0,2,5795.72,11/14/2003 0:00,Shipped,4,11,2003,Classic Cars,118,S24_4048,"Iberia Gift Imports, Corp.",Sevilla,,Spain,Medium,EMEA,2003-11-14,2003-11,82.6,1748.3200000000006,0.30165708488332776
10195,34,100.0,2,3699.88,11/25/2003 0:00,Shipped,4,11,2003,Classic Cars,118,S24_4048,Mini Classics,White Plains,NY,USA,Medium,North America,2003-11-25,2003-11,82.6,891.4800000000005,0.24094835508178655
10207,28,100.0,3,2980.6,12/9/2003 0:00,Shipped,4,12,2003,Classic Cars,118,S24_4048,Diecast Collectables,Boston,MA,USA,Small,North America,2003-12-09,2003-12,82.6,667.8000000000002,0.22404884922498833
10220,37,100.0,7,5032.74,2/12/2004 0:00,Shipped,1,2,2004,Classic Cars,118,S24_4048,"Clover Collections, Co.",Dublin,,Ireland,Medium,EMEA,2004-02-12,2004-02,82.6,1976.54,0.3927363622996618
10230,45,100.0,5,4737.15,3/15/2004 0:00,Shipped,1,3,2004,Classic Cars,118,S24_4048,"Blauer See Auto, Co.",Frankfurt,,Germany,Medium,EMEA,2004-03-15,2004-03,82.6,1020.1500000000001,0.21535100218485803
10246,46,100.0,1,6311.2,5/5/2004 0:00,Shipped,2,5,2004,Classic Cars,118,S24_4048,Euro Shopping Channel,Madrid,,Spain,Medium,EMEA,2004-05-05,2004-05,82.6,2511.6,0.3979591836734694
10271,22,100.0,1,3070.54,7/20/2004 0:00,Shipped,3,7,2004,Classic Cars,118,S24_4048,Mini Gifts Distributors Ltd.,San Rafael,CA,USA,Medium,North America,2004-07-20,2004-07,82.6,1253.3400000000001,0.40818227412767794
10282,39,100.0,10,4797.39,8/20/2004 0:00,Shipped,3,8,2004,Classic Cars,118,S24_4048,Mini Gifts Distributors Ltd.,San Rafael,CA,USA,Medium,North America,2004-08-20,2004-08,82.6,1575.9900000000007,0.3285098772457525
10292,27,100.0,4,3832.38,9/8/2004 0:00,Shipped,3,9,2004,Classic Cars,118,S24_4048,Land of Toys Inc.,NYC,NY,USA,Medium,North America,2004-09-08,2004-09,82.6,1602.1800000000003,0.4180639706918417
10305,36,100.0,1,4641.48,10/13/2004 0:00,Shipped,4,10,2004,Classic Cars,118,S24_4048,Marta's Replicas Co.,Cambridge,MA,USA,Medium,North America,2004-10-13,2004-10,82.6,1667.8799999999997,0.359342278755914
10314,38,100.0,10,4000.26,10/22/2004 0:00,Shipped,4,10,2004,Classic Cars,118,S24_4048,Heintze Collectables,Aaarhus,,Denmark,Medium,EMEA,2004-10-22,2004-10,82.6,861.4600000000005,0.2153510021848581
10325,44,100.0,5,5325.76,11/5/2004 0:00,Shipped,4,11,2004,Classic Cars,118,S24_4048,Baane Mini Imports,Stavern,,Norway,Medium,EMEA,2004-11-05,2004-11,82.6,1691.3600000000006,0.31758096497025784
10336,31,100.0,5,4618.69,11/20/2004 0:00,Shipped,4,11,2004,Classic Cars,118,S24_4048,"La Corne D'abondance, Co.",Paris,,France,Medium,EMEA,2004-11-20,2004-11,82.6,2058.0899999999997,0.4456003758641519
10349,23,100.0,2,3182.97,12/1/2004 0:00,Shipped,4,12,2004,Classic Cars,118,S24_4048,Muscle Machine Inc,NYC,NY,USA,Medium,North America,2004-12-01,2004-12,82.6,1283.1699999999998,0.40313606474456243
10359,22,100.0,7,2603.04,12/15/2004 0:00,Shipped,4,12,2004,Classic Cars,118,S24_4048,Reims Collectables,Reims,,France,Small,EMEA,2004-12-15,2004-12,82.6,785.8400000000001,0.30189317106152813
10371,28,50.32,9,1408.96,1/23/2005 0:00,Shipped,1,1,2005,Classic Cars,118,S24_4048,Mini Gifts Distributors Ltd.,San Rafael,CA,USA,Small,North America,2005-01-23,2005-01,82.6,-903.8399999999997,-0.6414944356120824
10383,21,93.91,4,1972.11,2/22/2005 0:00,Shipped,1,2,2005,Classic Cars,118,S24_4048,Euro Shopping Channel,Madrid,,Spain,Small,EMEA,2005-02-22,2005-02,82.6,237.51,0.12043445852411884
10394,37,100.0,7,5207.75,3/15/2005 0:00,Shipped,1,3,2005,Classic Cars,118,S24_4048,Euro Shopping Channel,Madrid,,Spain,Medium,EMEA,2005-03-15,2005-03,82.6,2151.55,0.41314387211367676
10412,31,100.0,1,4253.2,5/3/2005 0:00,Shipped,2,5,2005,Classic Cars,118,S24_4048,Euro Shopping Channel,Madrid,,Spain,Medium,EMEA,2005-05-03,2005-05,82.6,1692.6,0.3979591836734694
10103,25,100.0,15,2873.0,1/29/2003 0:00,Shipped,1,1,2003,Vintage Cars,97,S24_4258,Baane Mini Imports,Stavern,,Norway,Small,EMEA,2003-01-29,2003-01,67.89999999999999,1175.5000000000002,0.4091541942220676
10111,26,86.68,3,2253.68,3/25/2003 0:00,Shipped,1,3,2003,Vintage Cars,97,S24_4258,Mini Wheels Co.,San Francisco,CA,USA,Small,North America,2003-03-25,2003-03,67.89999999999999,488.28,0.21665897554222427
10126,34,100.0,15,3576.12,5/28/2003 0:00,Shipped,2,5,2003,Vintage Cars,97,S24_4258,"Corrida Auto Replicas, Ltd",Madrid,,Spain,Medium,EMEA,2003-05-28,2003-05,67.89999999999999,1267.52,0.35444000760600874
10139,29,100.0,4,3276.13,7/16/2003 0:00,Shipped,3,7,2003,Vintage Cars,97,S24_4258,Souveniers And Things Co.,Chatswood,NSW,Australia,Medium,APAC,2003-07-16,2003-07,67.89999999999999,1307.0300000000004,0.3989554749048421
10149,20,90.57,1,1811.4,9/12/2003 0:00,Shipped,3,9,2003,Vintage Cars,97,S24_4258,Signal Collectibles Ltd.,Brisbane,CA,USA,Small,North America,2003-09-12,2003-09,67.89999999999999,453.4000000000003,0.25030363254940946
10163,42,91.55,5,3845.1,10/20/2003 0:00,Shipped,4,10,2003,Vintage Cars,97,S24_4258,Classic Legends Inc.,NYC,NY,USA,Medium,North America,2003-10-20,2003-10,67.89999999999999,993.3000000000002,0.2583287820862917
10173,22,100.0,3,2571.14,11/5/2003 0:00,Shipped,4,11,2003,Vintage Cars,97,S24_4258,Rovelli Gifts,Bergamo,,Italy,Small,EMEA,2003-11-05,2003-11,67.89999999999999,1077.3400000000001,0.41901257807820663
10183,47,100.0,12,5035.11,11/13/2003 0:00,Shipped,4,11,2003,Vintage Cars,97,S24_4258,"Classic Gift Ideas, Inc",Philadelphia,PA,USA,Medium,North America,2003-11-13,2003-11,67.89999999999999,1843.81,0.3661906095398115
10193,20,100.0,4,2279.0,11/21/2003 0:00,Shipped,4,11,2003,Vintage Cars,97,S24_4258,"Australian Collectables, Ltd",Glen Waverly,Victoria,Australia,Small,APAC,2003-11-21,2003-11,67.89999999999999,921.0000000000002,0.4041246160596754
10206,33,97.39,10,3213.87,12/5/2003 0:00,Shipped,4,12,2003,Vintage Cars,97,S24_4258,Canadian Gift Exchange Network,Vancouver,BC,Canada,Medium,North America,2003-12-05,2003-12,67.89999999999999,973.1700000000001,0.3028031625423555
10215,39,90.57,7,3532.23,1/29/2004 0:00,Shipped,1,1,2004,Vintage Cars,97,S24_4258,West Coast Collectables Co.,Burbank,CA,USA,Medium,North America,2004-01-29,2004-01,67.89999999999999,884.1300000000006,0.25030363254940946
10228,33,100.0,6,3406.59,3/10/2004 0:00,Shipped,1,3,2004,Vintage Cars,97,S24_4258,Cambridge Collectables Co.,Cambridge,MA,USA,Medium,North America,2004-03-10,2004-03,67.89999999999999,1165.8900000000003,0.3422454712777294
10244,40,86.68,4,3467.2,4/29/2004 0:00,Shipped,2,4,2004,Vintage Cars,97,S24_4258,Euro Shopping Channel,Madrid,,Spain,Medium,EMEA,2004-04-29,2004-04,67.89999999999999,751.2000000000003,0.21665897554222435
10257,46,78.89,4,3628.94,6/14/2004 0:00,Shipped,2,6,2004,Vintage Cars,97,S24_4258,The Sharp Gifts Warehouse,San Jose,CA,USA,Medium,North America,2004-06-14,2004-06,67.89999999999999,505.5400000000004,0.13930789707187233
10269,48,97.39,2,4674.72,7/16/2004 0:00,Shipped,3,7,2004,Vintage Cars,97,S24_4258,Salzburg Collectables,Salzburg,,Austria,Medium,EMEA,2004-07-16,2004-07,67.89999999999999,1415.5200000000004,0.30280316254235556
10280,21,78.89,6,1656.69,8/17/2004 0:00,Shipped,3,8,2004,Vintage Cars,97,S24_4258,Amica Models & Co.,Torino,,Italy,Small,EMEA,2004-08-17,2004-08,67.89999999999999,230.7900000000002,0.13930789707187233
10290,45,100.0,1,5171.4,9/7/2004 0:00,Shipped,3,9,2004,Vintage Cars,97,S24_4258,Auto-Moto Classics Inc.,Brickhaven,MA,USA,Medium,North America,2004-09-07,2004-09,67.89999999999999,2115.9,0.40915419422206756
10304,33,100.0,10,3342.57,10/11/2004 0:00,Shipped,4,10,2004,Vintage Cars,97,S24_4258,Auto Assoc. & Cie.,Versailles,,France,Medium,EMEA,2004-10-11,2004-10,67.89999999999999,1101.8700000000003,0.3296475466482378
10312,44,100.0,7,4884.88,10/21/2004 0:00,Shipped,4,10,2004,Vintage Cars,97,S24_4258,Mini Gifts Distributors Ltd.,San Rafael,CA,USA,Medium,North America,2004-10-21,2004-10,67.89999999999999,1897.2800000000007,0.3883984867591426
10324,33,100.0,3,6267.69,11/5/2004 0:00,Shipped,4,11,2004,Vintage Cars,97,S24_4258,Vitachrome Inc.,NYC,NY,USA,Medium,North America,2004-11-05,2004-11,67.89999999999999,4026.99,0.6424998683725583
10333,39,100.0,1,4424.16,11/18/2004 0:00,Shipped,4,11,2004,Vintage Cars,97,S24_4258,Mini Wheels Co.,San Francisco,CA,USA,Medium,North America,2004-11-18,2004-11,67.89999999999999,1776.0600000000004,0.4014456981664317
10348,39,50.31,2,1962.09,11/1/2004 0:00,Shipped,4,11,2004,Vintage Cars,97,S24_4258,"Corrida Auto Replicas, Ltd",Madrid,,Spain,Small,EMEA,2004-11-01,2004-11,67.89999999999999,-686.0099999999995,-0.3496322798648378
10358,41,100.0,6,6847.0,12/10/2004 0:00,Shipped,4,12,2004,Vintage Cars,97,S24_4258,Euro Shopping Channel,Madrid,,Spain,Medium,EMEA,2004-12-10,2004-12,67.89999999999999,4063.1000000000004,0.5934131736526946
10369,40,86.92,3,3476.8,1/20/2005 0:00,Shipped,1,1,2005,Vintage Cars,97,S24_4258,Collectables For Less Inc.,Brickhaven,MA,USA,Medium,North America,2005-01-20,2005-01,67.89999999999999,760.8000000000006,0.21882190520018424
10382,33,100.0,4,4592.61,2/17/2005 0:00,Shipped,1,2,2005,Vintage Cars,97,S24_4258,Mini Gifts Distributors Ltd.,San Rafael,CA,USA,Medium,North America,2005-02-17,2005-02,67.89999999999999,2351.91,0.5121074944312711
10423,28,78.89,4,2208.92,5/30/2005 0:00,In Process,2,5,2005,Vintage Cars,97,S24_4258,Petit Auto,Bruxelles,,Belgium,Small,EMEA,2005-05-30,2005-05,67.89999999999999,307.72000000000025,0.13930789707187233
10106,26,63.76,3,1657.76,2/17/2003 0:00,Shipped,1,2,2003,Planes,72,S24_4278,Rovelli Gifts,Bergamo,,Italy,Small,EMEA,2003-02-17,2003-02,50.4,347.3600000000001,0.20953575909661237
10120,29,85.49,9,2479.21,4/29/2003 0:00,Shipped,2,4,2003,Planes,72,S24_4278,"Australian Collectors, Co.",Melbourne,Victoria,Australia,Small,APAC,2003-04-29,2003-04,50.4,1017.6100000000001,0.4104573634343198
10133,46,77.52,4,3565.92,6/27/2003 0:00,Shipped,2,6,2003,Planes,72,S24_4278,Euro Shopping Channel,Madrid,,Spain,Medium,EMEA,2003-06-27,2003-06,50.4,1247.52,0.3498452012383901
10145,33,84.77,15,2797.41,8/25/2003 0:00,Shipped,3,8,2003,Planes,72,S24_4278,Toys4GrownUps.com,Pasadena,CA,USA,Small,North America,2003-08-25,2003-08,50.4,1134.2099999999998,0.4054500412881915
10168,48,78.25,10,3756.0,10/28/2003 0:00,Shipped,4,10,2003,Planes,72,S24_4278,Technics Stores Inc.,Burlingame,CA,USA,Medium,North America,2003-10-28,2003-10,50.4,1336.8000000000002,0.35591054313099046
10210,40,71.0,8,2840.0,1/12/2004 0:00,Shipped,1,1,2004,Planes,72,S24_4278,Osaka Souveniers Co.,Osaka,Osaka,Japan,Small,Japan,2004-01-12,2004-01,50.4,824.0,0.29014084507042254
10223,23,74.62,10,1716.26,2/20/2004 0:00,Shipped,1,2,2004,Planes,72,S24_4278,"Australian Collectors, Co.",Melbourne,Victoria,Australia,Small,APAC,2004-02-20,2004-02,50.4,557.06,0.324577861163227
10235,40,81.14,4,3245.6,4/2/2004 0:00,Shipped,2,4,2004,Planes,72,S24_4278,"Royal Canadian Collectables, Ltd.",Tsawassen,BC,Canada,Medium,North America,2004-04-02,2004-04,50.4,1229.6,0.3788513680059157
10250,37,74.62,5,2760.94,5/11/2004 0:00,Shipped,2,5,2004,Planes,72,S24_4278,The Sharp Gifts Warehouse,San Jose,CA,USA,Small,North America,2004-05-11,2004-05,50.4,896.1400000000001,0.32457786116322707
10263,24,75.35,11,1808.4,6/28/2004 0:00,Shipped,2,6,2004,Planes,72,S24_4278,Gift Depot Inc.,Bridgewater,CT,USA,Small,North America,2004-06-28,2004-06,50.4,598.8000000000002,0.3311214333112144
10275,27,62.31,10,1682.37,7/23/2004 0:00,Shipped,3,7,2004,Planes,72,S24_4278,La Rochelle Gifts,Nantes,,France,Small,EMEA,2004-07-23,2004-07,50.4,321.56999999999994,0.19114106884930185
10284,21,71.0,2,1491.0,8/21/2004 0:00,Shipped,3,8,2004,Planes,72,S24_4278,"Norway Gifts By Mail, Co.",Oslo,,Norway,Small,EMEA,2004-08-21,2004-08,50.4,432.60000000000014,0.29014084507042265
10297,23,72.45,5,1666.35,9/16/2004 0:00,Shipped,3,9,2004,Planes,72,S24_4278,"Clover Collections, Co.",Dublin,,Ireland,Small,EMEA,2004-09-16,2004-09,50.4,507.14999999999986,0.30434782608695643
10308,44,83.32,8,3666.08,10/15/2004 0:00,Shipped,4,10,2004,Planes,72,S24_4278,Mini Classics,White Plains,NY,USA,Medium,North America,2004-10-15,2004-10,50.4,1448.48,0.39510321651464236
10317,35,83.32,1,2916.2,11/2/2004 0:00,Shipped,4,11,2004,Planes,72,S24_4278,Technics Stores Inc.,Burlingame,CA,USA,Small,North America,2004-11-02,2004-11,50.4,1152.1999999999998,0.3951032165146423
10328,43,60.86,4,2616.98,11/12/2004 0:00,Shipped,4,11,2004,Planes,72,S24_4278,Rovelli Gifts,Bergamo,,Italy,Small,EMEA,2004-11-12,2004-11,50.4,449.7800000000002,0.17186986526454165
10340,40,84.77,1,3390.8,11/24/2004 0:00,Shipped,4,11,2004,Planes,72,S24_4278,Enaco Distributors,Barcelona,,Spain,Medium,EMEA,2004-11-24,2004-11,50.4,1374.8000000000002,0.4054500412881916
10353,35,89.9,3,3146.5,12/4/2004 0:00,Shipped,4,12,2004,Planes,72,S24_4278,Gift Ideas Corp.,Glendale,CT,USA,Medium,North America,2004-12-04,2004-12,50.4,1382.5,0.43937708565072303
10361,25,62.46,1,1561.5,12/17/2004 0:00,Shipped,4,12,2004,Planes,72,S24_4278,Souveniers And Things Co.,Chatswood,NSW,Australia,Small,APAC,2004-12-17,2004-12,50.4,301.5,0.1930835734870317
10375,43,100.0,2,10039.6,2/3/2005 0:00,Shipped,1,2,2005,Planes,72,S24_4278,La Rochelle Gifts,Nantes,,France,Large,EMEA,2005-02-03,2005-02,50.4,7872.400000000001,0.7841348260886888
10386,50,63.34,8,3167.0,3/1/2005 0:00,Resolved,1,3,2005,Planes,72,S24_4278,Euro Shopping Channel,Madrid,,Spain,Medium,EMEA,2005-03-01,2005-03,50.4,647.0,0.20429428481212503
10398,45,78.25,14,3521.25,3/30/2005 0:00,Shipped,1,3,2005,Planes,72,S24_4278,Reims Collectables,Reims,,France,Medium,EMEA,2005-03-30,2005-03,50.4,1253.25,0.3559105431309904
10401,52,81.14,4,4219.28,4/3/2005 0:00,On Hold,2,4,2005,Planes,72,S24_4278,Tekni Collectables Inc.,Newark,NJ,USA,Medium,North America,2005-04-03,2005-04,50.4,1598.48,0.37885136800591573
10416,48,74.62,5,3581.76,5/10/2005 0:00,Shipped,2,5,2005,Planes,72,S24_4278,L'ordine Souveniers,Reggio Emilia,,Italy,Medium,EMEA,2005-05-10,2005-05,50.4,1162.5600000000004,0.3245778611632271
10108,31,68.71,10,2130.01,3/3/2003 0:00,Shipped,1,3,2003,Classic Cars,80,S24_4620,Cruz & Sons Co.,Makati City,,Philippines,Small,Japan,2003-03-03,2003-03,56.0,394.0100000000002,0.18498035220491932
10122,29,71.14,14,2063.06,5/8/2003 0:00,Shipped,2,5,2003,Classic Cars,80,S24_4620,Marseille Mini Autos,Marseille,,France,Small,EMEA,2003-05-08,2003-05,56.0,439.05999999999995,0.21281979195951642
10135,23,87.31,11,2008.13,7/2/2003 0:00,Shipped,3,7,2003,Classic Cars,80,S24_4620,Mini Gifts Distributors Ltd.,San Rafael,CA,USA,Small,North America,2003-07-02,2003-07,56.0,720.1300000000001,0.3586072614820754
10147,31,64.67,11,2004.77,9/5/2003 0:00,Shipped,3,9,2003,Classic Cars,80,S24_4620,Collectables For Less Inc.,Brickhaven,MA,USA,Small,North America,2003-09-05,2003-09,56.0,268.77,0.13406525436833153
10159,23,67.1,6,1543.3,10/10/2003 0:00,Shipped,4,10,2003,Classic Cars,80,S24_4620,Corporate Gift Ideas Co.,San Francisco,CA,USA,Small,North America,2003-10-10,2003-10,56.0,255.29999999999995,0.16542473919523099
10169,24,94.58,6,2269.92,11/4/2003 0:00,Shipped,4,11,2003,Classic Cars,80,S24_4620,"Anna's Decorations, Ltd",North Sydney,NSW,Australia,Small,APAC,2003-11-04,2003-11,56.0,925.9200000000001,0.407908648762952
10180,28,71.14,1,1991.92,11/11/2003 0:00,Shipped,4,11,2003,Classic Cars,80,S24_4620,Daedalus Designs Imports,Lille,,France,Small,EMEA,2003-11-11,2003-11,56.0,423.9200000000001,0.21281979195951647
10191,44,66.29,7,2916.76,11/20/2003 0:00,Shipped,4,11,2003,Classic Cars,80,S24_4620,"Toms Spezialitten, Ltd",Koln,,Germany,Small,EMEA,2003-11-20,2003-11,56.0,452.7600000000002,0.15522703273495256
10211,22,92.16,6,2027.52,1/15/2004 0:00,Shipped,1,1,2004,Classic Cars,80,S24_4620,Auto Canal Petit,Paris,,France,Small,EMEA,2004-01-15,2004-01,56.0,795.52,0.3923611111111111
10225,46,70.33,13,3235.18,2/22/2004 0:00,Shipped,1,2,2004,Classic Cars,80,S24_4620,"Vida Sport, Ltd",Gensve,,Switzerland,Medium,EMEA,2004-02-22,2004-02,56.0,659.1799999999998,0.2037537324043793
10238,22,93.77,7,2062.94,4/9/2004 0:00,Shipped,2,4,2004,Classic Cars,80,S24_4620,Danish Wholesale Imports,Kobenhavn,,Denmark,Small,EMEA,2004-04-09,2004-04,56.0,830.94,0.4027940705982724
10252,38,87.31,3,3317.78,5/26/2004 0:00,Shipped,2,5,2004,Classic Cars,80,S24_4620,Auto Canal Petit,Paris,,France,Medium,EMEA,2004-05-26,2004-05,56.0,1189.7800000000002,0.3586072614820754
10264,47,83.27,1,3913.69,6/30/2004 0:00,Shipped,2,6,2004,Classic Cars,80,S24_4620,Gifts4AllAges.com,Boston,MA,USA,Medium,North America,2004-06-30,2004-06,56.0,1281.69,0.32748889155758376
10276,48,75.18,7,3608.64,8/2/2004 0:00,Shipped,3,8,2004,Classic Cars,80,S24_4620,Online Mini Collectables,Brickhaven,MA,USA,Medium,North America,2004-08-02,2004-08,56.0,920.6399999999999,0.25512104283054
10287,40,88.12,16,3524.8,8/30/2004 0:00,Shipped,3,8,2004,Classic Cars,80,S24_4620,"Vida Sport, Ltd",Gensve,,Switzerland,Medium,EMEA,2004-08-30,2004-08,56.0,1284.8000000000002,0.3645029505220155
10299,32,80.84,1,2586.88,9/30/2004 0:00,Shipped,3,9,2004,Classic Cars,80,S24_4620,"Toys of Finland, Co.",Helsinki,,Finland,Small,EMEA,2004-09-30,2004-09,56.0,794.8800000000001,0.30727362691736765
10310,49,97.01,14,4753.49,10/16/2004 0:00,Shipped,4,10,2004,Classic Cars,80,S24_4620,"Toms Spezialitten, Ltd",Koln,,Germany,Medium,EMEA,2004-10-16,2004-10,56.0,2009.4899999999998,0.42273992371920416
10319,43,85.69,2,3684.67,11/3/2004 0:00,Shipped,4,11,2004,Classic Cars,80,S24_4620,Microscale Inc.,NYC,NY,USA,Medium,North America,2004-11-03,2004-11,56.0,1276.67,0.3464815030925429
10331,41,100.0,2,5715.4,11/17/2004 0:00,Shipped,4,11,2004,Classic Cars,80,S24_4620,Motor Mint Distributors Inc.,Philadelphia,PA,USA,Medium,North America,2004-11-17,2004-11,56.0,3419.3999999999996,0.5982783357245337
10343,30,100.0,1,3098.7,11/24/2004 0:00,Shipped,4,11,2004,Classic Cars,80,S24_4620,Reims Collectables,Reims,,France,Medium,EMEA,2004-11-24,2004-11,56.0,1418.6999999999998,0.4578371575176687
10355,28,95.39,9,2670.92,12/7/2004 0:00,Shipped,4,12,2004,Classic Cars,80,S24_4620,Euro Shopping Channel,Madrid,,Spain,Small,EMEA,2004-12-07,2004-12,56.0,1102.92,0.4129363664954398
10363,43,100.0,9,5154.41,1/6/2005 0:00,Shipped,1,1,2005,Classic Cars,80,S24_4620,Suominen Souveniers,Espoo,,Finland,Medium,EMEA,2005-01-06,2005-01,56.0,2746.41,0.5328272294986235
10378,41,100.0,2,4894.17,2/10/2005 0:00,Shipped,1,2,2005,Classic Cars,80,S24_4620,Euro Shopping Channel,Madrid,,Spain,Medium,EMEA,2005-02-10,2005-02,56.0,2598.17,0.5308704029488146
10390,30,82.42,10,2472.6,3/4/2005 0:00,Shipped,1,3,2005,Classic Cars,80,S24_4620,Mini Gifts Distributors Ltd.,San Rafael,CA,USA,Small,North America,2005-03-04,2005-03,56.0,792.5999999999999,0.32055326377092935
10103,31,100.0,3,3224.31,1/29/2003 0:00,Shipped,1,1,2003,Trucks and Buses,96,S32_1268,Baane Mini Imports,Stavern,,Norway,Medium,EMEA,2003-01-29,2003-01,67.19999999999999,1141.1100000000001,0.35390827805018754
10114,32,100.0,7,3667.52,4/1/2003 0:00,Shipped,2,4,2003,Trucks and Buses,96,S32_1268,"La Corne D'abondance, Co.",Paris,,France,Medium,EMEA,2003-04-01,2003-04,67.19999999999999,1517.1200000000003,0.41366372916848454
10126,43,96.31,3,4141.33,5/28/2003 0:00,Shipped,2,5,2003,Trucks and Buses,96,S32_1268,"Corrida Auto Replicas, Ltd",Madrid,,Spain,Medium,EMEA,2003-05-28,2003-05,67.19999999999999,1251.7300000000005,0.3022531408991799
10140,26,100.0,3,2829.58,7/24/2003 0:00,Shipped,3,7,2003,Trucks and Buses,96,S32_1268,Technics Stores Inc.,Burlingame,CA,USA,Small,North America,2003-07-24,2003-07,67.19999999999999,1082.38,0.38252320132316464
10151,27,100.0,10,3068.55,9/21/2003 0:00,Shipped,3,9,2003,Trucks and Buses,96,S32_1268,"Oulu Toy Supplies, Inc.",Oulu,,Finland,Medium,EMEA,2003-09-21,2003-09,67.19999999999999,1254.1500000000005,0.4087109546854379
10164,24,100.0,1,2634.96,10/21/2003 0:00,Resolved,4,10,2003,Trucks and Buses,96,S32_1268,Mini Auto Werke,Graz,,Austria,Small,EMEA,2003-10-21,2003-10,67.19999999999999,1022.1600000000003,0.387922397303944
10175,22,100.0,8,2436.72,11/6/2003 0:00,Shipped,4,11,2003,Trucks and Buses,96,S32_1268,"Stylish Desk Decors, Co.",London,,UK,Small,EMEA,2003-11-06,2003-11,67.19999999999999,958.3200000000002,0.3932827735644638
10184,46,100.0,13,4607.36,11/14/2003 0:00,Shipped,4,11,2003,Trucks and Buses,96,S32_1268,"Iberia Gift Imports, Corp.",Sevilla,,Spain,Medium,EMEA,2003-11-14,2003-11,67.19999999999999,1516.1600000000003,0.3290734824281151
10194,37,97.27,3,3598.99,11/25/2003 0:00,Shipped,4,11,2003,Trucks and Buses,96,S32_1268,"Saveley & Henriot, Co.",Lyon,,France,Medium,EMEA,2003-11-25,2003-11,67.19999999999999,1112.5900000000001,0.3091395085843529
10207,49,80.9,14,3964.1,12/9/2003 0:00,Shipped,4,12,2003,Trucks and Buses,96,S32_1268,Diecast Collectables,Boston,MA,USA,Medium,North America,2003-12-09,2003-12,67.19999999999999,671.3000000000006,0.16934487021013614
10217,21,100.0,3,2244.9,2/4/2004 0:00,Shipped,1,2,2004,Trucks and Buses,96,S32_1268,Handji Gifts& Co,Singapore,,Singapore,Small,APAC,2004-02-04,2004-02,67.19999999999999,833.7000000000003,0.371375116931712
10229,25,100.0,8,2793.0,3/11/2004 0:00,Shipped,1,3,2004,Trucks and Buses,96,S32_1268,Mini Gifts Distributors Ltd.,San Rafael,CA,USA,Small,North America,2004-03-11,2004-03,67.19999999999999,1113.0000000000002,0.39849624060150385
10245,37,100.0,1,4133.64,5/4/2004 0:00,Shipped,2,5,2004,Trucks and Buses,96,S32_1268,Super Scale Inc.,New Haven,CT,USA,Medium,North America,2004-05-04,2004-05,67.19999999999999,1647.2400000000007,0.3984962406015039
10259,45,86.68,11,3900.6,6/15/2004 0:00,Shipped,2,6,2004,Trucks and Buses,96,S32_1268,Handji Gifts& Co,Singapore,,Singapore,Medium,APAC,2004-06-15,2004-06,67.19999999999999,876.6000000000004,0.22473465620673752
10270,32,85.72,1,2743.04,7/19/2004 0:00,Shipped,3,7,2004,Trucks and Buses,96,S32_1268,Souveniers And Things Co.,Chatswood,NSW,Australia,Small,APAC,2004-07-19,2004-07,67.19999999999999,592.6400000000003,0.21605226318245463
10281,29,82.83,8,2402.07,8/19/2004 0:00,Shipped,3,8,2004,Trucks and Buses,96,S32_1268,Diecast Classics Inc.,Allentown,PA,USA,Small,North America,2004-08-19,2004-08,67.19999999999999,453.27000000000044,0.18869974646867094
10291,26,83.79,3,2178.54,9/8/2004 0:00,Shipped,3,9,2004,Trucks and Buses,96,S32_1268,Scandinavian Gift Ideas,Boras,,Sweden,Small,EMEA,2004-09-08,2004-09,67.19999999999999,431.34000000000015,0.19799498746867175
10305,28,100.0,12,3155.04,10/13/2004 0:00,Shipped,4,10,2004,Trucks and Buses,96,S32_1268,Marta's Replicas Co.,Cambridge,MA,USA,Medium,North America,2004-10-13,2004-10,67.19999999999999,1273.4400000000003,0.4036208732694357
10313,27,87.64,6,2366.28,10/22/2004 0:00,Shipped,4,10,2004,Trucks and Buses,96,S32_1268,Canadian Gift Exchange Network,Vancouver,BC,Canada,Small,North America,2004-10-22,2004-10,67.19999999999999,551.8800000000006,0.2332268370607031
10324,20,98.18,11,1963.6,11/5/2004 0:00,Shipped,4,11,2004,Trucks and Buses,96,S32_1268,Vitachrome Inc.,NYC,NY,USA,Small,North America,2004-11-05,2004-11,67.19999999999999,619.6000000000001,0.31554288042371165
10335,44,100.0,1,4746.28,11/19/2004 0:00,Shipped,4,11,2004,Trucks and Buses,96,S32_1268,Mini Gifts Distributors Ltd.,San Rafael,CA,USA,Medium,North America,2004-11-19,2004-11,67.19999999999999,1789.4800000000005,0.37702790395846864
10348,42,100.0,3,6386.94,11/1/2004 0:00,Shipped,4,11,2004,Trucks and Buses,96,S32_1268,"Corrida Auto Replicas, Ltd",Madrid,,Spain,Medium,EMEA,2004-11-01,2004-11,67.19999999999999,3564.54,0.5580982442296312
10358,41,100.0,1,4428.0,12/10/2004 0:00,Shipped,4,12,2004,Trucks and Buses,96,S32_1268,Euro Shopping Channel,Madrid,,Spain,Medium,EMEA,2004-12-10,2004-12,67.19999999999999,1672.8000000000006,0.37777777777777793
10371,26,100.0,1,4044.04,1/23/2005 0:00,Shipped,1,1,2005,Trucks and Buses,96,S32_1268,Mini Gifts Distributors Ltd.,San Rafael,CA,USA,Medium,North America,2005-01-23,2005-01,67.19999999999999,2296.84,0.567956795679568
10382,26,100.0,6,2708.42,2/17/2005 0:00,Shipped,1,2,2005,Trucks and Buses,96,S32_1268,Mini Gifts Distributors Ltd.,San Rafael,CA,USA,Small,North America,2005-02-17,2005-02,67.19999999999999,961.2200000000003,0.35490064317941833
10411,26,100.0,1,2904.72,5/1/2005 0:00,Shipped,2,5,2005,Trucks and Buses,96,S32_1268,Quebec Home Shopping Network,Montreal,Quebec,Canada,Small,North America,2005-05-01,2005-05,67.19999999999999,1157.52,0.3984962406015038
10425,41,86.68,11,3553.88,5/31/2005 0:00,In Process,2,5,2005,Trucks and Buses,96,S32_1268,La Rochelle Gifts,Nantes,,France,Medium,EMEA,2005-05-31,2005-05,67.19999999999999,798.6800000000007,0.22473465620673763
10107,20,92.9,8,1858.0,2/24/2003 0:00,Shipped,1,2,2003,Motorcycles,99,S32_1374,Land of Toys Inc.,NYC,NY,USA,Small,North America,2003-02-24,2003-02,69.3,472.0,0.25403659849300325
10120,22,100.0,6,2461.36,4/29/2003 0:00,Shipped,2,4,2003,Motorcycles,99,S32_1374,"Australian Collectors, Co.",Melbourne,Victoria,Australia,Small,APAC,2003-04-29,2003-04,69.3,936.7600000000002,0.38058634250983203
10133,23,100.0,1,2642.01,6/27/2003 0:00,Shipped,2,6,2003,Motorcycles,99,S32_1374,Euro Shopping Channel,Madrid,,Spain,Small,EMEA,2003-06-27,2003-06,69.3,1048.1100000000004,0.39670932358318106
10145,33,93.9,12,3098.7,8/25/2003 0:00,Shipped,3,8,2003,Motorcycles,99,S32_1374,Toys4GrownUps.com,Pasadena,CA,USA,Medium,North America,2003-08-25,2003-08,69.3,811.7999999999997,0.2619808306709264
10168,28,100.0,7,3244.36,10/28/2003 0:00,Shipped,4,10,2003,Motorcycles,99,S32_1374,Technics Stores Inc.,Burlingame,CA,USA,Medium,North America,2003-10-28,2003-10,69.3,1303.9600000000003,0.40191594027789773
10188,44,98.89,7,4351.16,11/18/2003 0:00,Shipped,4,11,2003,Motorcycles,99,S32_1374,Herkku Gifts,Bergen,,Norway,Medium,EMEA,2003-11-18,2003-11,69.3,1301.96,0.2992213570634038
10210,46,79.91,5,3675.86,1/12/2004 0:00,Shipped,1,1,2004,Motorcycles,99,S32_1374,Osaka Souveniers Co.,Osaka,Osaka,Japan,Medium,Japan,2004-01-12,2004-01,69.3,488.0600000000004,0.1327743711675636
10223,21,100.0,7,2475.27,2/20/2004 0:00,Shipped,1,2,2004,Motorcycles,99,S32_1374,"Australian Collectors, Co.",Melbourne,Victoria,Australia,Small,APAC,2004-02-20,2004-02,69.3,1019.97,0.4120641384576228
10235,41,100.0,1,4177.49,4/2/2004 0:00,Shipped,2,4,2004,Motorcycles,99,S32_1374,"Royal Canadian Collectables, Ltd.",Tsawassen,BC,Canada,Medium,North America,2004-04-02,2004-04,69.3,1336.19,0.3198547453135735
10250,31,100.0,2,3282.28,5/11/2004 0:00,Shipped,2,5,2004,Motorcycles,99,S32_1374,The Sharp Gifts Warehouse,San Jose,CA,USA,Medium,North America,2004-05-11,2004-05,69.3,1133.9800000000005,0.34548545523233865
10263,31,79.91,8,2477.21,6/28/2004 0:00,Shipped,2,6,2004,Motorcycles,99,S32_1374,Gift Depot Inc.,Bridgewater,CT,USA,Small,North America,2004-06-28,2004-06,69.3,328.9100000000003,0.13277437116756363
10275,23,81.91,7,1883.93,7/23/2004 0:00,Shipped,3,7,2004,Motorcycles,99,S32_1374,La Rochelle Gifts,Nantes,,France,Small,EMEA,2004-07-23,2004-07,69.3,290.0300000000002,0.15394945672079122
10285,37,98.89,12,3658.93,8/27/2004 0:00,Shipped,3,8,2004,Motorcycles,99,S32_1374,Marta's Replicas Co.,Cambridge,MA,USA,Medium,North America,2004-08-27,2004-08,69.3,1094.83,0.29922135706340375
10297,26,100.0,2,2856.88,9/16/2004 0:00,Shipped,3,9,2004,Motorcycles,99,S32_1374,"Clover Collections, Co.",Dublin,,Ireland,Small,EMEA,2004-09-16,2004-09,69.3,1055.0800000000002,0.3693119767018566
10308,24,79.91,5,1917.84,10/15/2004 0:00,Shipped,4,10,2004,Motorcycles,99,S32_1374,Mini Classics,White Plains,NY,USA,Small,North America,2004-10-15,2004-10,69.3,254.6400000000001,0.13277437116756358
10318,47,100.0,7,5305.36,11/2/2004 0:00,Shipped,4,11,2004,Motorcycles,99,S32_1374,Diecast Classics Inc.,Allentown,PA,USA,Medium,North America,2004-11-02,2004-11,69.3,2048.2599999999998,0.38607370659107015
10329,45,63.91,11,2875.95,11/15/2004 0:00,Shipped,4,11,2004,Motorcycles,99,S32_1374,Land of Toys Inc.,NYC,NY,USA,Small,North America,2004-11-15,2004-11,69.3,-242.55000000000018,-0.08433734939759042
10340,55,100.0,2,6482.85,11/24/2004 0:00,Shipped,4,11,2004,Motorcycles,99,S32_1374,Enaco Distributors,Barcelona,,Spain,Medium,EMEA,2004-11-24,2004-11,69.3,2671.3500000000004,0.41206413845762285
10353,46,81.17,5,3733.82,12/4/2004 0:00,Shipped,4,12,2004,Motorcycles,99,S32_1374,Gift Ideas Corp.,Glendale,CT,USA,Medium,North America,2004-12-04,2004-12,69.3,546.0200000000004,0.14623629419736367
10363,50,100.0,2,6576.5,1/6/2005 0:00,Shipped,1,1,2005,Motorcycles,99,S32_1374,Suominen Souveniers,Espoo,,Finland,Medium,EMEA,2005-01-06,2005-01,69.3,3111.5,0.4731240021287919
10375,37,100.0,3,6353.27,2/3/2005 0:00,Shipped,1,2,2005,Motorcycles,99,S32_1374,La Rochelle Gifts,Nantes,,France,Medium,EMEA,2005-02-03,2005-02,69.3,3789.1700000000005,0.5964125560538117
10387,44,94.9,1,4175.6,3/2/2005 0:00,Shipped,1,3,2005,Motorcycles,99,S32_1374,"Dragon Souveniers, Ltd.",Singapore,,Singapore,Medium,Japan,2005-03-02,2005-03,69.3,1126.4000000000005,0.2697576396206534
10401,49,100.0,1,4992.61,4/3/2005 0:00,On Hold,2,4,2005,Motorcycles,99,S32_1374,Tekni Collectables Inc.,Newark,NJ,USA,Medium,North America,2005-04-03,2005-04,69.3,1596.9099999999999,0.31985474531357344
10416,45,100.0,2,4764.6,5/10/2005 0:00,Shipped,2,5,2005,Motorcycles,99,S32_1374,L'ordine Souveniers,Reggio Emilia,,Italy,Medium,EMEA,2005-05-10,2005-05,69.3,1646.1000000000004,0.34548545523233853
10108,27,43.45,13,1173.15,3/3/2003 0:00,Shipped,1,3,2003,Motorcycles,40,S32_2206,Cruz & Sons Co.,Makati City,,Philippines,Small,Japan,2003-03-03,2003-03,28.0,417.1500000000001,0.3555811277330265
10122,31,44.66,17,1384.46,5/8/2003 0:00,Shipped,2,5,2003,Motorcycles,40,S32_2206,Marseille Mini Autos,Marseille,,France,Small,EMEA,2003-05-08,2003-05,28.0,516.46,0.3730407523510972
10135,33,40.23,14,1327.59,7/2/2003 0:00,Shipped,3,7,2003,Motorcycles,40,S32_2206,Mini Gifts Distributors Ltd.,San Rafael,CA,USA,Small,North America,2003-07-02,2003-07,28.0,403.5899999999999,0.3040019885657469
10145,31,35.8,1,1109.8,8/25/2003 0:00,Shipped,3,8,2003,Motorcycles,40,S32_2206,Toys4GrownUps.com,Pasadena,CA,USA,Small,North America,2003-08-25,2003-08,28.0,241.79999999999995,0.217877094972067
10159,35,35.4,9,1239.0,10/10/2003 0:00,Shipped,4,10,2003,Motorcycles,40,S32_2206,Corporate Gift Ideas Co.,San Francisco,CA,USA,Small,North America,2003-10-10,2003-10,28.0,259.0,0.20903954802259886
10169,26,39.83,9,1035.58,11/4/2003 0:00,Shipped,4,11,2003,Motorcycles,40,S32_2206,"Anna's Decorations, Ltd",North Sydney,NSW,Australia,Small,APAC,2003-11-04,2003-11,28.0,307.5799999999999,0.29701230228471
10180,34,45.46,4,1545.64,11/11/2003 0:00,Shipped,4,11,2003,Motorcycles,40,S32_2206,Daedalus Designs Imports,Lille,,France,Small,EMEA,2003-11-11,2003-11,28.0,593.6400000000001,0.38407391113066436
10190,46,32.99,1,1517.54,11/19/2003 0:00,Shipped,4,11,2003,Motorcycles,40,S32_2206,Euro Shopping Channel,Madrid,,Spain,Small,EMEA,2003-11-19,2003-11,28.0,229.53999999999996,0.1512579569566535
10211,41,42.24,9,1731.84,1/15/2004 0:00,Shipped,1,1,2004,Motorcycles,40,S32_2206,Auto Canal Petit,Paris,,France,Small,EMEA,2004-01-15,2004-01,28.0,583.8399999999999,0.3371212121212121
10224,43,39.43,2,1695.49,2/21/2004 0:00,Shipped,1,2,2004,Motorcycles,40,S32_2206,Daedalus Designs Imports,Lille,,France,Small,EMEA,2004-02-21,2004-02,28.0,491.49,0.2898808014202384
10237,26,40.23,2,1045.98,4/5/2004 0:00,Shipped,2,4,2004,Motorcycles,40,S32_2206,Vitachrome Inc.,NYC,NY,USA,Small,North America,2004-04-05,2004-04,28.0,317.98,0.30400198856574695
10252,36,48.28,6,1738.08,5/26/2004 0:00,Shipped,2,5,2004,Motorcycles,40,S32_2206,Auto Canal Petit,Paris,,France,Small,EMEA,2004-05-26,2004-05,28.0,730.0799999999999,0.42004971002485497
10264,20,32.59,4,651.8,6/30/2004 0:00,Shipped,2,6,2004,Motorcycles,40,S32_2206,Gifts4AllAges.com,Boston,MA,USA,Small,North America,2004-06-30,2004-06,28.0,91.79999999999995,0.14084074869591892
10276,27,36.61,10,988.47,8/2/2004 0:00,Shipped,3,8,2004,Motorcycles,40,S32_2206,Online Mini Collectables,Brickhaven,MA,USA,Small,North America,2004-08-02,2004-08,28.0,232.47000000000003,0.23518164435946465
10285,37,41.03,1,1518.11,8/27/2004 0:00,Shipped,3,8,2004,Motorcycles,40,S32_2206,Marta's Replicas Co.,Cambridge,MA,USA,Small,North America,2004-08-27,2004-08,28.0,482.1099999999999,0.31757250792103336
10299,24,42.24,4,1013.76,9/30/2004 0:00,Shipped,3,9,2004,Motorcycles,40,S32_2206,"Toys of Finland, Co.",Helsinki,,Finland,Small,EMEA,2004-09-30,2004-09,28.0,341.76,0.3371212121212121
10310,36,43.05,17,1549.8,10/16/2004 0:00,Shipped,4,10,2004,Motorcycles,40,S32_2206,"Toms Spezialitten, Ltd",Koln,,Germany,Small,EMEA,2004-10-16,2004-10,28.0,541.8,0.3495934959349593
10319,29,38.22,5,1108.38,11/3/2004 0:00,Shipped,4,11,2004,Motorcycles,40,S32_2206,Microscale Inc.,NYC,NY,USA,Small,North America,2004-11-03,2004-11,28.0,296.3800000000001,0.26739926739926745
10331,28,100.0,3,4102.56,11/17/2004 0:00,Shipped,4,11,2004,Motorcycles,40,S32_2206,Motor Mint Distributors Inc.,Philadelphia,PA,USA,Medium,North America,2004-11-17,2004-11,28.0,3318.5600000000004,0.808899808899809
10343,29,100.0,5,3713.16,11/24/2004 0:00,Shipped,4,11,2004,Motorcycles,40,S32_2206,Reims Collectables,Reims,,France,Medium,EMEA,2004-11-24,2004-11,28.0,2901.16,0.7813183380193689
10355,38,39.83,10,1513.54,12/7/2004 0:00,Shipped,4,12,2004,Motorcycles,40,S32_2206,Euro Shopping Channel,Madrid,,Spain,Small,EMEA,2004-12-07,2004-12,28.0,449.53999999999996,0.29701230228471
10364,48,48.28,1,2317.44,1/6/2005 0:00,Shipped,1,1,2005,Motorcycles,40,S32_2206,Marseille Mini Autos,Marseille,,France,Small,EMEA,2005-01-06,2005-01,28.0,973.44,0.420049710024855
10378,40,82.46,1,3298.4,2/10/2005 0:00,Shipped,1,2,2005,Motorcycles,40,S32_2206,Euro Shopping Channel,Madrid,,Spain,Medium,EMEA,2005-02-10,2005-02,28.0,2178.4,0.6604414261460102
10390,41,44.56,11,1826.96,3/4/2005 0:00,Shipped,1,3,2005,Motorcycles,40,S32_2206,Mini Gifts Distributors Ltd.,San Rafael,CA,USA,Small,North America,2005-03-04,2005-03,28.0,678.96,0.37163375224416517
10403,30,40.23,2,1206.9,4/8/2005 0:00,Shipped,2,4,2005,Motorcycles,40,S32_2206,"UK Collectables, Ltd.",Liverpool,,UK,Small,EMEA,2005-04-08,2005-04,28.0,366.9000000000001,0.304001988565747
10104,35,47.62,11,1666.7,1/31/2003 0:00,Shipped,1,1,2003,Trucks and Buses,54,S32_2509,Euro Shopping Channel,Madrid,,Spain,Small,EMEA,2003-01-31,2003-01,37.8,343.70000000000005,0.20621587568248637
10114,28,55.73,2,1560.44,4/1/2003 0:00,Shipped,2,4,2003,Trucks and Buses,54,S32_2509,"La Corne D'abondance, Co.",Paris,,France,Small,EMEA,2003-04-01,2003-04,37.8,502.0400000000002,0.3217297685268259
10127,45,51.95,13,2337.75,6/3/2003 0:00,Shipped,2,6,2003,Trucks and Buses,54,S32_2509,Muscle Machine Inc,NYC,NY,USA,Small,North America,2003-06-03,2003-06,37.8,636.7500000000002,0.27237728585178067
10141,24,45.99,7,1103.76,8/1/2003 0:00,Shipped,3,8,2003,Trucks and Buses,54,S32_2509,Suominen Souveniers,Espoo,,Finland,Small,EMEA,2003-08-01,2003-08,37.8,196.56000000000006,0.17808219178082196
10151,41,63.85,5,2617.85,9/21/2003 0:00,Shipped,3,9,2003,Trucks and Buses,54,S32_2509,"Oulu Toy Supplies, Inc.",Oulu,,Finland,Small,EMEA,2003-09-21,2003-09,37.8,1068.05,0.40798747063429913
10165,48,45.99,14,2207.52,10/22/2003 0:00,Shipped,4,10,2003,Trucks and Buses,54,S32_2509,"Dragon Souveniers, Ltd.",Singapore,,Singapore,Small,Japan,2003-10-22,2003-10,37.8,393.1200000000001,0.17808219178082196
10175,50,63.31,3,3165.5,11/6/2003 0:00,Shipped,4,11,2003,Trucks and Buses,54,S32_2509,"Stylish Desk Decors, Co.",London,,UK,Medium,EMEA,2003-11-06,2003-11,37.8,1275.5000000000002,0.4029379244984995
10184,33,62.77,8,2071.41,11/14/2003 0:00,Shipped,4,11,2003,Trucks and Buses,54,S32_2509,"Iberia Gift Imports, Corp.",Sevilla,,Spain,Small,EMEA,2003-11-14,2003-11,37.8,824.01,0.3978014975306675
10195,32,43.29,8,1385.28,11/25/2003 0:00,Shipped,4,11,2003,Trucks and Buses,54,S32_2509,Mini Classics,White Plains,NY,USA,Small,North America,2003-11-25,2003-11,37.8,175.68000000000006,0.12681912681912685
10207,27,60.06,9,1621.62,12/9/2003 0:00,Shipped,4,12,2003,Trucks and Buses,54,S32_2509,Diecast Collectables,Boston,MA,USA,Small,North America,2003-12-09,2003-12,37.8,601.02,0.3706293706293706
10219,35,55.19,4,1931.65,2/10/2004 0:00,Shipped,1,2,2004,Trucks and Buses,54,S32_2509,Signal Collectibles Ltd.,Brisbane,CA,USA,Small,North America,2004-02-10,2004-02,37.8,608.6500000000001,0.3150933140061606
10229,23,54.11,3,1244.53,3/11/2004 0:00,Shipped,1,3,2004,Trucks and Buses,54,S32_2509,Mini Gifts Distributors Ltd.,San Rafael,CA,USA,Small,North America,2004-03-11,2004-03,37.8,375.13,0.3014230271668823
10246,35,48.7,7,1704.5,5/5/2004 0:00,Shipped,2,5,2004,Trucks and Buses,54,S32_2509,Euro Shopping Channel,Madrid,,Spain,Small,EMEA,2004-05-05,2004-05,37.8,381.5,0.22381930184804927
10259,40,43.83,6,1753.2,6/15/2004 0:00,Shipped,2,6,2004,Trucks and Buses,54,S32_2509,Handji Gifts& Co,Singapore,,Singapore,Small,APAC,2004-06-15,2004-06,37.8,241.20000000000005,0.1375770020533881
10271,35,47.62,7,1666.7,7/20/2004 0:00,Shipped,3,7,2004,Trucks and Buses,54,S32_2509,Mini Gifts Distributors Ltd.,San Rafael,CA,USA,Small,North America,2004-07-20,2004-07,37.8,343.70000000000005,0.20621587568248637
10281,31,55.19,3,1710.89,8/19/2004 0:00,Shipped,3,8,2004,Trucks and Buses,54,S32_2509,Diecast Classics Inc.,Allentown,PA,USA,Small,North America,2004-08-19,2004-08,37.8,539.0900000000001,0.3150933140061606
10292,50,46.53,10,2326.5,9/8/2004 0:00,Shipped,3,9,2004,Trucks and Buses,54,S32_2509,Land of Toys Inc.,NYC,NY,USA,Small,North America,2004-09-08,2004-09,37.8,436.5000000000002,0.18762088974854943
10305,40,57.9,7,2316.0,10/13/2004 0:00,Shipped,4,10,2004,Trucks and Buses,54,S32_2509,Marta's Replicas Co.,Cambridge,MA,USA,Small,North America,2004-10-13,2004-10,37.8,804.0,0.3471502590673575
10313,38,45.45,1,1727.1,10/22/2004 0:00,Shipped,4,10,2004,Trucks and Buses,54,S32_2509,Canadian Gift Exchange Network,Vancouver,BC,Canada,Small,North America,2004-10-22,2004-10,37.8,290.70000000000005,0.16831683168316836
10325,38,100.0,3,8844.12,11/5/2004 0:00,Shipped,4,11,2004,Trucks and Buses,54,S32_2509,Baane Mini Imports,Stavern,,Norway,Large,EMEA,2004-11-05,2004-11,37.8,7407.720000000001,0.8375870069605569
10335,40,60.6,3,2424.0,11/19/2004 0:00,Shipped,4,11,2004,Trucks and Buses,54,S32_2509,Mini Gifts Distributors Ltd.,San Rafael,CA,USA,Small,North America,2004-11-19,2004-11,37.8,912.0,0.37623762376237624
10349,33,46.53,1,1535.49,12/1/2004 0:00,Shipped,4,12,2004,Trucks and Buses,54,S32_2509,Muscle Machine Inc,NYC,NY,USA,Small,North America,2004-12-01,2004-12,37.8,288.09000000000015,0.18762088974854943
10359,36,100.0,3,6358.68,12/15/2004 0:00,Shipped,4,12,2004,Trucks and Buses,54,S32_2509,Reims Collectables,Reims,,France,Medium,EMEA,2004-12-15,2004-12,37.8,4997.88,0.7859933193681707
10371,20,66.47,2,1329.4,1/23/2005 0:00,Shipped,1,1,2005,Trucks and Buses,54,S32_2509,Mini Gifts Distributors Ltd.,San Rafael,CA,USA,Small,North America,2005-01-23,2005-01,37.8,573.4000000000001,0.4313224010831955
10383,32,53.18,5,1701.76,2/22/2005 0:00,Shipped,1,2,2005,Trucks and Buses,54,S32_2509,Euro Shopping Channel,Madrid,,Spain,Small,EMEA,2005-02-22,2005-02,37.8,492.1600000000001,0.28920646859721705
10394,36,62.77,3,2259.72,3/15/2005 0:00,Shipped,1,3,2005,Trucks and Buses,54,S32_2509,Euro Shopping Channel,Madrid,,Spain,Small,EMEA,2005-03-15,2005-03,37.8,898.9199999999998,0.39780149753066746
10412,19,48.7,7,925.3,5/3/2005 0:00,Shipped,2,5,2005,Trucks and Buses,54,S32_2509,Euro Shopping Channel,Madrid,,Spain,Small,EMEA,2005-05-03,2005-05,37.8,207.10000000000002,0.22381930184804932
10425,11,43.83,6,482.13,5/31/2005 0:00,In Process,2,5,2005,Trucks and Buses,54,S32_2509,La Rochelle Gifts,Nantes,,France,Small,EMEA,2005-05-31,2005-05,37.8,66.33000000000004,0.1375770020533882
10104,49,65.87,4,3227.63,1/31/2003 0:00,Shipped,1,1,2003,Trains,62,S32_3207,Euro Shopping Channel,Madrid,,Spain,Medium,EMEA,2003-01-31,2003-01,43.4,1101.0300000000002,0.3411264612114772
10116,27,63.38,1,1711.26,4/11/2003 0:00,Shipped,2,4,2003,Trains,62,S32_3207,Royale Belge,Charleroi,,Belgium,Small,EMEA,2003-04-11,2003-04,43.4,539.46,0.31524140107289367
10127,29,70.84,6,2054.36,6/3/2003 0:00,Shipped,2,6,2003,Trains,62,S32_3207,Muscle Machine Inc,NYC,NY,USA,Small,North America,2003-06-03,2003-06,43.4,795.7600000000002,0.3873517786561266
10142,42,74.57,16,3131.94,8/8/2003 0:00,Shipped,3,8,2003,Trains,62,S32_3207,Mini Gifts Distributors Ltd.,San Rafael,CA,USA,Medium,North America,2003-08-08,2003-08,43.4,1309.14,0.4179965133431675
10152,33,50.95,2,1681.35,9/25/2003 0:00,Shipped,3,9,2003,Trains,62,S32_3207,"Australian Gift Network, Co",South Brisbane,Queensland,Australia,Small,APAC,2003-09-25,2003-09,43.4,249.14999999999986,0.14818449460255145
10165,44,53.44,7,2351.36,10/22/2003 0:00,Shipped,4,10,2003,Trains,62,S32_3207,"Dragon Souveniers, Ltd.",Singapore,,Singapore,Small,Japan,2003-10-22,2003-10,43.4,441.7600000000002,0.18787425149700607
10176,22,64.0,6,1408.0,11/6/2003 0:00,Shipped,4,11,2003,Trains,62,S32_3207,L'ordine Souveniers,Reggio Emilia,,Italy,Small,EMEA,2003-11-06,2003-11,43.4,453.20000000000005,0.321875
10184,48,50.95,1,2445.6,11/14/2003 0:00,Shipped,4,11,2003,Trains,62,S32_3207,"Iberia Gift Imports, Corp.",Sevilla,,Spain,Small,EMEA,2003-11-14,2003-11,43.4,362.4000000000001,0.14818449460255156
10195,33,54.68,1,1804.44,11/25/2003 0:00,Shipped,4,11,2003,Trains,62,S32_3207,Mini Classics,White Plains,NY,USA,Small,North America,2003-11-25,2003-11,43.4,372.24,0.20629114850036576
10207,45,56.55,2,2544.75,12/9/2003 0:00,Shipped,4,12,2003,Trains,62,S32_3207,Diecast Collectables,Boston,MA,USA,Small,North America,2003-12-09,2003-12,43.4,591.75,0.23253757736516356
10220,20,52.82,6,1056.4,2/12/2004 0:00,Shipped,1,2,2004,Trains,62,S32_3207,"Clover Collections, Co.",Dublin,,Ireland,Small,EMEA,2004-02-12,2004-02,43.4,188.4000000000001,0.17834153729647867
10230,46,60.9,4,2801.4,3/15/2004 0:00,Shipped,1,3,2004,Trains,62,S32_3207,"Blauer See Auto, Co.",Frankfurt,,Germany,Small,EMEA,2004-03-15,2004-03,43.4,805.0000000000002,0.28735632183908055
10247,40,49.71,6,1988.4,5/5/2004 0:00,Shipped,2,5,2004,Trains,62,S32_3207,Suominen Souveniers,Espoo,,Finland,Small,EMEA,2004-05-05,2004-05,43.4,252.4000000000001,0.12693623013478178
10272,45,64.63,6,2908.35,7/20/2004 0:00,Shipped,3,7,2004,Trains,62,S32_3207,Diecast Classics Inc.,Allentown,PA,USA,Small,North America,2004-07-20,2004-07,43.4,955.3499999999999,0.3284852235803806
10282,36,59.65,9,2147.4,8/20/2004 0:00,Shipped,3,8,2004,Trains,62,S32_3207,Mini Gifts Distributors Ltd.,San Rafael,CA,USA,Small,North America,2004-08-20,2004-08,43.4,585.0000000000002,0.272422464375524
10292,31,67.73,3,2099.63,9/8/2004 0:00,Shipped,3,9,2004,Trains,62,S32_3207,Land of Toys Inc.,NYC,NY,USA,Small,North America,2004-09-08,2004-09,43.4,754.2300000000002,0.35922043407648024
10306,46,50.33,17,2315.18,10/14/2004 0:00,Shipped,4,10,2004,Trains,62,S32_3207,"AV Stores, Co.",Manchester,,UK,Small,EMEA,2004-10-14,2004-10,43.4,318.78,0.1376912378303199
10314,35,66.49,9,2327.15,10/22/2004 0:00,Shipped,4,10,2004,Trains,62,S32_3207,Heintze Collectables,Aaarhus,,Denmark,Small,EMEA,2004-10-22,2004-10,43.4,808.1500000000001,0.34727026620544443
10325,28,100.0,2,5377.4,11/5/2004 0:00,Shipped,4,11,2004,Trains,62,S32_3207,Baane Mini Imports,Stavern,,Norway,Medium,EMEA,2004-11-05,2004-11,43.4,4162.2,0.7740171830252539
10336,31,84.71,9,2626.01,11/20/2004 0:00,Shipped,4,11,2004,Trains,62,S32_3207,"La Corne D'abondance, Co.",Paris,,France,Small,EMEA,2004-11-20,2004-11,43.4,1280.6100000000004,0.4876637941211192
10350,27,100.0,14,4406.4,12/2/2004 0:00,Shipped,4,12,2004,Trains,62,S32_3207,Euro Shopping Channel,Madrid,,Spain,Medium,EMEA,2004-12-02,2004-12,43.4,3234.5999999999995,0.7340686274509803
10359,22,100.0,1,4301.22,12/15/2004 0:00,Shipped,4,12,2004,Trains,62,S32_3207,Reims Collectables,Reims,,France,Medium,EMEA,2004-12-15,2004-12,43.4,3346.42,0.778016469745793
10371,30,99.55,11,2986.5,1/23/2005 0:00,Shipped,1,1,2005,Trains,62,S32_3207,Mini Gifts Distributors Ltd.,San Rafael,CA,USA,Small,North America,2005-01-23,2005-01,43.4,1684.5,0.5640381717729784
10383,44,36.07,8,1587.08,2/22/2005 0:00,Shipped,1,2,2005,Trains,62,S32_3207,Euro Shopping Channel,Madrid,,Spain,Small,EMEA,2005-02-22,2005-02,43.4,-322.52,-0.2032159689492653
10394,30,60.28,4,1808.4,3/15/2005 0:00,Shipped,1,3,2005,Trains,62,S32_3207,Euro Shopping Channel,Madrid,,Spain,Small,EMEA,2005-03-15,2005-03,43.4,506.4000000000001,0.28002654280026545
10413,24,49.71,6,1193.04,5/5/2005 0:00,Shipped,2,5,2005,Trains,62,S32_3207,Gift Depot Inc.,Bridgewater,CT,USA,Small,North America,2005-05-05,2005-05,43.4,151.44000000000005,0.12693623013478178
10103,45,75.63,7,3403.35,1/29/2003 0:00,Shipped,1,1,2003,Trucks and Buses,64,S32_3522,Baane Mini Imports,Stavern,,Norway,Medium,EMEA,2003-01-29,2003-01,44.8,1387.3500000000001,0.4076424699193442
10113,23,68.52,1,1575.96,3/26/2003 0:00,Shipped,1,3,2003,Trucks and Buses,64,S32_3522,Mini Gifts Distributors Ltd.,San Rafael,CA,USA,Small,North America,2003-03-26,2003-03,44.8,545.5600000000002,0.3461762988908349
10126,26,62.7,7,1630.2,5/28/2003 0:00,Shipped,2,5,2003,Trucks and Buses,64,S32_3522,"Corrida Auto Replicas, Ltd",Madrid,,Spain,Small,EMEA,2003-05-28,2003-05,44.8,465.4000000000001,0.2854864433811803
10140,28,60.76,7,1701.28,7/24/2003 0:00,Shipped,3,7,2003,Trucks and Buses,64,S32_3522,Technics Stores Inc.,Burlingame,CA,USA,Small,North America,2003-07-24,2003-07,44.8,446.8800000000001,0.2626728110599079
10150,49,58.18,4,2850.82,9/19/2003 0:00,Shipped,3,9,2003,Trucks and Buses,64,S32_3522,"Dragon Souveniers, Ltd.",Singapore,,Singapore,Small,Japan,2003-09-19,2003-09,44.8,655.6200000000003,0.2299759367480235
10164,49,54.94,5,2692.06,10/21/2003 0:00,Resolved,4,10,2003,Trucks and Buses,64,S32_3522,Mini Auto Werke,Graz,,Austria,Small,EMEA,2003-10-21,2003-10,44.8,496.8600000000001,0.18456497997815804
10175,29,74.98,12,2174.42,11/6/2003 0:00,Shipped,4,11,2003,Trucks and Buses,64,S32_3522,"Stylish Desk Decors, Co.",London,,UK,Small,EMEA,2003-11-06,2003-11,44.8,875.2200000000003,0.40250733528941063
10183,49,64.64,4,3167.36,11/13/2003 0:00,Shipped,4,11,2003,Trucks and Buses,64,S32_3522,"Classic Gift Ideas, Inc",Philadelphia,PA,USA,Medium,North America,2003-11-13,2003-11,44.8,972.1600000000003,0.30693069306930704
10194,39,54.94,7,2142.66,11/25/2003 0:00,Shipped,4,11,2003,Trucks and Buses,64,S32_3522,"Saveley & Henriot, Co.",Lyon,,France,Small,EMEA,2003-11-25,2003-11,44.8,395.46000000000004,0.18456497997815802
10206,36,58.82,2,2117.52,12/5/2003 0:00,Shipped,4,12,2003,Trucks and Buses,64,S32_3522,Canadian Gift Exchange Network,Vancouver,BC,Canada,Small,North America,2003-12-05,2003-12,44.8,504.72,0.2383543012580755
10217,39,62.05,7,2419.95,2/4/2004 0:00,Shipped,1,2,2004,Trucks and Buses,64,S32_3522,Handji Gifts& Co,Singapore,,Singapore,Small,APAC,2004-02-04,2004-02,44.8,672.75,0.27800161160354553
10229,30,73.04,12,2191.2,3/11/2004 0:00,Shipped,1,3,2004,Trucks and Buses,64,S32_3522,Mini Gifts Distributors Ltd.,San Rafael,CA,USA,Small,North America,2004-03-11,2004-03,44.8,847.1999999999998,0.3866374589266155
10245,44,69.16,5,3043.04,5/4/2004 0:00,Shipped,2,5,2004,Trucks and Buses,64,S32_3522,Super Scale Inc.,New Haven,CT,USA,Medium,North America,2004-05-04,2004-05,44.8,1071.8400000000001,0.35222672064777333
10258,20,61.41,2,1228.2,6/15/2004 0:00,Shipped,2,6,2004,Trucks and Buses,64,S32_3522,"Tokyo Collectables, Ltd",Minato-ku,Tokyo,Japan,Small,Japan,2004-06-15,2004-06,44.8,332.20000000000005,0.27047712099006677
10270,21,63.35,5,1330.35,7/19/2004 0:00,Shipped,3,7,2004,Trucks and Buses,64,S32_3522,Souveniers And Things Co.,Chatswood,NSW,Australia,Small,APAC,2004-07-19,2004-07,44.8,389.54999999999995,0.292817679558011
10281,36,77.57,12,2792.52,8/19/2004 0:00,Shipped,3,8,2004,Trucks and Buses,64,S32_3522,Diecast Classics Inc.,Allentown,PA,USA,Small,North America,2004-08-19,2004-08,44.8,1179.72,0.4224571354905247
10291,32,71.75,7,2296.0,9/8/2004 0:00,Shipped,3,9,2004,Trucks and Buses,64,S32_3522,Scandinavian Gift Ideas,Boras,,Sweden,Small,EMEA,2004-09-08,2004-09,44.8,862.4000000000001,0.37560975609756103
10304,36,73.04,2,2629.44,10/11/2004 0:00,Shipped,4,10,2004,Trucks and Buses,64,S32_3522,Auto Assoc. & Cie.,Versailles,,France,Small,EMEA,2004-10-11,2004-10,44.8,1016.6400000000001,0.3866374589266156
10313,34,56.24,10,1912.16,10/22/2004 0:00,Shipped,4,10,2004,Trucks and Buses,64,S32_3522,Canadian Gift Exchange Network,Vancouver,BC,Canada,Small,North America,2004-10-22,2004-10,44.8,388.96000000000026,0.20341394025604564
10324,48,100.0,4,8209.44,11/5/2004 0:00,Shipped,4,11,2004,Trucks and Buses,64,S32_3522,Vitachrome Inc.,NYC,NY,USA,Large,North America,2004-11-05,2004-11,44.8,6059.040000000001,0.7380576507045549
10333,33,73.69,4,2431.77,11/18/2004 0:00,Shipped,4,11,2004,Trucks and Buses,64,S32_3522,Mini Wheels Co.,San Francisco,CA,USA,Small,North America,2004-11-18,2004-11,44.8,953.3700000000001,0.392047767675397
10348,31,100.0,5,3139.99,11/1/2004 0:00,Shipped,4,11,2004,Trucks and Buses,64,S32_3522,"Corrida Auto Replicas, Ltd",Madrid,,Spain,Medium,EMEA,2004-11-01,2004-11,44.8,1751.1899999999998,0.557705597788528
10358,36,100.0,2,5669.64,12/10/2004 0:00,Shipped,4,12,2004,Trucks and Buses,64,S32_3522,Euro Shopping Channel,Madrid,,Spain,Medium,EMEA,2004-12-10,2004-12,44.8,4056.84,0.7155374944440916
10370,25,100.0,3,3160.25,1/20/2005 0:00,Shipped,1,1,2005,Trucks and Buses,64,S32_3522,"Anna's Decorations, Ltd",North Sydney,NSW,Australia,Medium,APAC,2005-01-20,2005-01,44.8,2040.25,0.6455976584131002
10382,48,100.0,8,6799.68,2/17/2005 0:00,Shipped,1,2,2005,Trucks and Buses,64,S32_3522,Mini Gifts Distributors Ltd.,San Rafael,CA,USA,Medium,North America,2005-02-17,2005-02,44.8,4649.280000000001,0.6837498235211069
10411,27,69.16,5,1867.32,5/1/2005 0:00,Shipped,2,5,2005,Trucks and Buses,64,S32_3522,Quebec Home Shopping Network,Montreal,Quebec,Canada,Small,North America,2005-05-01,2005-05,44.8,657.72,0.35222672064777333
10424,44,61.41,2,2702.04,5/31/2005 0:00,In Process,2,5,2005,Trucks and Buses,64,S32_3522,Euro Shopping Channel,Madrid,,Spain,Small,EMEA,2005-05-31,2005-05,44.8,730.8400000000001,0.2704771209900668
10106,33,72.92,5,2406.36,2/17/2003 0:00,Shipped,1,2,2003,Vintage Cars,68,S32_4289,Rovelli Gifts,Bergamo,,Italy,Small,EMEA,2003-02-17,2003-02,47.599999999999994,835.5600000000004,0.347229840921558
10120,29,72.23,11,2094.67,4/29/2003 0:00,Shipped,2,4,2003,Vintage Cars,68,S32_4289,"Australian Collectors, Co.",Melbourne,Victoria,Australia,Small,APAC,2003-04-29,2003-04,47.599999999999994,714.2700000000002,0.34099404679496065
10133,49,57.1,6,2797.9,6/27/2003 0:00,Shipped,2,6,2003,Vintage Cars,68,S32_4289,Euro Shopping Channel,Madrid,,Spain,Small,EMEA,2003-06-27,2003-06,47.599999999999994,465.50000000000045,0.16637478108581452
10144,20,81.86,1,1637.2,8/13/2003 0:00,Shipped,3,8,2003,Vintage Cars,68,S32_4289,Royale Belge,Charleroi,,Belgium,Small,EMEA,2003-08-13,2003-08,47.599999999999994,685.2000000000002,0.4185194234058149
10168,31,73.61,12,2281.91,10/28/2003 0:00,Shipped,4,10,2003,Vintage Cars,68,S32_4289,Technics Stores Inc.,Burlingame,CA,USA,Small,North America,2003-10-28,2003-10,47.599999999999994,806.31,0.3533487297921478
10210,39,59.16,10,2307.24,1/12/2004 0:00,Shipped,1,1,2004,Vintage Cars,68,S32_4289,Osaka Souveniers Co.,Osaka,Osaka,Japan,Small,Japan,2004-01-12,2004-01,47.599999999999994,450.8399999999999,0.1954022988505747
10223,20,66.04,12,1320.8,2/20/2004 0:00,Shipped,1,2,2004,Vintage Cars,68,S32_4289,"Australian Collectors, Co.",Melbourne,Victoria,Australia,Small,APAC,2004-02-20,2004-02,47.599999999999994,368.80000000000007,0.2792247122955785
10235,34,77.73,6,2642.82,4/2/2004 0:00,Shipped,2,4,2004,Vintage Cars,68,S32_4289,"Royal Canadian Collectables, Ltd.",Tsawassen,BC,Canada,Small,North America,2004-04-02,2004-04,47.599999999999994,1024.4200000000003,0.3876238260645826
10250,50,61.22,7,3061.0,5/11/2004 0:00,Shipped,2,5,2004,Vintage Cars,68,S32_4289,The Sharp Gifts Warehouse,San Jose,CA,USA,Medium,North America,2004-05-11,2004-05,47.599999999999994,681.0000000000005,0.22247631492976166
10262,40,79.11,2,3164.4,6/24/2004 0:00,Cancelled,2,6,2004,Vintage Cars,68,S32_4289,Euro Shopping Channel,Madrid,,Spain,Medium,EMEA,2004-06-24,2004-06,47.599999999999994,1260.4000000000003,0.398306155985337
10275,28,63.97,12,1791.16,7/23/2004 0:00,Shipped,3,7,2004,Vintage Cars,68,S32_4289,La Rochelle Gifts,Nantes,,France,Small,EMEA,2004-07-23,2004-07,47.599999999999994,458.36000000000035,0.25590120368922953
10284,50,81.86,4,4093.0,8/21/2004 0:00,Shipped,3,8,2004,Vintage Cars,68,S32_4289,"Norway Gifts By Mail, Co.",Oslo,,Norway,Medium,EMEA,2004-08-21,2004-08,47.599999999999994,1713.0000000000005,0.41851942340581494
10297,28,79.8,7,2234.4,9/16/2004 0:00,Shipped,3,9,2004,Vintage Cars,68,S32_4289,"Clover Collections, Co.",Dublin,,Ireland,Small,EMEA,2004-09-16,2004-09,47.599999999999994,901.6000000000004,0.4035087719298247
10308,46,66.04,10,3037.84,10/15/2004 0:00,Shipped,4,10,2004,Vintage Cars,68,S32_4289,Mini Classics,White Plains,NY,USA,Medium,North America,2004-10-15,2004-10,47.599999999999994,848.2400000000002,0.2792247122955785
10316,24,59.16,2,1419.84,11/1/2004 0:00,Shipped,4,11,2004,Vintage Cars,68,S32_4289,giftsbymail.co.uk,Cowes,Isle of Wight,UK,Small,EMEA,2004-11-01,2004-11,47.599999999999994,277.44000000000005,0.19540229885057475
10328,24,81.17,5,1948.08,11/12/2004 0:00,Shipped,4,11,2004,Vintage Cars,68,S32_4289,Rovelli Gifts,Bergamo,,Italy,Small,EMEA,2004-11-12,2004-11,47.599999999999994,805.6800000000001,0.4135764444991993
10340,39,59.16,3,2307.24,11/24/2004 0:00,Shipped,4,11,2004,Vintage Cars,68,S32_4289,Enaco Distributors,Barcelona,,Spain,Small,EMEA,2004-11-24,2004-11,47.599999999999994,450.8399999999999,0.1954022988505747
10353,40,44.51,7,1780.4,12/4/2004 0:00,Shipped,4,12,2004,Vintage Cars,68,S32_4289,Gift Ideas Corp.,Glendale,CT,USA,Small,North America,2004-12-04,2004-12,47.599999999999994,-123.59999999999968,-0.06942260166254756
10361,49,72.33,2,3544.17,12/17/2004 0:00,Shipped,4,12,2004,Vintage Cars,68,S32_4289,Souveniers And Things Co.,Chatswood,NSW,Australia,Medium,APAC,2004-12-17,2004-12,47.599999999999994,1211.7700000000004,0.3419051569196738
10375,44,82.26,4,3619.44,2/3/2005 0:00,Shipped,1,2,2005,Vintage Cars,68,S32_4289,La Rochelle Gifts,Nantes,,France,Medium,EMEA,2005-02-03,2005-02,47.599999999999994,1525.0400000000004,0.4213469486992464
10388,35,100.0,8,3918.95,3/3/2005 0:00,Shipped,1,3,2005,Vintage Cars,68,S32_4289,FunGiftIdeas.com,New Bedford,MA,USA,Medium,North America,2005-03-03,2005-03,47.599999999999994,2252.95,0.57488613021345
10398,22,67.41,4,1483.02,3/30/2005 0:00,Shipped,1,3,2005,Vintage Cars,68,S32_4289,Reims Collectables,Reims,,France,Small,EMEA,2005-03-30,2005-03,47.599999999999994,435.82000000000016,0.29387331256490146
10401,62,77.73,6,4819.26,4/3/2005 0:00,On Hold,2,4,2005,Vintage Cars,68,S32_4289,Tekni Collectables Inc.,Newark,NJ,USA,Medium,North America,2005-04-03,2005-04,47.599999999999994,1868.0600000000004,0.3876238260645826
10416,26,61.22,7,1591.72,5/10/2005 0:00,Shipped,2,5,2005,Vintage Cars,68,S32_4289,L'ordine Souveniers,Reggio Emilia,,Italy,Small,EMEA,2005-05-10,2005-05,47.599999999999994,354.1200000000001,0.22247631492976158
10108,31,100.0,16,3669.78,3/3/2003 0:00,Shipped,1,3,2003,Motorcycles,102,S32_4485,Cruz & Sons Co.,Makati City,,Philippines,Medium,Japan,2003-03-03,2003-03,71.39999999999999,1456.3800000000006,0.3968575772934619
10121,25,86.74,3,2168.5,5/7/2003 0:00,Shipped,2,5,2003,Motorcycles,102,S32_4485,Reims Collectables,Reims,,France,Small,EMEA,2003-05-07,2003-05,71.39999999999999,383.5000000000002,0.17685035738990096
10135,30,89.8,17,2694.0,7/2/2003 0:00,Shipped,3,7,2003,Motorcycles,102,S32_4485,Mini Gifts Distributors Ltd.,San Rafael,CA,USA,Small,North America,2003-07-02,2003-07,71.39999999999999,552.0000000000005,0.20489977728285094
10145,27,100.0,4,3251.34,8/25/2003 0:00,Shipped,3,8,2003,Motorcycles,102,S32_4485,Toys4GrownUps.com,Pasadena,CA,USA,Medium,North America,2003-08-25,2003-08,71.39999999999999,1323.5400000000004,0.40707523667164935
10159,23,100.0,12,2347.15,10/10/2003 0:00,Shipped,4,10,2003,Motorcycles,102,S32_4485,Corporate Gift Ideas Co.,San Francisco,CA,USA,Small,North America,2003-10-10,2003-10,71.39999999999999,704.9500000000003,0.30034296913277814
10169,34,100.0,12,3920.88,11/4/2003 0:00,Shipped,4,11,2003,Motorcycles,102,S32_4485,"Anna's Decorations, Ltd",North Sydney,NSW,Australia,Medium,APAC,2003-11-04,2003-11,71.39999999999999,1493.2800000000002,0.380853277835588
10180,22,100.0,7,2514.6,11/11/2003 0:00,Shipped,4,11,2003,Motorcycles,102,S32_4485,Daedalus Designs Imports,Lille,,France,Small,EMEA,2003-11-11,2003-11,71.39999999999999,943.8000000000002,0.3753280839895014
10190,42,85.72,4,3600.24,11/19/2003 0:00,Shipped,4,11,2003,Motorcycles,102,S32_4485,Euro Shopping Channel,Madrid,,Spain,Medium,EMEA,2003-11-19,2003-11,71.39999999999999,601.44,0.16705552963135795
10211,37,100.0,12,4040.03,1/15/2004 0:00,Shipped,1,1,2004,Motorcycles,102,S32_4485,Auto Canal Petit,Paris,,France,Medium,EMEA,2004-01-15,2004-01,71.39999999999999,1398.2300000000005,0.34609396464877745
10224,30,100.0,5,3336.9,2/21/2004 0:00,Shipped,1,2,2004,Motorcycles,102,S32_4485,Daedalus Designs Imports,Lille,,France,Medium,EMEA,2004-02-21,2004-02,71.39999999999999,1194.9000000000005,0.35808684707363136
10237,27,100.0,5,3113.64,4/5/2004 0:00,Shipped,2,4,2004,Motorcycles,102,S32_4485,Vitachrome Inc.,NYC,NY,USA,Medium,North America,2004-04-05,2004-04,71.39999999999999,1185.8400000000001,0.380853277835588
10252,25,100.0,9,2832.0,5/26/2004 0:00,Shipped,2,5,2004,Motorcycles,102,S32_4485,Auto Canal Petit,Paris,,France,Small,EMEA,2004-05-26,2004-05,71.39999999999999,1047.0000000000002,0.36970338983050854
10264,34,97.97,7,3330.98,6/30/2004 0:00,Shipped,2,6,2004,Motorcycles,102,S32_4485,Gifts4AllAges.com,Boston,MA,USA,Medium,North America,2004-06-30,2004-06,71.39999999999999,903.3800000000001,0.2712054710625702
10276,38,100.0,13,4304.64,8/2/2004 0:00,Shipped,3,8,2004,Motorcycles,102,S32_4485,Online Mini Collectables,Brickhaven,MA,USA,Medium,North America,2004-08-02,2004-08,71.39999999999999,1591.4400000000005,0.36970338983050854
10285,26,100.0,4,2600.26,8/27/2004 0:00,Shipped,3,8,2004,Motorcycles,102,S32_4485,Marta's Replicas Co.,Cambridge,MA,USA,Small,North America,2004-08-27,2004-08,71.39999999999999,743.8600000000004,0.28607139286071404
10299,38,100.0,7,4382.16,9/30/2004 0:00,Shipped,3,9,2004,Motorcycles,102,S32_4485,"Toys of Finland, Co.",Helsinki,,Finland,Medium,EMEA,2004-09-30,2004-09,71.39999999999999,1668.96,0.380853277835588
10309,50,84.7,3,4235.0,10/15/2004 0:00,Shipped,4,10,2004,Motorcycles,102,S32_4485,Baane Mini Imports,Stavern,,Norway,Medium,EMEA,2004-10-15,2004-10,71.39999999999999,665.0000000000005,0.15702479338842987
10319,22,100.0,8,2626.8,11/3/2004 0:00,Shipped,4,11,2004,Motorcycles,102,S32_4485,Microscale Inc.,NYC,NY,USA,Small,North America,2004-11-03,2004-11,71.39999999999999,1056.0000000000005,0.4020100502512564
10331,32,100.0,4,5026.56,11/17/2004 0:00,Shipped,4,11,2004,Motorcycles,102,S32_4485,Motor Mint Distributors Inc.,Philadelphia,PA,USA,Medium,North America,2004-11-17,2004-11,71.39999999999999,2741.7600000000007,0.5454545454545455
10341,31,71.02,4,2201.62,11/24/2004 0:00,Shipped,4,11,2004,Motorcycles,102,S32_4485,Salzburg Collectables,Salzburg,,Austria,Small,EMEA,2004-11-24,2004-11,71.39999999999999,-11.779999999999745,-0.0053506054632496735
10355,40,100.0,5,4326.8,12/7/2004 0:00,Shipped,4,12,2004,Motorcycles,102,S32_4485,Euro Shopping Channel,Madrid,,Spain,Medium,EMEA,2004-12-07,2004-12,71.39999999999999,1470.8000000000006,0.33992789128224105
10365,22,100.0,3,3425.18,1/7/2005 0:00,Shipped,1,1,2005,Motorcycles,102,S32_4485,Mini Creations Ltd.,New Bedford,MA,USA,Medium,North America,2005-01-07,2005-01,71.39999999999999,1854.38,0.5413963645706211
10375,41,100.0,15,4701.88,2/3/2005 0:00,Shipped,1,2,2005,Motorcycles,102,S32_4485,La Rochelle Gifts,Nantes,,France,Medium,EMEA,2005-02-03,2005-02,71.39999999999999,1774.4800000000005,0.37739797697942107
10390,45,48.98,12,2204.1,3/4/2005 0:00,Shipped,1,3,2005,Motorcycles,102,S32_4485,Mini Gifts Distributors Ltd.,San Rafael,CA,USA,Small,North America,2005-03-04,2005-03,71.39999999999999,-1008.8999999999996,-0.457737852184565
10403,45,100.0,5,5189.4,4/8/2005 0:00,Shipped,2,4,2005,Motorcycles,102,S32_4485,"UK Collectables, Ltd.",Liverpool,,UK,Medium,EMEA,2005-04-08,2005-04,71.39999999999999,1976.4,0.380853277835588
10106,39,40.15,6,1565.85,2/17/2003 0:00,Shipped,1,2,2003,Vintage Cars,43,S50_1341,Rovelli Gifts,Bergamo,,Italy,Small,EMEA,2003-02-17,2003-02,30.099999999999998,391.95000000000005,0.2503113325031134
10120,49,50.62,12,2480.38,4/29/2003 0:00,Shipped,2,4,2003,Vintage Cars,43,S50_1341,"Australian Collectors, Co.",Melbourne,Victoria,Australia,Small,APAC,2003-04-29,2003-04,30.099999999999998,1005.4800000000002,0.4053733702094035
10133,27,50.19,7,1355.13,6/27/2003 0:00,Shipped,2,6,2003,Vintage Cars,43,S50_1341,Euro Shopping Channel,Madrid,,Spain,Small,EMEA,2003-06-27,2003-06,30.099999999999998,542.4300000000002,0.4002789400278941
10143,34,36.66,1,1246.44,8/10/2003 0:00,Shipped,3,8,2003,Vintage Cars,43,S50_1341,Mini Creations Ltd.,New Bedford,MA,USA,Small,North America,2003-08-10,2003-08,30.099999999999998,223.04000000000008,0.17894162575013645
10156,20,41.02,1,820.4,10/8/2003 0:00,Shipped,4,10,2003,Vintage Cars,43,S50_1341,Euro Shopping Channel,Madrid,,Spain,Small,EMEA,2003-10-08,2003-10,30.099999999999998,218.39999999999998,0.2662116040955631
10168,48,51.93,13,2492.64,10/28/2003 0:00,Shipped,4,10,2003,Vintage Cars,43,S50_1341,Technics Stores Inc.,Burlingame,CA,USA,Small,North America,2003-10-28,2003-10,30.099999999999998,1047.84,0.4203735798189871
10199,29,38.4,1,1113.6,12/1/2003 0:00,Shipped,4,12,2003,Vintage Cars,43,S50_1341,West Coast Collectables Co.,Burbank,CA,USA,Small,North America,2003-12-01,2003-12,30.099999999999998,240.69999999999993,0.2161458333333333
10210,43,41.02,11,1763.86,1/12/2004 0:00,Shipped,1,1,2004,Vintage Cars,43,S50_1341,Osaka Souveniers Co.,Osaka,Osaka,Japan,Small,Japan,2004-01-12,2004-01,30.099999999999998,469.55999999999995,0.2662116040955631
10223,41,46.26,13,1896.66,2/20/2004 0:00,Shipped,1,2,2004,Vintage Cars,43,S50_1341,"Australian Collectors, Co.",Melbourne,Victoria,Australia,Small,APAC,2004-02-20,2004-02,30.099999999999998,662.5600000000002,0.3493298746217035
10235,41,35.35,7,1449.35,4/2/2004 0:00,Shipped,2,4,2004,Vintage Cars,43,S50_1341,"Royal Canadian Collectables, Ltd.",Tsawassen,BC,Canada,Small,North America,2004-04-02,2004-04,30.099999999999998,215.25,0.14851485148514854
10250,36,51.93,8,1869.48,5/11/2004 0:00,Shipped,2,5,2004,Vintage Cars,43,S50_1341,The Sharp Gifts Warehouse,San Jose,CA,USA,Small,North America,2004-05-11,2004-05,30.099999999999998,785.8800000000001,0.42037357981898715
10262,49,37.97,3,1860.53,6/24/2004 0:00,Cancelled,2,6,2004,Vintage Cars,43,S50_1341,Euro Shopping Channel,Madrid,,Spain,Small,EMEA,2004-06-24,2004-06,30.099999999999998,385.6300000000001,0.20726889649723473
10275,38,45.39,13,1724.82,7/23/2004 0:00,Shipped,3,7,2004,Vintage Cars,43,S50_1341,La Rochelle Gifts,Nantes,,France,Small,EMEA,2004-07-23,2004-07,30.099999999999998,581.02,0.33685833884115446
10284,33,51.93,5,1713.69,8/21/2004 0:00,Shipped,3,8,2004,Vintage Cars,43,S50_1341,"Norway Gifts By Mail, Co.",Oslo,,Norway,Small,EMEA,2004-08-21,2004-08,30.099999999999998,720.3900000000001,0.42037357981898715
10296,26,48.44,1,1259.44,9/15/2004 0:00,Shipped,3,9,2004,Vintage Cars,43,S50_1341,"Bavarian Collectables Imports, Co.",Munich,,Germany,Small,EMEA,2004-09-15,2004-09,30.099999999999998,476.84000000000015,0.3786127167630059
10308,47,43.64,11,2051.08,10/15/2004 0:00,Shipped,4,10,2004,Vintage Cars,43,S50_1341,Mini Classics,White Plains,NY,USA,Small,North America,2004-10-15,2004-10,30.099999999999998,636.3800000000001,0.31026581118240154
10316,34,47.57,3,1617.38,11/1/2004 0:00,Shipped,4,11,2004,Vintage Cars,43,S50_1341,giftsbymail.co.uk,Cowes,Isle of Wight,UK,Small,EMEA,2004-11-01,2004-11,30.099999999999998,593.9800000000001,0.36724826571368513
10328,34,51.93,7,1765.62,11/12/2004 0:00,Shipped,4,11,2004,Vintage Cars,43,S50_1341,Rovelli Gifts,Bergamo,,Italy,Small,EMEA,2004-11-12,2004-11,30.099999999999998,742.2199999999999,0.4203735798189871
10340,40,50.62,4,2024.8,11/24/2004 0:00,Shipped,4,11,2004,Vintage Cars,43,S50_1341,Enaco Distributors,Barcelona,,Spain,Small,EMEA,2004-11-24,2004-11,30.099999999999998,820.8,0.4053733702094034
10353,40,82.21,8,3288.4,12/4/2004 0:00,Shipped,4,12,2004,Vintage Cars,43,S50_1341,Gift Ideas Corp.,Glendale,CT,USA,Medium,North America,2004-12-04,2004-12,30.099999999999998,2084.4,0.6338644933706362
10361,33,82.59,3,2725.47,12/17/2004 0:00,Shipped,4,12,2004,Vintage Cars,43,S50_1341,Souveniers And Things Co.,Chatswood,NSW,Australia,Small,APAC,2004-12-17,2004-12,30.099999999999998,1732.1699999999998,0.6355490979537474
10375,49,65.8,5,3224.2,2/3/2005 0:00,Shipped,1,2,2005,Vintage Cars,43,S50_1341,La Rochelle Gifts,Nantes,,France,Medium,EMEA,2005-02-03,2005-02,30.099999999999998,1749.3,0.5425531914893618
10388,27,100.0,1,3211.38,3/3/2005 0:00,Shipped,1,3,2005,Vintage Cars,43,S50_1341,FunGiftIdeas.com,New Bedford,MA,USA,Medium,North America,2005-03-03,2005-03,30.099999999999998,2398.6800000000003,0.7469312258281487
10398,49,36.66,5,1796.34,3/30/2005 0:00,Shipped,1,3,2005,Vintage Cars,43,S50_1341,Reims Collectables,Reims,,France,Small,EMEA,2005-03-30,2005-03,30.099999999999998,321.44000000000005,0.17894162575013642
10401,56,35.35,7,1979.6,4/3/2005 0:00,On Hold,2,4,2005,Vintage Cars,43,S50_1341,Tekni Collectables Inc.,Newark,NJ,USA,Small,North America,2005-04-03,2005-04,30.099999999999998,294.0,0.1485148514851485
10416,37,51.93,8,1921.41,5/10/2005 0:00,Shipped,2,5,2005,Vintage Cars,43,S50_1341,L'ordine Souveniers,Reggio Emilia,,Italy,Small,EMEA,2005-05-10,2005-05,30.099999999999998,807.7100000000003,0.4203735798189872
10104,33,100.0,7,3705.24,1/31/2003 0:00,Shipped,1,1,2003,Trucks and Buses,115,S50_1392,Euro Shopping Channel,Madrid,,Spain,Medium,EMEA,2003-01-31,2003-01,80.5,1048.7399999999998,0.28304239401496256
10115,27,100.0,3,2843.91,4/4/2003 0:00,Shipped,2,4,2003,Trucks and Buses,115,S50_1392,Classic Legends Inc.,NYC,NY,USA,Small,North America,2003-04-04,2003-04,80.5,670.4099999999999,0.23573530807936957
10127,46,100.0,9,6176.42,6/3/2003 0:00,Shipped,2,6,2003,Trucks and Buses,115,S50_1392,Muscle Machine Inc,NYC,NY,USA,Medium,North America,2003-06-03,2003-06,80.5,2473.42,0.40046175616295526
10141,44,100.0,3,5500.44,8/1/2003 0:00,Shipped,3,8,2003,Trucks and Buses,115,S50_1392,Suominen Souveniers,Espoo,,Finland,Medium,EMEA,2003-08-01,2003-08,80.5,1958.4399999999996,0.35605151587872963
10151,26,100.0,1,3220.1,9/21/2003 0:00,Shipped,3,9,2003,Trucks and Buses,115,S50_1392,"Oulu Toy Supplies, Inc.",Oulu,,Finland,Medium,EMEA,2003-09-21,2003-09,80.5,1127.1,0.35002018570851834
10165,48,94.92,10,4556.16,10/22/2003 0:00,Shipped,4,10,2003,Trucks and Buses,115,S50_1392,"Dragon Souveniers, Ltd.",Singapore,,Singapore,Medium,Japan,2003-10-22,2003-10,80.5,692.1599999999999,0.1519174041297935
10176,23,100.0,9,3114.89,11/6/2003 0:00,Shipped,4,11,2003,Trucks and Buses,115,S50_1392,L'ordine Souveniers,Reggio Emilia,,Italy,Medium,EMEA,2003-11-06,2003-11,80.5,1263.3899999999999,0.4055969873735509
10184,45,100.0,4,4948.2,11/14/2003 0:00,Shipped,4,11,2003,Trucks and Buses,115,S50_1392,"Iberia Gift Imports, Corp.",Sevilla,,Spain,Medium,EMEA,2003-11-14,2003-11,80.5,1325.6999999999998,0.2679156056747908
10195,49,100.0,4,5161.17,11/25/2003 0:00,Shipped,4,11,2003,Trucks and Buses,115,S50_1392,Mini Classics,White Plains,NY,USA,Medium,North America,2003-11-25,2003-11,80.5,1216.67,0.2357353080793696
10207,28,94.92,5,2657.76,12/9/2003 0:00,Shipped,4,12,2003,Trucks and Buses,115,S50_1392,Diecast Collectables,Boston,MA,USA,Small,North America,2003-12-09,2003-12,80.5,403.7600000000002,0.15191740412979357
10220,37,100.0,9,3983.05,2/12/2004 0:00,Shipped,1,2,2004,Trucks and Buses,115,S50_1392,"Clover Collections, Co.",Dublin,,Ireland,Medium,EMEA,2004-02-12,2004-02,80.5,1004.5500000000002,0.2522062238736647
10230,34,100.0,7,3974.94,3/15/2004 0:00,Shipped,1,3,2004,Trucks and Buses,115,S50_1392,"Blauer See Auto, Co.",Frankfurt,,Germany,Medium,EMEA,2004-03-15,2004-03,80.5,1237.94,0.3114361474638611
10246,22,100.0,3,2928.42,5/5/2004 0:00,Shipped,2,5,2004,Trucks and Buses,115,S50_1392,Euro Shopping Channel,Madrid,,Spain,Small,EMEA,2004-05-05,2004-05,80.5,1157.42,0.3952370220118699
10259,29,100.0,2,3054.57,6/15/2004 0:00,Shipped,2,6,2004,Trucks and Buses,115,S50_1392,Handji Gifts& Co,Singapore,,Singapore,Medium,APAC,2004-06-15,2004-06,80.5,720.0700000000002,0.23573530807936965
10271,34,98.39,3,3345.26,7/20/2004 0:00,Shipped,3,7,2004,Trucks and Buses,115,S50_1392,Mini Gifts Distributors Ltd.,San Rafael,CA,USA,Medium,North America,2004-07-20,2004-07,80.5,608.2600000000002,0.18182742148592343
10282,38,100.0,12,4310.72,8/20/2004 0:00,Shipped,3,8,2004,Trucks and Buses,115,S50_1392,Mini Gifts Distributors Ltd.,San Rafael,CA,USA,Medium,North America,2004-08-20,2004-08,80.5,1251.7200000000003,0.2903737658674189
10292,41,100.0,6,4983.14,9/8/2004 0:00,Shipped,3,9,2004,Trucks and Buses,115,S50_1392,Land of Toys Inc.,NYC,NY,USA,Medium,North America,2004-09-08,2004-09,80.5,1682.6400000000003,0.3376666118150404
10305,42,100.0,3,4618.32,10/13/2004 0:00,Shipped,4,10,2004,Trucks and Buses,115,S50_1392,Marta's Replicas Co.,Cambridge,MA,USA,Medium,North America,2004-10-13,2004-10,80.5,1237.3199999999997,0.2679156056747908
10314,28,100.0,12,3403.12,10/22/2004 0:00,Shipped,4,10,2004,Trucks and Buses,115,S50_1392,Heintze Collectables,Aaarhus,,Denmark,Medium,EMEA,2004-10-22,2004-10,80.5,1149.12,0.3376666118150403
10325,38,100.0,4,5190.42,11/5/2004 0:00,Shipped,4,11,2004,Trucks and Buses,115,S50_1392,Baane Mini Imports,Stavern,,Norway,Medium,EMEA,2004-11-05,2004-11,80.5,2131.42,0.4106449959733509
10336,23,100.0,8,3141.57,11/20/2004 0:00,Shipped,4,11,2004,Trucks and Buses,115,S50_1392,"La Corne D'abondance, Co.",Paris,,France,Medium,EMEA,2004-11-20,2004-11,80.5,1290.0700000000002,0.4106449959733509
10350,31,71.4,8,2213.4,12/2/2004 0:00,Shipped,4,12,2004,Trucks and Buses,115,S50_1392,Euro Shopping Channel,Madrid,,Spain,Small,EMEA,2004-12-02,2004-12,80.5,-282.0999999999999,-0.12745098039215683
10359,46,100.0,2,4896.7,12/15/2004 0:00,Shipped,4,12,2004,Trucks and Buses,115,S50_1392,Reims Collectables,Reims,,France,Medium,EMEA,2004-12-15,2004-12,80.5,1193.6999999999998,0.2437764208548614
10371,48,56.55,10,2714.4,1/23/2005 0:00,Shipped,1,1,2005,Trucks and Buses,115,S50_1392,Mini Gifts Distributors Ltd.,San Rafael,CA,USA,Small,North America,2005-01-23,2005-01,80.5,-1149.6,-0.4235190097259062
10383,29,100.0,13,3087.05,2/22/2005 0:00,Shipped,1,2,2005,Trucks and Buses,115,S50_1392,Euro Shopping Channel,Madrid,,Spain,Medium,EMEA,2005-02-22,2005-02,80.5,752.5500000000002,0.24377642085486148
10395,46,100.0,4,5692.96,3/17/2005 0:00,Shipped,1,3,2005,Trucks and Buses,115,S50_1392,Lyon Souveniers,Paris,,France,Medium,EMEA,2005-03-17,2005-03,80.5,1989.96,0.3495475113122172
10412,26,100.0,3,3460.86,5/3/2005 0:00,Shipped,2,5,2005,Trucks and Buses,115,S50_1392,Euro Shopping Channel,Madrid,,Spain,Medium,EMEA,2005-05-03,2005-05,80.5,1367.8600000000001,0.3952370220118699
10425,18,100.0,2,1895.94,5/31/2005 0:00,In Process,2,5,2005,Trucks and Buses,115,S50_1392,La Rochelle Gifts,Nantes,,France,Small,EMEA,2005-05-31,2005-05,80.5,446.94000000000005,0.23573530807936963
10104,32,53.31,2,1705.92,1/31/2003 0:00,Shipped,1,1,2003,Trains,58,S50_1514,Euro Shopping Channel,Madrid,,Spain,Small,EMEA,2003-01-31,2003-01,40.599999999999994,406.72000000000025,0.23841680735321716
10117,21,49.21,11,1033.41,4/16/2003 0:00,Shipped,2,4,2003,Trains,58,S50_1514,"Dragon Souveniers, Ltd.",Singapore,,Singapore,Small,Japan,2003-04-16,2003-04,40.599999999999994,180.81000000000017,0.174964438122333
10127,46,69.12,4,3179.52,6/3/2003 0:00,Shipped,2,6,2003,Trains,58,S50_1514,Muscle Machine Inc,NYC,NY,USA,Medium,North America,2003-06-03,2003-06,40.599999999999994,1311.9200000000003,0.4126157407407408
10142,42,49.79,14,2091.18,8/8/2003 0:00,Shipped,3,8,2003,Trains,58,S50_1514,Mini Gifts Distributors Ltd.,San Rafael,CA,USA,Small,North America,2003-08-08,2003-08,40.599999999999994,385.98,0.18457521590680862
10153,31,57.41,13,1779.71,9/28/2003 0:00,Shipped,3,9,2003,Trains,58,S50_1514,Euro Shopping Channel,Madrid,,Spain,Small,EMEA,2003-09-28,2003-09,40.599999999999994,521.1100000000001,0.29280613133600425
10165,38,66.78,5,2537.64,10/22/2003 0:00,Shipped,4,10,2003,Trains,58,S50_1514,"Dragon Souveniers, Ltd.",Singapore,,Singapore,Small,Japan,2003-10-22,2003-10,40.599999999999994,994.8400000000001,0.39203354297693926
10176,38,64.44,4,2448.72,11/6/2003 0:00,Shipped,4,11,2003,Trains,58,S50_1514,L'ordine Souveniers,Reggio Emilia,,Italy,Small,EMEA,2003-11-06,2003-11,40.599999999999994,905.9200000000001,0.3699565487274985
10185,20,48.62,15,972.4,11/14/2003 0:00,Shipped,4,11,2003,Trains,58,S50_1514,Mini Creations Ltd.,New Bedford,MA,USA,Small,North America,2003-11-14,2003-11,40.599999999999994,160.4000000000001,0.16495269436445917
10196,46,62.09,7,2856.14,11/26/2003 0:00,Shipped,4,11,2003,Trains,58,S50_1514,Super Scale Inc.,New Haven,CT,USA,Small,North America,2003-11-26,2003-11,40.599999999999994,988.5400000000002,0.34611048478015793
10208,30,65.61,15,1968.3,1/2/2004 0:00,Shipped,1,1,2004,Trains,58,S50_1514,"Saveley & Henriot, Co.",Lyon,,France,Small,EMEA,2004-01-02,2004-01,40.599999999999994,750.3000000000002,0.3811918914799574
10220,30,68.54,4,2056.2,2/12/2004 0:00,Shipped,1,2,2004,Trains,58,S50_1514,"Clover Collections, Co.",Dublin,,Ireland,Small,EMEA,2004-02-12,2004-02,40.599999999999994,838.2,0.407645170703239
10230,43,52.14,2,2242.02,3/15/2004 0:00,Shipped,1,3,2004,Trains,58,S50_1514,"Blauer See Auto, Co.",Frankfurt,,Germany,Small,EMEA,2004-03-15,2004-03,40.599999999999994,496.22000000000025,0.22132719601074044
10247,49,63.85,4,3128.65,5/5/2004 0:00,Shipped,2,5,2004,Trains,58,S50_1514,Suominen Souveniers,Espoo,,Finland,Medium,EMEA,2004-05-05,2004-05,40.599999999999994,1139.2500000000005,0.3641346906812844
10272,43,56.82,4,2443.26,7/20/2004 0:00,Shipped,3,7,2004,Trains,58,S50_1514,Diecast Classics Inc.,Allentown,PA,USA,Small,North America,2004-07-20,2004-07,40.599999999999994,697.4600000000005,0.28546286518831415
10282,37,66.78,7,2470.86,8/20/2004 0:00,Shipped,3,8,2004,Trains,58,S50_1514,Mini Gifts Distributors Ltd.,San Rafael,CA,USA,Small,North America,2004-08-20,2004-08,40.599999999999994,968.6600000000003,0.3920335429769393
10292,35,55.07,1,1927.45,9/8/2004 0:00,Shipped,3,9,2004,Trains,58,S50_1514,Land of Toys Inc.,NYC,NY,USA,Small,North America,2004-09-08,2004-09,40.599999999999994,506.4500000000003,0.2627564917377884
10306,34,60.34,15,2051.56,10/14/2004 0:00,Shipped,4,10,2004,Trains,58,S50_1514,"AV Stores, Co.",Manchester,,UK,Small,EMEA,2004-10-14,2004-10,40.599999999999994,671.1600000000001,0.32714617169373555
10314,38,61.51,7,2337.38,10/22/2004 0:00,Shipped,4,10,2004,Trains,58,S50_1514,Heintze Collectables,Aaarhus,,Denmark,Small,EMEA,2004-10-22,2004-10,40.599999999999994,794.5800000000004,0.33994472443505136
10325,44,100.0,7,5932.96,11/5/2004 0:00,Shipped,4,11,2004,Trains,58,S50_1514,Baane Mini Imports,Stavern,,Norway,Medium,EMEA,2004-11-05,2004-11,40.599999999999994,4146.56,0.6989024028478197
10337,21,100.0,6,2296.77,11/21/2004 0:00,Shipped,4,11,2004,Trains,58,S50_1514,Classic Legends Inc.,NYC,NY,USA,Small,North America,2004-11-21,2004-11,40.599999999999994,1444.17,0.6287830300813751
10350,44,100.0,17,6490.88,12/2/2004 0:00,Shipped,4,12,2004,Trains,58,S50_1514,Euro Shopping Channel,Madrid,,Spain,Medium,EMEA,2004-12-02,2004-12,40.599999999999994,4704.4800000000005,0.7247830802603038
10359,25,64.93,4,1623.25,12/15/2004 0:00,Shipped,4,12,2004,Trains,58,S50_1514,Reims Collectables,Reims,,France,Small,EMEA,2004-12-15,2004-12,40.599999999999994,608.2500000000001,0.3747112274757432
10372,24,58.58,9,1405.92,1/26/2005 0:00,Shipped,1,1,2005,Trains,58,S50_1514,"Tokyo Collectables, Ltd",Minato-ku,Tokyo,Japan,Small,Japan,2005-01-26,2005-01,40.599999999999994,431.5200000000002,0.30693069306930704
10383,38,60.06,10,2282.28,2/22/2005 0:00,Shipped,1,2,2005,Trains,58,S50_1514,Euro Shopping Channel,Madrid,,Spain,Small,EMEA,2005-02-22,2005-02,40.599999999999994,739.4800000000005,0.3240093240093242
10395,45,100.0,3,8977.05,3/17/2005 0:00,Shipped,1,3,2005,Trains,58,S50_1514,Lyon Souveniers,Paris,,France,Large,EMEA,2005-03-17,2005-03,40.599999999999994,7150.049999999999,0.7964810266178756
10413,51,63.85,4,3256.35,5/5/2005 0:00,Shipped,2,5,2005,Trains,58,S50_1514,Gift Depot Inc.,Bridgewater,CT,USA,Medium,North America,2005-05-05,2005-05,40.599999999999994,1185.75,0.3641346906812843
10108,34,82.99,14,2821.66,3/3/2003 0:00,Shipped,1,3,2003,Motorcycles,81,S50_4713,Cruz & Sons Co.,Makati City,,Philippines,Small,Japan,2003-03-03,2003-03,56.699999999999996,893.8599999999999,0.31678515483793224
10121,44,74.85,1,3293.4,5/7/2003 0:00,Shipped,2,5,2003,Motorcycles,81,S50_4713,Reims Collectables,Reims,,France,Medium,EMEA,2003-05-07,2003-05,56.699999999999996,798.6000000000004,0.24248496993987986
10135,44,96.0,15,4224.0,7/2/2003 0:00,Shipped,3,7,2003,Motorcycles,81,S50_4713,Mini Gifts Distributors Ltd.,San Rafael,CA,USA,Medium,North America,2003-07-02,2003-07,56.699999999999996,1729.2000000000003,0.40937500000000004
10145,38,81.36,2,3091.68,8/25/2003 0:00,Shipped,3,8,2003,Motorcycles,81,S50_4713,Toys4GrownUps.com,Pasadena,CA,USA,Medium,North America,2003-08-25,2003-08,56.699999999999996,937.0799999999999,0.30309734513274333
10159,31,71.6,10,2219.6,10/10/2003 0:00,Shipped,4,10,2003,Motorcycles,81,S50_4713,Corporate Gift Ideas Co.,San Francisco,CA,USA,Small,North America,2003-10-10,2003-10,56.699999999999996,461.9000000000001,0.20810055865921792
10169,48,80.55,10,3866.4,11/4/2003 0:00,Shipped,4,11,2003,Motorcycles,81,S50_4713,"Anna's Decorations, Ltd",North Sydney,NSW,Australia,Medium,APAC,2003-11-04,2003-11,56.699999999999996,1144.8000000000002,0.29608938547486036
10180,21,93.56,5,1964.76,11/11/2003 0:00,Shipped,4,11,2003,Motorcycles,81,S50_4713,Daedalus Designs Imports,Lille,,France,Small,EMEA,2003-11-11,2003-11,56.699999999999996,774.0600000000002,0.39397178281316814
10190,40,66.72,2,2668.8,11/19/2003 0:00,Shipped,4,11,2003,Motorcycles,81,S50_4713,Euro Shopping Channel,Madrid,,Spain,Small,EMEA,2003-11-19,2003-11,56.699999999999996,400.8000000000002,0.15017985611510798
10211,40,80.55,10,3222.0,1/15/2004 0:00,Shipped,1,1,2004,Motorcycles,81,S50_4713,Auto Canal Petit,Paris,,France,Medium,EMEA,2004-01-15,2004-01,56.699999999999996,954.0,0.29608938547486036
10224,50,77.29,3,3864.5,2/21/2004 0:00,Shipped,1,2,2004,Motorcycles,81,S50_4713,Daedalus Designs Imports,Lille,,France,Medium,EMEA,2004-02-21,2004-02,56.699999999999996,1029.5,0.2663992754560745
10237,20,68.34,3,1366.8,4/5/2004 0:00,Shipped,2,4,2004,Motorcycles,81,S50_4713,Vitachrome Inc.,NYC,NY,USA,Small,North America,2004-04-05,2004-04,56.699999999999996,232.79999999999995,0.170324846356453
10252,48,72.41,7,3475.68,5/26/2004 0:00,Shipped,2,5,2004,Motorcycles,81,S50_4713,Auto Canal Petit,Paris,,France,Medium,EMEA,2004-05-26,2004-05,56.699999999999996,754.0799999999999,0.2169589835658058
10264,47,89.5,5,4206.5,6/30/2004 0:00,Shipped,2,6,2004,Motorcycles,81,S50_4713,Gifts4AllAges.com,Boston,MA,USA,Medium,North America,2004-06-30,2004-06,56.699999999999996,1541.6000000000004,0.3664804469273744
10276,21,70.78,11,1486.38,8/2/2004 0:00,Shipped,3,8,2004,Motorcycles,81,S50_4713,Online Mini Collectables,Brickhaven,MA,USA,Small,North America,2004-08-02,2004-08,56.699999999999996,295.6800000000003,0.1989262503532073
10285,39,78.92,2,3077.88,8/27/2004 0:00,Shipped,3,8,2004,Motorcycles,81,S50_4713,Marta's Replicas Co.,Cambridge,MA,USA,Medium,North America,2004-08-27,2004-08,56.699999999999996,866.5800000000004,0.28155093765838834
10299,44,80.55,5,3544.2,9/30/2004 0:00,Shipped,3,9,2004,Motorcycles,81,S50_4713,"Toys of Finland, Co.",Helsinki,,Finland,Medium,EMEA,2004-09-30,2004-09,56.699999999999996,1049.4,0.29608938547486036
10309,28,88.68,1,2483.04,10/15/2004 0:00,Shipped,4,10,2004,Motorcycles,81,S50_4713,Baane Mini Imports,Stavern,,Norway,Small,EMEA,2004-10-15,2004-10,56.699999999999996,895.44,0.3606224627875508
10319,45,77.29,6,3478.05,11/3/2004 0:00,Shipped,4,11,2004,Motorcycles,81,S50_4713,Microscale Inc.,NYC,NY,USA,Medium,North America,2004-11-03,2004-11,56.699999999999996,926.5500000000002,0.26639927545607456
10331,20,100.0,5,3657.8,11/17/2004 0:00,Shipped,4,11,2004,Motorcycles,81,S50_4713,Motor Mint Distributors Inc.,Philadelphia,PA,USA,Medium,North America,2004-11-17,2004-11,56.699999999999996,2523.8,0.6899775821532068
10341,38,100.0,3,4682.36,11/24/2004 0:00,Shipped,4,11,2004,Motorcycles,81,S50_4713,Salzburg Collectables,Salzburg,,Austria,Medium,EMEA,2004-11-24,2004-11,56.699999999999996,2527.7599999999998,0.5398474273656874
10356,26,100.0,4,3937.7,12/9/2004 0:00,Shipped,4,12,2004,Motorcycles,81,S50_4713,Lyon Souveniers,Paris,,France,Medium,EMEA,2004-12-09,2004-12,56.699999999999996,2463.5,0.6256190161769561
10365,44,100.0,2,4984.32,1/7/2005 0:00,Shipped,1,1,2005,Motorcycles,81,S50_4713,Mini Creations Ltd.,New Bedford,MA,USA,Medium,North America,2005-01-07,2005-01,56.699999999999996,2489.52,0.4994703389830509
10375,49,100.0,8,5406.66,2/3/2005 0:00,Shipped,1,2,2005,Motorcycles,81,S50_4713,La Rochelle Gifts,Nantes,,France,Medium,EMEA,2005-02-03,2005-02,56.699999999999996,2628.36,0.48613376835236544
10390,22,100.0,13,3491.18,3/4/2005 0:00,Shipped,1,3,2005,Motorcycles,81,S50_4713,Mini Gifts Distributors Ltd.,San Rafael,CA,USA,Medium,North America,2005-03-04,2005-03,56.699999999999996,2243.7799999999997,0.6426996029995589
10403,31,68.34,3,2118.54,4/8/2005 0:00,Shipped,2,4,2005,Motorcycles,81,S50_4713,"UK Collectables, Ltd.",Liverpool,,UK,Small,EMEA,2005-04-08,2005-04,56.699999999999996,360.84000000000015,0.1703248463564531
10105,41,70.67,5,2897.47,2/11/2003 0:00,Shipped,1,2,2003,Ships,66,S700_1138,Danish Wholesale Imports,Kobenhavn,,Denmark,Small,EMEA,2003-02-11,2003-02,46.199999999999996,1003.27,0.34625725201641433
10119,25,76.67,14,1916.75,4/28/2003 0:00,Shipped,2,4,2003,Ships,66,S700_1138,Salzburg Collectables,Salzburg,,Austria,Small,EMEA,2003-04-28,2003-04,46.199999999999996,761.75,0.39741750358680056
10129,31,60.0,5,1860.0,6/12/2003 0:00,Shipped,2,6,2003,Ships,66,S700_1138,"Stylish Desk Decors, Co.",London,,UK,Small,EMEA,2003-06-12,2003-06,46.199999999999996,427.8000000000002,0.2300000000000001
10142,41,64.0,2,2624.0,8/8/2003 0:00,Shipped,3,8,2003,Ships,66,S700_1138,Mini Gifts Distributors Ltd.,San Rafael,CA,USA,Small,North America,2003-08-08,2003-08,46.199999999999996,729.8000000000002,0.27812500000000007
10153,43,64.67,1,2780.81,9/28/2003 0:00,Shipped,3,9,2003,Ships,66,S700_1138,Euro Shopping Channel,Madrid,,Spain,Small,EMEA,2003-09-28,2003-09,46.199999999999996,794.21,0.28560383485387353
10167,43,75.34,12,3239.62,10/23/2003 0:00,Cancelled,4,10,2003,Ships,66,S700_1138,Scandinavian Gift Ideas,Boras,,Sweden,Medium,EMEA,2003-10-23,2003-10,46.199999999999996,1253.02,0.3867799309795593
10177,24,76.0,3,1824.0,11/7/2003 0:00,Shipped,4,11,2003,Ships,66,S700_1138,CAF Imports,Madrid,,Spain,Small,EMEA,2003-11-07,2003-11,46.199999999999996,715.2,0.39210526315789473
10185,21,54.0,3,1134.0,11/14/2003 0:00,Shipped,4,11,2003,Ships,66,S700_1138,Mini Creations Ltd.,New Bedford,MA,USA,Small,North America,2003-11-14,2003-11,46.199999999999996,163.80000000000007,0.14444444444444451
10197,23,64.67,9,1487.41,11/26/2003 0:00,Shipped,4,11,2003,Ships,66,S700_1138,Enaco Distributors,Barcelona,,Spain,Small,EMEA,2003-11-26,2003-11,46.199999999999996,424.8100000000002,0.28560383485387364
10208,38,74.67,3,2837.46,1/2/2004 0:00,Shipped,1,1,2004,Ships,66,S700_1138,"Saveley & Henriot, Co.",Lyon,,France,Small,EMEA,2004-01-02,2004-01,46.199999999999996,1081.8600000000001,0.381277621534753
10222,31,62.67,15,1942.77,2/19/2004 0:00,Shipped,1,2,2004,Ships,66,S700_1138,Collectable Mini Designs Co.,San Diego,CA,USA,Small,North America,2004-02-19,2004-02,46.199999999999996,510.57000000000016,0.26280516993776937
10233,36,70.67,3,2544.12,3/29/2004 0:00,Shipped,1,3,2004,Ships,66,S700_1138,Tekni Collectables Inc.,Newark,NJ,USA,Small,North America,2004-03-29,2004-03,46.199999999999996,880.9200000000001,0.3462572520164144
10248,36,71.34,6,2568.24,5/7/2004 0:00,Cancelled,2,5,2004,Ships,66,S700_1138,Land of Toys Inc.,NYC,NY,USA,Small,North America,2004-05-07,2004-05,46.199999999999996,905.04,0.3523969722455845
10261,34,62.0,4,2108.0,6/17/2004 0:00,Shipped,2,6,2004,Ships,66,S700_1138,Quebec Home Shopping Network,Montreal,Quebec,Canada,Small,North America,2004-06-17,2004-06,46.199999999999996,537.2,0.2548387096774194
10273,21,65.34,7,1372.14,7/21/2004 0:00,Shipped,3,7,2004,Ships,66,S700_1138,Petit Auto,Bruxelles,,Belgium,Small,EMEA,2004-07-21,2004-07,46.199999999999996,401.94000000000017,0.29292929292929304
10283,45,78.67,9,3540.15,8/20/2004 0:00,Shipped,3,8,2004,Ships,66,S700_1138,"Royal Canadian Collectables, Ltd.",Tsawassen,BC,Canada,Medium,North America,2004-08-20,2004-08,46.199999999999996,1461.15,0.4127367484428626
10295,26,75.34,4,1958.84,9/10/2004 0:00,Shipped,3,9,2004,Ships,66,S700_1138,Gifts4AllAges.com,Boston,MA,USA,Small,North America,2004-09-10,2004-09,46.199999999999996,757.6400000000001,0.38677993097955937
10306,50,54.0,3,2700.0,10/14/2004 0:00,Shipped,4,10,2004,Ships,66,S700_1138,"AV Stores, Co.",Manchester,,UK,Small,EMEA,2004-10-14,2004-10,46.199999999999996,390.0,0.14444444444444443
10315,41,62.0,2,2542.0,10/29/2004 0:00,Shipped,4,10,2004,Ships,66,S700_1138,La Rochelle Gifts,Nantes,,France,Small,EMEA,2004-10-29,2004-10,46.199999999999996,647.8000000000002,0.25483870967741945
10326,39,60.0,1,2340.0,11/9/2004 0:00,Shipped,4,11,2004,Ships,66,S700_1138,"Volvo Model Replicas, Co",Lule,,Sweden,Small,EMEA,2004-11-09,2004-11,46.199999999999996,538.2000000000003,0.23000000000000012
10339,22,100.0,5,2816.44,11/23/2004 0:00,Shipped,4,11,2004,Ships,66,S700_1138,"Tokyo Collectables, Ltd",Minato-ku,Tokyo,Japan,Small,Japan,2004-11-23,2004-11,46.199999999999996,1800.0400000000002,0.639118887673801
10350,46,76.67,11,3526.82,12/2/2004 0:00,Shipped,4,12,2004,Ships,66,S700_1138,Euro Shopping Channel,Madrid,,Spain,Medium,EMEA,2004-12-02,2004-12,46.199999999999996,1401.6200000000003,0.39741750358680067
10373,44,100.0,14,4627.92,1/31/2005 0:00,Shipped,1,1,2005,Ships,66,S700_1138,"Oulu Toy Supplies, Inc.",Oulu,,Finland,Medium,EMEA,2005-01-31,2005-01,46.199999999999996,2595.1200000000003,0.5607529948659442
10385,25,77.34,1,1933.5,2/28/2005 0:00,Shipped,1,2,2005,Ships,66,S700_1138,Mini Gifts Distributors Ltd.,San Rafael,CA,USA,Small,North America,2005-02-28,2005-02,46.199999999999996,778.5,0.4026377036462374
10396,39,66.67,1,2600.13,3/23/2005 0:00,Shipped,1,3,2005,Ships,66,S700_1138,Mini Gifts Distributors Ltd.,San Rafael,CA,USA,Small,North America,2005-03-23,2005-03,46.199999999999996,798.3300000000004,0.30703464826758675
10414,37,71.34,6,2639.58,5/6/2005 0:00,On Hold,2,5,2005,Ships,66,S700_1138,Gifts4AllAges.com,Boston,MA,USA,Small,North America,2005-05-06,2005-05,46.199999999999996,930.1800000000001,0.3523969722455846
10106,31,100.0,7,3312.97,2/17/2003 0:00,Shipped,1,2,2003,Planes,91,S700_1691,Rovelli Gifts,Bergamo,,Italy,Medium,EMEA,2003-02-17,2003-02,63.699999999999996,1338.27,0.40394872274726307
10120,47,82.21,13,3863.87,4/29/2003 0:00,Shipped,2,4,2003,Planes,91,S700_1691,"Australian Collectors, Co.",Melbourne,Victoria,Australia,Medium,APAC,2003-04-29,2003-04,63.699999999999996,869.9700000000003,0.22515509062157896
10133,24,77.64,8,1863.36,6/27/2003 0:00,Shipped,2,6,2003,Planes,91,S700_1691,Euro Shopping Channel,Madrid,,Spain,Small,EMEA,2003-06-27,2003-06,63.699999999999996,334.55999999999995,0.17954662545079852
10143,36,100.0,2,3945.96,8/10/2003 0:00,Shipped,3,8,2003,Planes,91,S700_1691,Mini Creations Ltd.,New Bedford,MA,USA,Medium,North America,2003-08-10,2003-08,63.699999999999996,1652.7600000000002,0.4188486451966062
10156,48,100.0,2,4954.08,10/8/2003 0:00,Shipped,4,10,2003,Planes,91,S700_1691,Euro Shopping Channel,Madrid,,Spain,Medium,EMEA,2003-10-08,2003-10,63.699999999999996,1896.48,0.38281174304815424
10168,28,98.65,14,2762.2,10/28/2003 0:00,Shipped,4,10,2003,Planes,91,S700_1691,Technics Stores Inc.,Burlingame,CA,USA,Small,North America,2003-10-28,2003-10,63.699999999999996,978.5999999999999,0.3542828180435884
10199,48,83.12,2,3989.76,12/1/2003 0:00,Shipped,4,12,2003,Planes,91,S700_1691,West Coast Collectables Co.,Burbank,CA,USA,Medium,North America,2003-12-01,2003-12,63.699999999999996,932.1600000000003,0.23363811357074116
10210,21,78.55,12,1649.55,1/12/2004 0:00,Shipped,1,1,2004,Planes,91,S700_1691,Osaka Souveniers Co.,Osaka,Osaka,Japan,Small,Japan,2004-01-12,2004-01,63.699999999999996,311.85000000000014,0.1890515595162318
10223,25,100.0,14,2534.75,2/20/2004 0:00,Shipped,1,2,2004,Planes,91,S700_1691,"Australian Collectors, Co.",Melbourne,Victoria,Australia,Small,APAC,2004-02-20,2004-02,63.699999999999996,942.25,0.37173291251602725
10235,25,100.0,8,2580.25,4/2/2004 0:00,Shipped,2,4,2004,Planes,91,S700_1691,"Royal Canadian Collectables, Ltd.",Tsawassen,BC,Canada,Small,North America,2004-04-02,2004-04,63.699999999999996,987.75,0.38281174304815424
10250,31,91.34,9,2831.54,5/11/2004 0:00,Shipped,2,5,2004,Planes,91,S700_1691,The Sharp Gifts Warehouse,San Jose,CA,USA,Small,North America,2004-05-11,2004-05,63.699999999999996,856.8400000000001,0.3026056492226845
10262,40,84.03,4,3361.2,6/24/2004 0:00,Cancelled,2,6,2004,Planes,91,S700_1691,Euro Shopping Channel,Madrid,,Spain,Medium,EMEA,2004-06-24,2004-06,63.699999999999996,813.1999999999998,0.2419374033083422
10275,32,89.51,14,2864.32,7/23/2004 0:00,Shipped,3,7,2004,Planes,91,S700_1691,La Rochelle Gifts,Nantes,,France,Small,EMEA,2004-07-23,2004-07,63.699999999999996,825.9200000000003,0.28834767065132394
10284,24,83.12,6,1994.88,8/21/2004 0:00,Shipped,3,8,2004,Planes,91,S700_1691,"Norway Gifts By Mail, Co.",Oslo,,Norway,Small,EMEA,2004-08-21,2004-08,63.699999999999996,466.08000000000015,0.23363811357074116
10296,42,100.0,2,4296.6,9/15/2004 0:00,Shipped,3,9,2004,Planes,91,S700_1691,"Bavarian Collectables Imports, Co.",Munich,,Germany,Medium,EMEA,2004-09-15,2004-09,63.699999999999996,1621.2000000000007,0.3773216031280549
10308,21,100.0,12,2224.95,10/15/2004 0:00,Shipped,4,10,2004,Planes,91,S700_1691,Mini Classics,White Plains,NY,USA,Small,North America,2004-10-15,2004-10,63.699999999999996,887.25,0.39877300613496935
10316,34,82.21,4,2795.14,11/1/2004 0:00,Shipped,4,11,2004,Planes,91,S700_1691,giftsbymail.co.uk,Cowes,Isle of Wight,UK,Small,EMEA,2004-11-01,2004-11,63.699999999999996,629.3400000000001,0.22515509062157896
10328,27,100.0,8,2762.1,11/12/2004 0:00,Shipped,4,11,2004,Planes,91,S700_1691,Rovelli Gifts,Bergamo,,Italy,Small,EMEA,2004-11-12,2004-11,63.699999999999996,1042.2,0.3773216031280548
10340,30,88.6,5,2658.0,11/24/2004 0:00,Shipped,4,11,2004,Planes,91,S700_1691,Enaco Distributors,Barcelona,,Spain,Small,EMEA,2004-11-24,2004-11,63.699999999999996,747.0000000000002,0.28103837471783305
10353,39,100.0,9,5043.87,12/4/2004 0:00,Shipped,4,12,2004,Planes,91,S700_1691,Gift Ideas Corp.,Glendale,CT,USA,Medium,North America,2004-12-04,2004-12,63.699999999999996,2559.57,0.5074615325137246
10361,20,60.54,4,1210.8,12/17/2004 0:00,Shipped,4,12,2004,Planes,91,S700_1691,Souveniers And Things Co.,Chatswood,NSW,Australia,Small,APAC,2004-12-17,2004-12,63.699999999999996,-63.200000000000045,-0.05219689461513053
10375,37,81.87,6,3029.19,2/3/2005 0:00,Shipped,1,2,2005,Planes,91,S700_1691,La Rochelle Gifts,Nantes,,France,Medium,EMEA,2005-02-03,2005-02,63.699999999999996,672.2900000000004,0.2219372175400026
10388,46,100.0,2,10066.6,3/3/2005 0:00,Shipped,1,3,2005,Planes,91,S700_1691,FunGiftIdeas.com,New Bedford,MA,USA,Large,North America,2005-03-03,2005-03,63.699999999999996,7136.400000000001,0.7089186021099477
10398,47,87.69,6,4121.43,3/30/2005 0:00,Shipped,1,3,2005,Planes,91,S700_1691,Reims Collectables,Reims,,France,Medium,EMEA,2005-03-30,2005-03,63.699999999999996,1127.5300000000007,0.2735773748431978
10401,11,100.0,8,1135.31,4/3/2005 0:00,On Hold,2,4,2005,Planes,91,S700_1691,Tekni Collectables Inc.,Newark,NJ,USA,Small,North America,2005-04-03,2005-04,63.699999999999996,434.61,0.3828117430481543
10416,23,91.34,9,2100.82,5/10/2005 0:00,Shipped,2,5,2005,Planes,91,S700_1691,L'ordine Souveniers,Reggio Emilia,,Italy,Small,EMEA,2005-05-10,2005-05,63.699999999999996,635.7200000000003,0.30260564922268457
10105,29,70.15,12,2034.35,2/11/2003 0:00,Shipped,1,2,2003,Ships,86,S700_1938,Danish Wholesale Imports,Kobenhavn,,Denmark,Small,EMEA,2003-02-11,2003-02,60.199999999999996,288.54999999999995,0.14183891660727013
10117,38,79.68,6,3027.84,4/16/2003 0:00,Shipped,2,4,2003,Ships,86,S700_1938,"Dragon Souveniers, Ltd.",Singapore,,Singapore,Medium,Japan,2003-04-16,2003-04,60.199999999999996,740.2400000000002,0.24447791164658642
10128,32,97.0,3,3104.0,6/6/2003 0:00,Shipped,2,6,2003,Ships,86,S700_1938,Euro Shopping Channel,Madrid,,Spain,Medium,EMEA,2003-06-06,2003-06,60.199999999999996,1177.6000000000001,0.3793814432989691
10142,43,84.01,9,3612.43,8/8/2003 0:00,Shipped,3,8,2003,Ships,86,S700_1938,Mini Gifts Distributors Ltd.,San Rafael,CA,USA,Medium,North America,2003-08-08,2003-08,60.199999999999996,1023.8299999999999,0.2834186406380193
10153,31,87.48,8,2711.88,9/28/2003 0:00,Shipped,3,9,2003,Ships,86,S700_1938,Euro Shopping Channel,Madrid,,Spain,Small,EMEA,2003-09-28,2003-09,60.199999999999996,845.6800000000003,0.3118427069044354
10166,29,100.0,3,3013.97,10/21/2003 0:00,Shipped,4,10,2003,Ships,86,S700_1938,FunGiftIdeas.com,New Bedford,MA,USA,Medium,North America,2003-10-21,2003-10,60.199999999999996,1268.1699999999998,0.4207639757529106
10177,31,88.34,10,2738.54,11/7/2003 0:00,Shipped,4,11,2003,Ships,86,S700_1938,CAF Imports,Madrid,,Spain,Small,EMEA,2003-11-07,2003-11,60.199999999999996,872.3400000000001,0.31854199683042794
10185,30,94.4,10,2832.0,11/14/2003 0:00,Shipped,4,11,2003,Ships,86,S700_1938,Mini Creations Ltd.,New Bedford,MA,USA,Small,North America,2003-11-14,2003-11,60.199999999999996,1026.0000000000002,0.36228813559322043
10196,50,94.4,2,4720.0,11/26/2003 0:00,Shipped,4,11,2003,Ships,86,S700_1938,Super Scale Inc.,New Haven,CT,USA,Medium,North America,2003-11-26,2003-11,60.199999999999996,1710.0,0.3622881355932203
10208,40,80.55,10,3222.0,1/2/2004 0:00,Shipped,1,1,2004,Ships,86,S700_1938,"Saveley & Henriot, Co.",Lyon,,France,Medium,EMEA,2004-01-02,2004-01,60.199999999999996,814.0,0.2526381129733085
10221,23,97.0,4,2231.0,2/18/2004 0:00,Shipped,1,2,2004,Ships,86,S700_1938,Petit Auto,Bruxelles,,Belgium,Small,EMEA,2004-02-18,2004-02,60.199999999999996,846.4000000000001,0.3793814432989691
10232,26,88.34,7,2296.84,3/20/2004 0:00,Shipped,1,3,2004,Ships,86,S700_1938,giftsbymail.co.uk,Cowes,Isle of Wight,UK,Small,EMEA,2004-03-20,2004-03,60.199999999999996,731.6400000000003,0.318541996830428
10248,40,100.0,13,4157.2,5/7/2004 0:00,Cancelled,2,5,2004,Ships,86,S700_1938,Land of Toys Inc.,NYC,NY,USA,Medium,North America,2004-05-07,2004-05,60.199999999999996,1749.1999999999998,0.4207639757529106
10273,21,100.0,14,2146.2,7/21/2004 0:00,Shipped,3,7,2004,Ships,86,S700_1938,Petit Auto,Bruxelles,,Belgium,Small,EMEA,2004-07-21,2004-07,60.199999999999996,882.0,0.4109589041095891
10282,43,86.61,2,3724.23,8/20/2004 0:00,Shipped,3,8,2004,Ships,86,S700_1938,Mini Gifts Distributors Ltd.,San Rafael,CA,USA,Medium,North America,2004-08-20,2004-08,60.199999999999996,1135.63,0.3049301466343379
10293,29,71.89,5,2084.81,9/9/2004 0:00,Shipped,3,9,2004,Ships,86,S700_1938,Amica Models & Co.,Torino,,Italy,Small,EMEA,2004-09-09,2004-09,60.199999999999996,339.01,0.1626095423563778
10306,38,91.81,10,3488.78,10/14/2004 0:00,Shipped,4,10,2004,Ships,86,S700_1938,"AV Stores, Co.",Manchester,,UK,Medium,EMEA,2004-10-14,2004-10,60.199999999999996,1201.1800000000003,0.3442980067530771
10314,23,76.22,2,1753.06,10/22/2004 0:00,Shipped,4,10,2004,Ships,86,S700_1938,Heintze Collectables,Aaarhus,,Denmark,Small,EMEA,2004-10-22,2004-10,60.199999999999996,368.46000000000004,0.21018105484124905
10327,20,100.0,7,3469.2,11/10/2004 0:00,Resolved,4,11,2004,Ships,86,S700_1938,Danish Wholesale Imports,Kobenhavn,,Denmark,Medium,EMEA,2004-11-10,2004-11,60.199999999999996,2265.2,0.6529459241323647
10337,36,70.3,9,2530.8,11/21/2004 0:00,Shipped,4,11,2004,Ships,86,S700_1938,Classic Legends Inc.,NYC,NY,USA,Small,North America,2004-11-21,2004-11,60.199999999999996,363.60000000000036,0.14366998577524906
10350,28,100.0,4,2924.32,12/2/2004 0:00,Shipped,4,12,2004,Ships,86,S700_1938,Euro Shopping Channel,Madrid,,Spain,Small,EMEA,2004-12-02,2004-12,60.199999999999996,1238.7200000000003,0.4235924932975872
10372,44,100.0,2,4496.8,1/26/2005 0:00,Shipped,1,1,2005,Ships,86,S700_1938,"Tokyo Collectables, Ltd",Minato-ku,Tokyo,Japan,Medium,Japan,2005-01-26,2005-01,60.199999999999996,1848.0000000000005,0.41095890410958913
10384,49,100.0,1,6397.44,2/23/2005 0:00,Shipped,1,2,2005,Ships,86,S700_1938,Corporate Gift Ideas Co.,San Francisco,CA,USA,Medium,North America,2005-02-23,2005-02,60.199999999999996,3447.64,0.5389093137254902
10397,32,80.55,5,2577.6,3/28/2005 0:00,Shipped,1,3,2005,Ships,86,S700_1938,Alpha Cognac,Toulouse,,France,Small,EMEA,2005-03-28,2005-03,60.199999999999996,651.2,0.2526381129733085
10414,34,100.0,13,3533.62,5/6/2005 0:00,On Hold,2,5,2005,Ships,86,S700_1938,Gifts4AllAges.com,Boston,MA,USA,Medium,North America,2005-05-06,2005-05,60.199999999999996,1486.82,0.42076397575291064
10106,30,100.0,16,3177.3,2/17/2003 0:00,Shipped,1,2,2003,Ships,90,S700_2047,Rovelli Gifts,Bergamo,,Italy,Medium,EMEA,2003-02-17,2003-02,62.99999999999999,1287.3000000000004,0.4051553205551885
10119,29,94.14,7,2730.06,4/28/2003 0:00,Shipped,2,4,2003,Ships,90,S700_2047,Salzburg Collectables,Salzburg,,Austria,Small,EMEA,2003-04-28,2003-04,62.99999999999999,903.0600000000002,0.3307839388145316
10131,22,85.99,8,1891.78,6/16/2003 0:00,Shipped,2,6,2003,Ships,90,S700_2047,Gift Ideas Corp.,Glendale,CT,USA,Small,North America,2003-06-16,2003-06,62.99999999999999,505.7800000000002,0.2673566693801606
10143,26,100.0,11,2612.48,8/10/2003 0:00,Shipped,3,8,2003,Ships,90,S700_2047,Mini Creations Ltd.,New Bedford,MA,USA,Small,North America,2003-08-10,2003-08,62.99999999999999,974.4800000000002,0.3730095541401275
10155,32,91.43,9,2925.76,10/6/2003 0:00,Shipped,4,10,2003,Ships,90,S700_2047,"Toys of Finland, Co.",Helsinki,,Finland,Small,EMEA,2003-10-06,2003-10,62.99999999999999,909.7600000000004,0.3109482664333371
10167,29,100.0,5,2940.02,10/23/2003 0:00,Cancelled,4,10,2003,Ships,90,S700_2047,Scandinavian Gift Ideas,Boras,,Sweden,Small,EMEA,2003-10-23,2003-10,62.99999999999999,1113.0200000000002,0.3785756559479188
10178,34,96.86,8,3293.24,11/8/2003 0:00,Shipped,4,11,2003,Ships,90,S700_2047,Alpha Cognac,Toulouse,,France,Medium,EMEA,2003-11-08,2003-11,62.99999999999999,1151.2400000000002,0.3495767086516623
10186,24,99.57,5,2389.68,11/14/2003 0:00,Shipped,4,11,2003,Ships,90,S700_2047,"Double Decker Gift Stores, Ltd",London,,UK,Small,EMEA,2003-11-14,2003-11,62.99999999999999,877.6800000000001,0.3672793009942754
10197,24,90.52,2,2172.48,11/26/2003 0:00,Shipped,4,11,2003,Ships,90,S700_2047,Enaco Distributors,Barcelona,,Spain,Small,EMEA,2003-11-26,2003-11,62.99999999999999,660.4800000000002,0.3040212107821477
10209,33,88.71,4,2927.43,1/9/2004 0:00,Shipped,1,1,2004,Ships,90,S700_2047,"Men 'R' US Retailers, Ltd.",Los Angeles,CA,USA,Small,North America,2004-01-09,2004-01,62.99999999999999,848.4300000000003,0.28982076428813
10222,26,100.0,8,2659.54,2/19/2004 0:00,Shipped,1,2,2004,Ships,90,S700_2047,Collectable Mini Designs Co.,San Diego,CA,USA,Small,North America,2004-02-19,2004-02,62.99999999999999,1021.5400000000002,0.3841040179880732
10249,40,95.95,4,3838.0,5/8/2004 0:00,Shipped,2,5,2004,Ships,90,S700_2047,Cambridge Collectables Co.,Cambridge,MA,USA,Medium,North America,2004-05-08,2004-05,62.99999999999999,1318.0000000000005,0.34340802501302775
10262,44,94.14,13,4142.16,6/24/2004 0:00,Cancelled,2,6,2004,Ships,90,S700_2047,Euro Shopping Channel,Madrid,,Spain,Medium,EMEA,2004-06-24,2004-06,62.99999999999999,1370.1600000000003,0.3307839388145316
10274,24,90.52,5,2172.48,7/21/2004 0:00,Shipped,3,7,2004,Ships,90,S700_2047,Collectables For Less Inc.,Brickhaven,MA,USA,Small,North America,2004-07-21,2004-07,62.99999999999999,660.4800000000002,0.3040212107821477
10283,20,94.14,2,1882.8,8/20/2004 0:00,Shipped,3,8,2004,Ships,90,S700_2047,"Royal Canadian Collectables, Ltd.",Tsawassen,BC,Canada,Small,North America,2004-08-20,2004-08,62.99999999999999,622.8000000000002,0.33078393881453166
10296,34,100.0,11,3477.86,9/15/2004 0:00,Shipped,3,9,2004,Ships,90,S700_2047,"Bavarian Collectables Imports, Co.",Munich,,Germany,Medium,EMEA,2004-09-15,2004-09,62.99999999999999,1335.8600000000006,0.38410401798807325
10307,34,97.76,5,3323.84,10/14/2004 0:00,Shipped,4,10,2004,Ships,90,S700_2047,"Classic Gift Ideas, Inc",Philadelphia,PA,USA,Medium,North America,2004-10-14,2004-10,62.99999999999999,1181.8400000000006,0.3555646481178398
10316,45,93.24,13,4195.8,11/1/2004 0:00,Shipped,4,11,2004,Ships,90,S700_2047,giftsbymail.co.uk,Cowes,Isle of Wight,UK,Medium,EMEA,2004-11-01,2004-11,62.99999999999999,1360.8000000000006,0.32432432432432445
10328,41,100.0,9,4156.58,11/12/2004 0:00,Shipped,4,11,2004,Ships,90,S700_2047,Rovelli Gifts,Bergamo,,Italy,Medium,EMEA,2004-11-12,2004-11,62.99999999999999,1573.5800000000004,0.3785756559479188
10339,55,71.25,15,3918.75,11/23/2004 0:00,Shipped,4,11,2004,Ships,90,S700_2047,"Tokyo Collectables, Ltd",Minato-ku,Tokyo,Japan,Medium,Japan,2004-11-23,2004-11,62.99999999999999,453.75000000000045,0.11578947368421064
10352,23,100.0,3,2352.67,12/3/2004 0:00,Shipped,4,12,2004,Ships,90,S700_2047,Auto-Moto Classics Inc.,Brickhaven,MA,USA,Small,North America,2004-12-03,2004-12,62.99999999999999,903.6700000000003,0.38410401798807325
10361,24,45.39,14,1089.36,12/17/2004 0:00,Shipped,4,12,2004,Ships,90,S700_2047,Souveniers And Things Co.,Chatswood,NSW,Australia,Small,APAC,2004-12-17,2004-12,62.99999999999999,-422.6399999999999,-0.3879709187045604
10373,32,84.41,15,2701.12,1/31/2005 0:00,Shipped,1,1,2005,Ships,90,S700_2047,"Oulu Toy Supplies, Inc.",Oulu,,Finland,Small,EMEA,2005-01-31,2005-01,62.99999999999999,685.1200000000001,0.25364293330174154
10386,29,85.76,13,2487.04,3/1/2005 0:00,Resolved,1,3,2005,Ships,90,S700_2047,Euro Shopping Channel,Madrid,,Spain,Small,EMEA,2005-03-01,2005-03,62.99999999999999,660.0400000000002,0.2653917910447762
10398,36,100.0,7,3910.32,3/30/2005 0:00,Shipped,1,3,2005,Ships,90,S700_2047,Reims Collectables,Reims,,France,Medium,EMEA,2005-03-30,2005-03,62.99999999999999,1642.3200000000006,0.4199963174369363
10400,46,87.8,5,4038.8,4/1/2005 0:00,Shipped,2,4,2005,Ships,90,S700_2047,The Sharp Gifts Warehouse,San Jose,CA,USA,Medium,North America,2005-04-01,2005-04,62.99999999999999,1140.8000000000006,0.28246013667425984
10415,32,95.95,4,3070.4,5/9/2005 0:00,Disputed,2,5,2005,Ships,90,S700_2047,"Australian Collectables, Ltd",Glen Waverly,Victoria,Australia,Medium,APAC,2005-05-09,2005-05,62.99999999999999,1054.4000000000003,0.3434080250130277
10106,34,100.0,9,3763.46,2/17/2003 0:00,Shipped,1,2,2003,Planes,99,S700_2466,Rovelli Gifts,Bergamo,,Italy,Medium,EMEA,2003-02-17,2003-02,69.3,1407.2600000000002,0.37392718402746417
10120,24,100.0,15,2584.8,4/29/2003 0:00,Shipped,2,4,2003,Planes,99,S700_2466,"Australian Collectors, Co.",Melbourne,Victoria,Australia,Small,APAC,2003-04-29,2003-04,69.3,921.6000000000004,0.3565459610027856
10131,40,100.0,1,4427.6,6/16/2003 0:00,Shipped,2,6,2003,Planes,99,S700_2466,Gift Ideas Corp.,Glendale,CT,USA,Medium,North America,2003-06-16,2003-06,69.3,1655.6000000000004,0.37392718402746417
10143,26,82.77,4,2152.02,8/10/2003 0:00,Shipped,3,8,2003,Planes,99,S700_2466,Mini Creations Ltd.,New Bedford,MA,USA,Small,North America,2003-08-10,2003-08,69.3,350.22,0.16274012323305548
10155,20,100.0,2,2353.4,10/6/2003 0:00,Shipped,4,10,2003,Planes,99,S700_2466,"Toys of Finland, Co.",Helsinki,,Finland,Small,EMEA,2003-10-06,2003-10,69.3,967.4000000000001,0.41106484235574065
10168,31,100.0,16,3431.39,10/28/2003 0:00,Shipped,4,10,2003,Planes,99,S700_2466,Technics Stores Inc.,Burlingame,CA,USA,Medium,North America,2003-10-28,2003-10,69.3,1283.0900000000001,0.37392718402746417
10178,22,87.75,1,1930.5,11/8/2003 0:00,Shipped,4,11,2003,Planes,99,S700_2466,Alpha Cognac,Toulouse,,France,Small,EMEA,2003-11-08,2003-11,69.3,405.9000000000001,0.21025641025641031
10198,42,100.0,1,4774.56,11/27/2003 0:00,Shipped,4,11,2003,Planes,99,S700_2466,Cruz & Sons Co.,Makati City,,Philippines,Medium,Japan,2003-11-27,2003-11,69.3,1863.9600000000005,0.3903940886699508
10210,26,99.72,14,2592.72,1/12/2004 0:00,Shipped,1,1,2004,Planes,99,S700_2466,Osaka Souveniers Co.,Osaka,Osaka,Japan,Small,Japan,2004-01-12,2004-01,69.3,790.9199999999998,0.3050541516245487
10222,37,87.75,1,3246.75,2/19/2004 0:00,Shipped,1,2,2004,Planes,99,S700_2466,Collectable Mini Designs Co.,San Diego,CA,USA,Medium,North America,2004-02-19,2004-02,69.3,682.6500000000001,0.2102564102564103
10235,38,88.75,10,3372.5,4/2/2004 0:00,Shipped,2,4,2004,Planes,99,S700_2466,"Royal Canadian Collectables, Ltd.",Tsawassen,BC,Canada,Medium,North America,2004-04-02,2004-04,69.3,739.0999999999999,0.21915492957746477
10250,35,100.0,11,3909.15,5/11/2004 0:00,Shipped,2,5,2004,Planes,99,S700_2466,The Sharp Gifts Warehouse,San Jose,CA,USA,Medium,North America,2004-05-11,2004-05,69.3,1483.65,0.37953263497179696
10262,33,90.75,6,2994.75,6/24/2004 0:00,Cancelled,2,6,2004,Planes,99,S700_2466,Euro Shopping Channel,Madrid,,Spain,Small,EMEA,2004-06-24,2004-06,69.3,707.8499999999999,0.23636363636363633
10275,39,100.0,16,4472.52,7/23/2004 0:00,Shipped,3,7,2004,Planes,99,S700_2466,La Rochelle Gifts,Nantes,,France,Medium,EMEA,2004-07-23,2004-07,69.3,1769.8200000000006,0.3957098011859087
10284,45,100.0,8,4576.95,8/21/2004 0:00,Shipped,3,8,2004,Planes,99,S700_2466,"Norway Gifts By Mail, Co.",Oslo,,Norway,Medium,EMEA,2004-08-21,2004-08,69.3,1458.4499999999998,0.3186510667584308
10296,24,100.0,4,2441.04,9/15/2004 0:00,Shipped,3,9,2004,Planes,99,S700_2466,"Bavarian Collectables Imports, Co.",Munich,,Germany,Small,EMEA,2004-09-15,2004-09,69.3,777.8400000000001,0.3186510667584309
10308,35,88.75,14,3106.25,10/15/2004 0:00,Shipped,4,10,2004,Planes,99,S700_2466,Mini Classics,White Plains,NY,USA,Medium,North America,2004-10-15,2004-10,69.3,680.75,0.2191549295774648
10316,23,100.0,6,2706.41,11/1/2004 0:00,Shipped,4,11,2004,Planes,99,S700_2466,giftsbymail.co.uk,Cowes,Isle of Wight,UK,Small,EMEA,2004-11-01,2004-11,69.3,1112.51,0.41106484235574065
10328,37,100.0,10,4021.53,11/12/2004 0:00,Shipped,4,11,2004,Planes,99,S700_2466,Rovelli Gifts,Bergamo,,Italy,Medium,EMEA,2004-11-12,2004-11,69.3,1457.4300000000003,0.3624068451559482
10340,55,87.75,7,4826.25,11/24/2004 0:00,Shipped,4,11,2004,Planes,99,S700_2466,Enaco Distributors,Barcelona,,Spain,Medium,EMEA,2004-11-24,2004-11,69.3,1014.75,0.21025641025641026
10352,49,100.0,2,4935.28,12/3/2004 0:00,Shipped,4,12,2004,Planes,99,S700_2466,Auto-Moto Classics Inc.,Brickhaven,MA,USA,Medium,North America,2004-12-03,2004-12,69.3,1539.58,0.3119539316918189
10361,26,100.0,9,2754.7,12/17/2004 0:00,Shipped,4,12,2004,Planes,99,S700_2466,Souveniers And Things Co.,Chatswood,NSW,Australia,Small,APAC,2004-12-17,2004-12,69.3,952.8999999999999,0.3459178857951864
10375,33,100.0,1,3856.71,2/3/2005 0:00,Shipped,1,2,2005,Planes,99,S700_2466,La Rochelle Gifts,Nantes,,France,Medium,EMEA,2005-02-03,2005-02,69.3,1569.81,0.40703345597672624
10386,37,83.84,14,3102.08,3/1/2005 0:00,Resolved,1,3,2005,Planes,99,S700_2466,Euro Shopping Channel,Madrid,,Spain,Medium,EMEA,2005-03-01,2005-03,69.3,537.98,0.17342557251908397
10398,22,86.76,8,1908.72,3/30/2005 0:00,Shipped,1,3,2005,Planes,99,S700_2466,Reims Collectables,Reims,,France,Small,EMEA,2005-03-30,2005-03,69.3,384.1200000000001,0.20124481327800836
10401,85,88.75,10,7543.75,4/3/2005 0:00,On Hold,2,4,2005,Planes,99,S700_2466,Tekni Collectables Inc.,Newark,NJ,USA,Large,North America,2005-04-03,2005-04,69.3,1653.25,0.2191549295774648
10416,22,100.0,11,2457.18,5/10/2005 0:00,Shipped,2,5,2005,Planes,99,S700_2466,L'ordine Souveniers,Reggio Emilia,,Italy,Small,EMEA,2005-05-10,2005-05,69.3,932.5799999999999,0.37953263497179696
10105,31,65.77,3,2038.87,2/11/2003 0:00,Shipped,1,2,2003,Ships,72,S700_2610,Danish Wholesale Imports,Kobenhavn,,Denmark,Small,EMEA,2003-02-11,2003-02,50.4,476.47,0.23369317317926108
10119,38,65.77,12,2499.26,4/28/2003 0:00,Shipped,2,4,2003,Ships,72,S700_2610,Salzburg Collectables,Salzburg,,Austria,Small,EMEA,2003-04-28,2003-04,50.4,584.0600000000002,0.2336931731792611
10129,45,85.29,3,3838.05,6/12/2003 0:00,Shipped,2,6,2003,Ships,72,S700_2610,"Stylish Desk Decors, Co.",London,,UK,Medium,EMEA,2003-06-12,2003-06,50.4,1570.0500000000002,0.40907492085824837
10143,31,85.29,16,2643.99,8/10/2003 0:00,Shipped,3,8,2003,Ships,72,S700_2610,Mini Creations Ltd.,New Bedford,MA,USA,Small,North America,2003-08-10,2003-08,50.4,1081.59,0.4090749208582483
10154,36,64.33,1,2315.88,10/2/2003 0:00,Shipped,4,10,2003,Ships,72,S700_2610,Boards & Toys Co.,Glendale,CA,USA,Small,North America,2003-10-02,2003-10,50.4,501.48000000000025,0.21653971708378683
10167,46,70.11,10,3225.06,10/23/2003 0:00,Cancelled,4,10,2003,Ships,72,S700_2610,Scandinavian Gift Ideas,Boras,,Sweden,Medium,EMEA,2003-10-23,2003-10,50.4,906.6599999999999,0.28112965340179713
10177,32,76.62,1,2451.84,11/7/2003 0:00,Shipped,4,11,2003,Ships,72,S700_2610,CAF Imports,Madrid,,Spain,Small,EMEA,2003-11-07,2003-11,50.4,839.0400000000002,0.34220830070477687
10185,39,57.82,1,2254.98,11/14/2003 0:00,Shipped,4,11,2003,Ships,72,S700_2610,Mini Creations Ltd.,New Bedford,MA,USA,Small,North America,2003-11-14,2003-11,50.4,289.3800000000001,0.12832929782082328
10197,50,78.79,7,3939.5,11/26/2003 0:00,Shipped,4,11,2003,Ships,72,S700_2610,Enaco Distributors,Barcelona,,Spain,Medium,EMEA,2003-11-26,2003-11,50.4,1419.5,0.3603249143292296
10208,46,74.45,1,3424.7,1/2/2004 0:00,Shipped,1,1,2004,Ships,72,S700_2610,"Saveley & Henriot, Co.",Lyon,,France,Medium,EMEA,2004-01-02,2004-01,50.4,1106.2999999999997,0.3230355943586299
10222,36,80.95,13,2914.2,2/19/2004 0:00,Shipped,1,2,2004,Ships,72,S700_2610,Collectable Mini Designs Co.,San Diego,CA,USA,Small,North America,2004-02-19,2004-02,50.4,1099.8,0.37739345274861025
10233,29,82.4,1,2389.6,3/29/2004 0:00,Shipped,1,3,2004,Ships,72,S700_2610,Tekni Collectables Inc.,Newark,NJ,USA,Small,North America,2004-03-29,2004-03,50.4,928.0,0.3883495145631068
10248,32,75.89,4,2428.48,5/7/2004 0:00,Cancelled,2,5,2004,Ships,72,S700_2610,Land of Toys Inc.,NYC,NY,USA,Small,North America,2004-05-07,2004-05,50.4,815.6800000000001,0.3358808802213731
10261,44,68.67,2,3021.48,6/17/2004 0:00,Shipped,2,6,2004,Ships,72,S700_2610,Quebec Home Shopping Network,Montreal,Quebec,Canada,Medium,North America,2004-06-17,2004-06,50.4,803.8800000000001,0.26605504587155965
10273,42,62.16,5,2610.72,7/21/2004 0:00,Shipped,3,7,2004,Ships,72,S700_2610,Petit Auto,Bruxelles,,Belgium,Small,EMEA,2004-07-21,2004-07,50.4,493.9200000000001,0.18918918918918923
10283,47,65.77,7,3091.19,8/20/2004 0:00,Shipped,3,8,2004,Ships,72,S700_2610,"Royal Canadian Collectables, Ltd.",Tsawassen,BC,Canada,Medium,North America,2004-08-20,2004-08,50.4,722.3900000000003,0.23369317317926117
10295,44,58.55,2,2576.2,9/10/2004 0:00,Shipped,3,9,2004,Ships,72,S700_2610,Gifts4AllAges.com,Boston,MA,USA,Small,North America,2004-09-10,2004-09,50.4,358.5999999999999,0.139197267292912
10306,43,75.17,1,3232.31,10/14/2004 0:00,Shipped,4,10,2004,Ships,72,S700_2610,"AV Stores, Co.",Manchester,,UK,Medium,EMEA,2004-10-14,2004-10,50.4,1065.1100000000001,0.32951975522149796
10316,48,74.45,18,3573.6,11/1/2004 0:00,Shipped,4,11,2004,Ships,72,S700_2610,giftsbymail.co.uk,Cowes,Isle of Wight,UK,Medium,EMEA,2004-11-01,2004-11,50.4,1154.4,0.32303559435863
10327,21,96.31,1,2022.51,11/10/2004 0:00,Resolved,4,11,2004,Ships,72,S700_2610,Danish Wholesale Imports,Kobenhavn,,Denmark,Small,EMEA,2004-11-10,2004-11,50.4,964.1100000000001,0.4766898556743849
10339,50,74.35,9,3717.5,11/23/2004 0:00,Shipped,4,11,2004,Ships,72,S700_2610,"Tokyo Collectables, Ltd",Minato-ku,Tokyo,Japan,Medium,Japan,2004-11-23,2004-11,50.4,1197.5,0.3221250840618695
10350,29,75.35,12,2185.15,12/2/2004 0:00,Shipped,4,12,2004,Ships,72,S700_2610,Euro Shopping Channel,Madrid,,Spain,Small,EMEA,2004-12-02,2004-12,50.4,723.5500000000002,0.3311214333112144
10373,41,70.33,16,2883.53,1/31/2005 0:00,Shipped,1,1,2005,Ships,72,S700_2610,"Oulu Toy Supplies, Inc.",Oulu,,Finland,Small,EMEA,2005-01-31,2005-01,50.4,817.1300000000001,0.28337835916394144
10386,37,100.0,10,5017.57,3/1/2005 0:00,Resolved,1,3,2005,Ships,72,S700_2610,Euro Shopping Channel,Madrid,,Spain,Medium,EMEA,2005-03-01,2005-03,50.4,3152.7699999999995,0.6283459921834672
10397,22,66.5,4,1463.0,3/28/2005 0:00,Shipped,1,3,2005,Ships,72,S700_2610,Alpha Cognac,Toulouse,,France,Small,EMEA,2005-03-28,2005-03,50.4,354.20000000000005,0.24210526315789477
10414,31,75.89,4,2352.59,5/6/2005 0:00,On Hold,2,5,2005,Ships,72,S700_2610,Gifts4AllAges.com,Boston,MA,USA,Small,North America,2005-05-06,2005-05,50.4,790.1900000000003,0.33588088022137313
10103,42,100.0,6,4460.82,1/29/2003 0:00,Shipped,1,1,2003,Classic Cars,101,S700_2824,Baane Mini Imports,Stavern,,Norway,Medium,EMEA,2003-01-29,2003-01,70.69999999999999,1491.42,0.3343376329912438
10114,42,100.0,10,4758.18,4/1/2003 0:00,Shipped,2,4,2003,Classic Cars,101,S700_2824,"La Corne D'abondance, Co.",Paris,,France,Medium,EMEA,2003-04-01,2003-04,70.69999999999999,1788.7800000000007,0.37593785859299156
10126,45,100.0,6,4597.2,5/28/2003 0:00,Shipped,2,5,2003,Classic Cars,101,S700_2824,"Corrida Auto Replicas, Ltd",Madrid,,Spain,Medium,EMEA,2003-05-28,2003-05,70.69999999999999,1415.7000000000003,0.307948316366484
10140,36,100.0,6,4114.8,7/24/2003 0:00,Shipped,3,7,2003,Classic Cars,101,S700_2824,Technics Stores Inc.,Burlingame,CA,USA,Medium,North America,2003-07-24,2003-07,70.69999999999999,1569.6000000000004,0.38145231846019256
10150,20,100.0,3,2104.0,9/19/2003 0:00,Shipped,3,9,2003,Classic Cars,101,S700_2824,"Dragon Souveniers, Ltd.",Singapore,,Singapore,Small,Japan,2003-09-19,2003-09,70.69999999999999,690.0000000000002,0.3279467680608366
10164,39,81.93,4,3195.27,10/21/2003 0:00,Resolved,4,10,2003,Classic Cars,101,S700_2824,Mini Auto Werke,Graz,,Austria,Medium,EMEA,2003-10-21,2003-10,70.69999999999999,437.97000000000025,0.13706822897595516
10175,42,85.98,11,3611.16,11/6/2003 0:00,Shipped,4,11,2003,Classic Cars,101,S700_2824,"Stylish Desk Decors, Co.",London,,UK,Medium,EMEA,2003-11-06,2003-11,70.69999999999999,641.7600000000002,0.17771574784833688
10183,23,86.99,3,2000.77,11/13/2003 0:00,Shipped,4,11,2003,Classic Cars,101,S700_2824,"Classic Gift Ideas, Inc",Philadelphia,PA,USA,Small,North America,2003-11-13,2003-11,70.69999999999999,374.6700000000003,0.18726290378204408
10194,26,89.01,6,2314.26,11/25/2003 0:00,Shipped,4,11,2003,Classic Cars,101,S700_2824,"Saveley & Henriot, Co.",Lyon,,France,Small,EMEA,2003-11-25,2003-11,70.69999999999999,476.0600000000004,0.2057072239074263
10206,33,100.0,1,3871.89,12/5/2003 0:00,Shipped,4,12,2003,Classic Cars,101,S700_2824,Canadian Gift Exchange Network,Vancouver,BC,Canada,Medium,North America,2003-12-05,2003-12,70.69999999999999,1538.7900000000004,0.3974260632404331
10217,31,88.0,6,2728.0,2/4/2004 0:00,Shipped,1,2,2004,Classic Cars,101,S700_2824,Handji Gifts& Co,Singapore,,Singapore,Small,APAC,2004-02-04,2004-02,70.69999999999999,536.3000000000002,0.19659090909090915
10229,50,100.0,11,5614.0,3/11/2004 0:00,Shipped,1,3,2004,Classic Cars,101,S700_2824,Mini Gifts Distributors Ltd.,San Rafael,CA,USA,Medium,North America,2004-03-11,2004-03,70.69999999999999,2079.0000000000005,0.3703241895261846
10245,44,100.0,4,4628.8,5/4/2004 0:00,Shipped,2,5,2004,Classic Cars,101,S700_2824,Super Scale Inc.,New Haven,CT,USA,Medium,North America,2004-05-04,2004-05,70.69999999999999,1518.000000000001,0.32794676806083667
10258,45,80.92,1,3641.4,6/15/2004 0:00,Shipped,2,6,2004,Classic Cars,101,S700_2824,"Tokyo Collectables, Ltd",Minato-ku,Tokyo,Japan,Medium,Japan,2004-06-15,2004-06,70.69999999999999,459.90000000000055,0.12629757785467144
10270,46,88.0,4,4048.0,7/19/2004 0:00,Shipped,3,7,2004,Classic Cars,101,S700_2824,Souveniers And Things Co.,Chatswood,NSW,Australia,Medium,APAC,2004-07-19,2004-07,70.69999999999999,795.8000000000006,0.19659090909090926
10281,27,85.98,11,2321.46,8/19/2004 0:00,Shipped,3,8,2004,Classic Cars,101,S700_2824,Diecast Classics Inc.,Allentown,PA,USA,Small,North America,2004-08-19,2004-08,70.69999999999999,412.5600000000004,0.177715747848337
10291,28,100.0,6,3256.96,9/8/2004 0:00,Shipped,3,9,2004,Classic Cars,101,S700_2824,Scandinavian Gift Ideas,Boras,,Sweden,Medium,EMEA,2004-09-08,2004-09,70.69999999999999,1277.3600000000004,0.392193947730399
10304,40,100.0,1,4208.0,10/11/2004 0:00,Shipped,4,10,2004,Classic Cars,101,S700_2824,Auto Assoc. & Cie.,Versailles,,France,Medium,EMEA,2004-10-11,2004-10,70.69999999999999,1380.0000000000005,0.3279467680608366
10313,30,99.13,9,2973.9,10/22/2004 0:00,Shipped,4,10,2004,Classic Cars,101,S700_2824,Canadian Gift Exchange Network,Vancouver,BC,Canada,Small,North America,2004-10-22,2004-10,70.69999999999999,852.9000000000005,0.28679511752244546
10324,34,100.0,5,4248.3,11/5/2004 0:00,Shipped,4,11,2004,Classic Cars,101,S700_2824,Vitachrome Inc.,NYC,NY,USA,Medium,North America,2004-11-05,2004-11,70.69999999999999,1844.5000000000005,0.4341736694677872
10336,46,100.0,2,9558.8,11/20/2004 0:00,Shipped,4,11,2004,Classic Cars,101,S700_2824,"La Corne D'abondance, Co.",Paris,,France,Large,EMEA,2004-11-20,2004-11,70.69999999999999,6306.6,0.6597690086621752
10348,32,82.83,7,2650.56,11/1/2004 0:00,Shipped,4,11,2004,Classic Cars,101,S700_2824,"Corrida Auto Replicas, Ltd",Madrid,,Spain,Small,EMEA,2004-11-01,2004-11,70.69999999999999,388.1600000000003,0.14644452493058083
10358,27,100.0,3,3761.37,12/10/2004 0:00,Shipped,4,12,2004,Classic Cars,101,S700_2824,Euro Shopping Channel,Madrid,,Spain,Medium,EMEA,2004-12-10,2004-12,70.69999999999999,1852.4700000000003,0.4924987438087719
10371,34,100.0,3,4301.34,1/23/2005 0:00,Shipped,1,1,2005,Classic Cars,101,S700_2824,Mini Gifts Distributors Ltd.,San Rafael,CA,USA,Medium,North America,2005-01-23,2005-01,70.69999999999999,1897.5400000000004,0.44115089716227973
10382,34,54.84,9,1864.56,2/17/2005 0:00,Shipped,1,2,2005,Classic Cars,101,S700_2824,Mini Gifts Distributors Ltd.,San Rafael,CA,USA,Small,North America,2005-02-17,2005-02,70.69999999999999,-539.2399999999998,-0.28920495988329675
10411,34,100.0,4,3576.8,5/1/2005 0:00,Shipped,2,5,2005,Classic Cars,101,S700_2824,Quebec Home Shopping Network,Montreal,Quebec,Canada,Medium,North America,2005-05-01,2005-05,70.69999999999999,1173.0000000000005,0.3279467680608366
10424,46,80.92,1,3722.32,5/31/2005 0:00,In Process,2,5,2005,Classic Cars,101,S700_2824,Euro Shopping Channel,Madrid,,Spain,Medium,EMEA,2005-05-31,2005-05,70.69999999999999,470.1200000000008,0.1262975778546715
10106,32,100.0,1,3986.56,2/17/2003 0:00,Shipped,1,2,2003,Planes,118,S700_2834,Rovelli Gifts,Bergamo,,Italy,Medium,EMEA,2003-02-17,2003-02,82.6,1343.3600000000001,0.3369722266816504
10120,24,100.0,7,3417.12,4/29/2003 0:00,Shipped,2,4,2003,Planes,118,S700_2834,"Australian Collectors, Co.",Melbourne,Victoria,Australia,Medium,APAC,2003-04-29,2003-04,82.6,1434.72,0.4198623402163225
10133,27,99.67,2,2691.09,6/27/2003 0:00,Shipped,2,6,2003,Planes,118,S700_2834,Euro Shopping Channel,Madrid,,Spain,Small,EMEA,2003-06-27,2003-06,82.6,460.8900000000003,0.1712651750777567
10145,20,100.0,13,2752.6,8/25/2003 0:00,Shipped,3,8,2003,Planes,118,S700_2834,Toys4GrownUps.com,Pasadena,CA,USA,Small,North America,2003-08-25,2003-08,82.6,1100.6,0.39984015112984084
10168,36,100.0,8,4527.72,10/28/2003 0:00,Shipped,4,10,2003,Planes,118,S700_2834,Technics Stores Inc.,Burlingame,CA,USA,Medium,North America,2003-10-28,2003-10,82.6,1554.1200000000003,0.34324560706050733
10188,29,100.0,8,3957.05,11/18/2003 0:00,Shipped,4,11,2003,Planes,118,S700_2834,Herkku Gifts,Bergen,,Norway,Medium,EMEA,2003-11-18,2003-11,82.6,1561.6500000000005,0.39465005496518885
10210,25,100.0,6,2818.0,1/12/2004 0:00,Shipped,1,1,2004,Planes,118,S700_2834,Osaka Souveniers Co.,Osaka,Osaka,Japan,Small,Japan,2004-01-12,2004-01,82.6,753.0,0.2672107877927608
10223,29,100.0,8,3199.86,2/20/2004 0:00,Shipped,1,2,2004,Planes,118,S700_2834,"Australian Collectors, Co.",Melbourne,Victoria,Australia,Medium,APAC,2004-02-20,2004-02,82.6,804.4600000000005,0.25140474895776704
10235,25,96.11,2,2402.75,4/2/2004 0:00,Shipped,2,4,2004,Planes,118,S700_2834,"Royal Canadian Collectables, Ltd.",Tsawassen,BC,Canada,Small,North America,2004-04-02,2004-04,82.6,337.75,0.14056809905316825
10250,44,100.0,3,6055.72,5/11/2004 0:00,Shipped,2,5,2004,Planes,118,S700_2834,The Sharp Gifts Warehouse,San Jose,CA,USA,Medium,North America,2004-05-11,2004-05,82.6,2421.3200000000006,0.39984015112984095
10263,47,100.0,9,5465.16,6/28/2004 0:00,Shipped,2,6,2004,Planes,118,S700_2834,Gift Depot Inc.,Bridgewater,CT,USA,Medium,North America,2004-06-28,2004-06,82.6,1582.96,0.28964568283453734
10275,48,100.0,8,6378.72,7/23/2004 0:00,Shipped,3,7,2004,Planes,118,S700_2834,La Rochelle Gifts,Nantes,,France,Medium,EMEA,2004-07-23,2004-07,82.6,2413.9200000000005,0.37843329069154946
10285,45,100.0,13,5392.8,8/27/2004 0:00,Shipped,3,8,2004,Planes,118,S700_2834,Marta's Replicas Co.,Cambridge,MA,USA,Medium,North America,2004-08-27,2004-08,82.6,1675.8000000000006,0.310747663551402
10297,35,100.0,3,3986.5,9/16/2004 0:00,Shipped,3,9,2004,Planes,118,S700_2834,"Clover Collections, Co.",Dublin,,Ireland,Medium,EMEA,2004-09-16,2004-09,82.6,1095.5,0.27480245829675154
10308,31,100.0,6,4009.23,10/15/2004 0:00,Shipped,4,10,2004,Planes,118,S700_2834,Mini Classics,White Plains,NY,USA,Medium,North America,2004-10-15,2004-10,82.6,1448.63,0.3613237454573572
10318,50,100.0,8,7119.0,11/2/2004 0:00,Shipped,4,11,2004,Planes,118,S700_2834,Diecast Classics Inc.,Allentown,PA,USA,Large,North America,2004-11-02,2004-11,82.6,2989.0,0.4198623402163225
10328,33,100.0,11,4072.2,11/12/2004 0:00,Shipped,4,11,2004,Planes,118,S700_2834,Rovelli Gifts,Bergamo,,Italy,Medium,EMEA,2004-11-12,2004-11,82.6,1346.4,0.33063209076175043
10340,29,100.0,6,4094.51,11/24/2004 0:00,Shipped,4,11,2004,Planes,118,S700_2834,Enaco Distributors,Barcelona,,Spain,Medium,EMEA,2004-11-24,2004-11,82.6,1699.1100000000006,0.4149727317798712
10353,48,68.8,4,3302.4,12/4/2004 0:00,Shipped,4,12,2004,Planes,118,S700_2834,Gift Ideas Corp.,Glendale,CT,USA,Medium,North America,2004-12-04,2004-12,82.6,-662.3999999999996,-0.2005813953488371
10361,44,72.42,5,3186.48,12/17/2004 0:00,Shipped,4,12,2004,Planes,118,S700_2834,Souveniers And Things Co.,Chatswood,NSW,Australia,Medium,APAC,2004-12-17,2004-12,82.6,-447.9199999999996,-0.140568903617785
10375,25,66.73,10,1668.25,2/3/2005 0:00,Shipped,1,2,2005,Planes,118,S700_2834,La Rochelle Gifts,Nantes,,France,Small,EMEA,2005-02-03,2005-02,82.6,-396.75,-0.2378240671362206
10388,50,100.0,3,7154.5,3/3/2005 0:00,Shipped,1,3,2005,Planes,118,S700_2834,FunGiftIdeas.com,New Bedford,MA,USA,Large,North America,2005-03-03,2005-03,82.6,3024.5,0.42274093228038295
10398,23,100.0,9,2810.83,3/30/2005 0:00,Shipped,1,3,2005,Planes,118,S700_2834,Reims Collectables,Reims,,France,Small,EMEA,2005-03-30,2005-03,82.6,911.03,0.32411422960477865
10401,21,96.11,2,2018.31,4/3/2005 0:00,On Hold,2,4,2005,Planes,118,S700_2834,Tekni Collectables Inc.,Newark,NJ,USA,Small,North America,2005-04-03,2005-04,82.6,283.71000000000004,0.14056809905316828
10416,41,100.0,3,5642.83,5/10/2005 0:00,Shipped,2,5,2005,Planes,118,S700_2834,L'ordine Souveniers,Reggio Emilia,,Italy,Medium,EMEA,2005-05-10,2005-05,82.6,2256.23,0.3998401511298409
10106,44,74.4,8,3273.6,2/17/2003 0:00,Shipped,1,2,2003,Planes,80,S700_3167,Rovelli Gifts,Bergamo,,Italy,Medium,EMEA,2003-02-17,2003-02,56.0,809.5999999999999,0.24731182795698922
10120,43,76.0,14,3268.0,4/29/2003 0:00,Shipped,2,4,2003,Planes,80,S700_3167,"Australian Collectors, Co.",Melbourne,Victoria,Australia,Medium,APAC,2003-04-29,2003-04,56.0,860.0,0.2631578947368421
10143,28,96.0,3,2688.0,8/10/2003 0:00,Shipped,3,8,2003,Planes,80,S700_3167,Mini Creations Ltd.,New Bedford,MA,USA,Small,North America,2003-08-10,2003-08,56.0,1120.0,0.4166666666666667
10155,43,86.4,1,3715.2,10/6/2003 0:00,Shipped,4,10,2003,Planes,80,S700_3167,"Toys of Finland, Co.",Helsinki,,Finland,Medium,EMEA,2003-10-06,2003-10,56.0,1307.1999999999998,0.3518518518518518
10168,48,96.0,15,4608.0,10/28/2003 0:00,Shipped,4,10,2003,Planes,80,S700_3167,Technics Stores Inc.,Burlingame,CA,USA,Medium,North America,2003-10-28,2003-10,56.0,1920.0,0.4166666666666667
10199,38,82.4,3,3131.2,12/1/2003 0:00,Shipped,4,12,2003,Planes,80,S700_3167,West Coast Collectables Co.,Burbank,CA,USA,Medium,North America,2003-12-01,2003-12,56.0,1003.1999999999998,0.3203883495145631
10210,31,86.4,13,2678.4,1/12/2004 0:00,Shipped,1,1,2004,Planes,80,S700_3167,Osaka Souveniers Co.,Osaka,Osaka,Japan,Small,Japan,2004-01-12,2004-01,56.0,942.4000000000001,0.35185185185185186
10223,26,67.2,15,1747.2,2/20/2004 0:00,Shipped,1,2,2004,Planes,80,S700_3167,"Australian Collectors, Co.",Melbourne,Victoria,Australia,Small,APAC,2004-02-20,2004-02,56.0,291.20000000000005,0.16666666666666669
10235,32,92.0,9,2944.0,4/2/2004 0:00,Shipped,2,4,2004,Planes,80,S700_3167,"Royal Canadian Collectables, Ltd.",Tsawassen,BC,Canada,Small,North America,2004-04-02,2004-04,56.0,1152.0,0.391304347826087
10250,44,67.2,10,2956.8,5/11/2004 0:00,Shipped,2,5,2004,Planes,80,S700_3167,The Sharp Gifts Warehouse,San Jose,CA,USA,Small,North America,2004-05-11,2004-05,56.0,492.8000000000002,0.1666666666666667
10262,27,76.0,5,2052.0,6/24/2004 0:00,Cancelled,2,6,2004,Planes,80,S700_3167,Euro Shopping Channel,Madrid,,Spain,Small,EMEA,2004-06-24,2004-06,56.0,540.0,0.2631578947368421
10275,43,73.6,15,3164.8,7/23/2004 0:00,Shipped,3,7,2004,Planes,80,S700_3167,La Rochelle Gifts,Nantes,,France,Medium,EMEA,2004-07-23,2004-07,56.0,756.8000000000002,0.23913043478260873
10284,25,69.6,7,1740.0,8/21/2004 0:00,Shipped,3,8,2004,Planes,80,S700_3167,"Norway Gifts By Mail, Co.",Oslo,,Norway,Small,EMEA,2004-08-21,2004-08,56.0,340.0,0.19540229885057472
10296,22,80.8,3,1777.6,9/15/2004 0:00,Shipped,3,9,2004,Planes,80,S700_3167,"Bavarian Collectables Imports, Co.",Munich,,Germany,Small,EMEA,2004-09-15,2004-09,56.0,545.5999999999999,0.30693069306930687
10308,21,87.2,13,1831.2,10/15/2004 0:00,Shipped,4,10,2004,Planes,80,S700_3167,Mini Classics,White Plains,NY,USA,Small,North America,2004-10-15,2004-10,56.0,655.2,0.3577981651376147
10316,48,75.2,5,3609.6,11/1/2004 0:00,Shipped,4,11,2004,Planes,80,S700_3167,giftsbymail.co.uk,Cowes,Isle of Wight,UK,Medium,EMEA,2004-11-01,2004-11,56.0,921.5999999999999,0.2553191489361702
10328,33,64.0,13,2112.0,11/12/2004 0:00,Shipped,4,11,2004,Planes,80,S700_3167,Rovelli Gifts,Bergamo,,Italy,Small,EMEA,2004-11-12,2004-11,56.0,264.0,0.125
10341,34,100.0,5,3644.12,11/24/2004 0:00,Shipped,4,11,2004,Planes,80,S700_3167,Salzburg Collectables,Salzburg,,Austria,Medium,EMEA,2004-11-24,2004-11,56.0,1740.12,0.47751446165329353
10353,43,81.95,6,3523.85,12/4/2004 0:00,Shipped,4,12,2004,Planes,80,S700_3167,Gift Ideas Corp.,Glendale,CT,USA,Medium,North America,2004-12-04,2004-12,56.0,1115.85,0.3166564978645515
10361,44,100.0,10,5001.92,12/17/2004 0:00,Shipped,4,12,2004,Planes,80,S700_3167,Souveniers And Things Co.,Chatswood,NSW,Australia,Medium,APAC,2004-12-17,2004-12,56.0,2537.92,0.5073891625615764
10375,44,100.0,11,5208.72,2/3/2005 0:00,Shipped,1,2,2005,Planes,80,S700_3167,La Rochelle Gifts,Nantes,,France,Medium,EMEA,2005-02-03,2005-02,56.0,2744.7200000000003,0.5269471194458524
10386,32,94.34,17,3018.88,3/1/2005 0:00,Resolved,1,3,2005,Planes,80,S700_3167,Euro Shopping Channel,Madrid,,Spain,Medium,EMEA,2005-03-01,2005-03,56.0,1226.88,0.4064023743905025
10398,29,65.6,10,1902.4,3/30/2005 0:00,Shipped,1,3,2005,Planes,80,S700_3167,Reims Collectables,Reims,,France,Small,EMEA,2005-03-30,2005-03,56.0,278.4000000000001,0.1463414634146342
10401,77,92.0,9,7084.0,4/3/2005 0:00,On Hold,2,4,2005,Planes,80,S700_3167,Tekni Collectables Inc.,Newark,NJ,USA,Large,North America,2005-04-03,2005-04,56.0,2772.0,0.391304347826087
10416,39,67.2,10,2620.8,5/10/2005 0:00,Shipped,2,5,2005,Planes,80,S700_3167,L'ordine Souveniers,Reggio Emilia,,Italy,Small,EMEA,2005-05-10,2005-05,56.0,436.8000000000002,0.1666666666666667
10105,39,81.14,6,3164.46,2/11/2003 0:00,Shipped,1,2,2003,Ships,100,S700_3505,Danish Wholesale Imports,Kobenhavn,,Denmark,Medium,EMEA,2003-02-11,2003-02,70.0,434.46000000000004,0.13729356667488293
10118,36,100.0,1,4219.2,4/21/2003 0:00,Shipped,2,4,2003,Ships,100,S700_3505,Enaco Distributors,Barcelona,,Spain,Medium,EMEA,2003-04-21,2003-04,70.0,1699.1999999999998,0.40273037542662116
10129,42,91.15,6,3828.3,6/12/2003 0:00,Shipped,2,6,2003,Ships,100,S700_3505,"Stylish Desk Decors, Co.",London,,UK,Medium,EMEA,2003-06-12,2003-06,70.0,888.3000000000002,0.2320351069665387
10142,21,100.0,3,2334.99,8/8/2003 0:00,Shipped,3,8,2003,Ships,100,S700_3505,Mini Gifts Distributors Ltd.,San Rafael,CA,USA,Small,North America,2003-08-08,2003-08,70.0,864.9899999999998,0.3704469826423239
10153,50,88.15,2,4407.5,9/28/2003 0:00,Shipped,3,9,2003,Ships,100,S700_3505,Euro Shopping Channel,Madrid,,Spain,Medium,EMEA,2003-09-28,2003-09,70.0,907.5,0.20589903573454338
10167,24,100.0,13,2812.8,10/23/2003 0:00,Cancelled,4,10,2003,Ships,100,S700_3505,Scandinavian Gift Ideas,Boras,,Sweden,Small,EMEA,2003-10-23,2003-10,70.0,1132.8000000000002,0.4027303754266212
10177,44,92.16,4,4055.04,11/7/2003 0:00,Shipped,4,11,2003,Ships,100,S700_3505,CAF Imports,Madrid,,Spain,Medium,EMEA,2003-11-07,2003-11,70.0,975.04,0.2404513888888889
10185,37,100.0,4,3891.66,11/14/2003 0:00,Shipped,4,11,2003,Ships,100,S700_3505,Mini Creations Ltd.,New Bedford,MA,USA,Medium,North America,2003-11-14,2003-11,70.0,1301.6599999999999,0.3344742346453698
10197,27,92.16,10,2488.32,11/26/2003 0:00,Shipped,4,11,2003,Ships,100,S700_3505,Enaco Distributors,Barcelona,,Spain,Small,EMEA,2003-11-26,2003-11,70.0,598.3200000000002,0.24045138888888895
10208,37,100.0,4,4447.4,1/2/2004 0:00,Shipped,1,1,2004,Ships,100,S700_3505,"Saveley & Henriot, Co.",Lyon,,France,Medium,EMEA,2004-01-02,2004-01,70.0,1857.3999999999996,0.4176372712146422
10222,38,100.0,16,4187.22,2/19/2004 0:00,Shipped,1,2,2004,Ships,100,S700_3505,Collectable Mini Designs Co.,San Diego,CA,USA,Medium,North America,2004-02-19,2004-02,70.0,1527.2200000000003,0.3647336418912787
10232,48,96.16,1,4615.68,3/20/2004 0:00,Shipped,1,3,2004,Ships,100,S700_3505,giftsbymail.co.uk,Cowes,Isle of Wight,UK,Medium,EMEA,2004-03-20,2004-03,70.0,1255.6800000000003,0.27204658901830286
10248,30,100.0,7,3245.4,5/7/2004 0:00,Cancelled,2,5,2004,Ships,100,S700_3505,Land of Toys Inc.,NYC,NY,USA,Medium,North America,2004-05-07,2004-05,70.0,1145.4,0.3529303013496025
10261,25,88.15,5,2203.75,6/17/2004 0:00,Shipped,2,6,2004,Ships,100,S700_3505,Quebec Home Shopping Network,Montreal,Quebec,Canada,Small,North America,2004-06-17,2004-06,70.0,453.75,0.20589903573454338
10273,40,86.15,8,3446.0,7/21/2004 0:00,Shipped,3,7,2004,Ships,100,S700_3505,Petit Auto,Bruxelles,,Belgium,Medium,EMEA,2004-07-21,2004-07,70.0,646.0,0.18746372605919906
10283,22,88.15,10,1939.3,8/20/2004 0:00,Shipped,3,8,2004,Ships,100,S700_3505,"Royal Canadian Collectables, Ltd.",Tsawassen,BC,Canada,Small,North America,2004-08-20,2004-08,70.0,399.29999999999995,0.20589903573454338
10295,34,100.0,5,3473.78,9/10/2004 0:00,Shipped,3,9,2004,Ships,100,S700_3505,Gifts4AllAges.com,Boston,MA,USA,Medium,North America,2004-09-10,2004-09,70.0,1093.7800000000002,0.3148673778995792
10306,32,90.15,4,2884.8,10/14/2004 0:00,Shipped,4,10,2004,Ships,100,S700_3505,"AV Stores, Co.",Manchester,,UK,Small,EMEA,2004-10-14,2004-10,70.0,644.8000000000002,0.22351636161952307
10315,31,86.15,3,2670.65,10/29/2004 0:00,Shipped,4,10,2004,Ships,100,S700_3505,La Rochelle Gifts,Nantes,,France,Small,EMEA,2004-10-29,2004-10,70.0,500.6500000000001,0.1874637260591991
10327,43,80.0,2,3440.0,11/10/2004 0:00,Resolved,4,11,2004,Ships,100,S700_3505,Danish Wholesale Imports,Kobenhavn,,Denmark,Medium,EMEA,2004-11-10,2004-11,70.0,430.0,0.125
10337,31,89.38,1,2770.78,11/21/2004 0:00,Shipped,4,11,2004,Ships,100,S700_3505,Classic Legends Inc.,NYC,NY,USA,Small,North America,2004-11-21,2004-11,70.0,600.7800000000002,0.21682703065562772
10350,31,77.34,13,2397.54,12/2/2004 0:00,Shipped,4,12,2004,Ships,100,S700_3505,Euro Shopping Channel,Madrid,,Spain,Small,EMEA,2004-12-02,2004-12,70.0,227.53999999999996,0.09490561158520816
10373,34,96.34,2,3275.56,1/31/2005 0:00,Shipped,1,1,2005,Ships,100,S700_3505,"Oulu Toy Supplies, Inc.",Oulu,,Finland,Medium,EMEA,2005-01-31,2005-01,70.0,895.56,0.27340668465850115
10386,45,92.08,2,4143.6,3/1/2005 0:00,Resolved,1,3,2005,Ships,100,S700_3505,Euro Shopping Channel,Madrid,,Spain,Medium,EMEA,2005-03-01,2005-03,70.0,993.6000000000004,0.2397914856646395
10397,48,100.0,3,5192.64,3/28/2005 0:00,Shipped,1,3,2005,Ships,100,S700_3505,Alpha Cognac,Toulouse,,France,Medium,EMEA,2005-03-28,2005-03,70.0,1832.6400000000003,0.35293030134960257
10414,28,100.0,7,3029.04,5/6/2005 0:00,On Hold,2,5,2005,Ships,100,S700_3505,Gifts4AllAges.com,Boston,MA,USA,Medium,North America,2005-05-06,2005-05,70.0,1069.04,0.3529303013496025
10105,22,100.0,7,2556.18,2/11/2003 0:00,Shipped,1,2,2003,Ships,99,S700_3962,Danish Wholesale Imports,Kobenhavn,,Denmark,Small,EMEA,2003-02-11,2003-02,69.3,1031.58,0.40356312935708755
10117,45,83.42,1,3753.9,4/16/2003 0:00,Shipped,2,4,2003,Ships,99,S700_3962,"Dragon Souveniers, Ltd.",Singapore,,Singapore,Medium,Japan,2003-04-16,2003-04,69.3,635.4000000000001,0.16926396547590508
10129,30,85.41,7,2562.3,6/12/2003 0:00,Shipped,2,6,2003,Ships,99,S700_3962,"Stylish Desk Decors, Co.",London,,UK,Small,EMEA,2003-06-12,2003-06,69.3,483.3000000000002,0.18861959957850374
10142,38,85.41,4,3245.58,8/8/2003 0:00,Shipped,3,8,2003,Ships,99,S700_3962,Mini Gifts Distributors Ltd.,San Rafael,CA,USA,Medium,North America,2003-08-08,2003-08,69.3,612.1799999999998,0.18861959957850363
10153,20,100.0,3,2204.6,9/28/2003 0:00,Shipped,3,9,2003,Ships,99,S700_3962,Euro Shopping Channel,Madrid,,Spain,Small,EMEA,2003-09-28,2003-09,69.3,818.5999999999999,0.3713145241767214
10167,28,100.0,14,3003.0,10/23/2003 0:00,Cancelled,4,10,2003,Ships,99,S700_3962,Scandinavian Gift Ideas,Boras,,Sweden,Medium,EMEA,2003-10-23,2003-10,69.3,1062.6000000000001,0.35384615384615387
10177,24,100.0,5,2526.48,11/7/2003 0:00,Shipped,4,11,2003,Ships,99,S700_3962,CAF Imports,Madrid,,Spain,Small,EMEA,2003-11-07,2003-11,69.3,863.2800000000002,0.3416927899686521
10185,22,79.45,5,1747.9,11/14/2003 0:00,Shipped,4,11,2003,Ships,99,S700_3962,Mini Creations Ltd.,New Bedford,MA,USA,Small,North America,2003-11-14,2003-11,69.3,223.30000000000018,0.12775330396475781
10197,35,93.35,11,3267.25,11/26/2003 0:00,Shipped,4,11,2003,Ships,99,S700_3962,Enaco Distributors,Barcelona,,Spain,Medium,EMEA,2003-11-26,2003-11,69.3,841.75,0.25763256561328335
10208,33,85.41,5,2818.53,1/2/2004 0:00,Shipped,1,1,2004,Ships,99,S700_3962,"Saveley & Henriot, Co.",Lyon,,France,Small,EMEA,2004-01-02,2004-01,69.3,531.6300000000001,0.18861959957850372
10222,31,95.34,17,2955.54,2/19/2004 0:00,Shipped,1,2,2004,Ships,99,S700_3962,Collectable Mini Designs Co.,San Diego,CA,USA,Small,North America,2004-02-19,2004-02,69.3,807.2400000000002,0.2731277533039648
10232,35,82.43,2,2885.05,3/20/2004 0:00,Shipped,1,3,2004,Ships,99,S700_3962,giftsbymail.co.uk,Cowes,Isle of Wight,UK,Small,EMEA,2004-03-20,2004-03,69.3,459.5500000000002,0.15928666747543374
10248,35,90.37,8,3162.95,5/7/2004 0:00,Cancelled,2,5,2004,Ships,99,S700_3962,Land of Toys Inc.,NYC,NY,USA,Medium,North America,2004-05-07,2004-05,69.3,737.4499999999998,0.23315259488768392
10261,50,81.43,6,4071.5,6/17/2004 0:00,Shipped,2,6,2004,Ships,99,S700_3962,Quebec Home Shopping Network,Montreal,Quebec,Canada,Medium,North America,2004-06-17,2004-06,69.3,606.5,0.14896229890703672
10273,26,100.0,9,2969.46,7/21/2004 0:00,Shipped,3,7,2004,Ships,99,S700_3962,Petit Auto,Bruxelles,,Belgium,Small,EMEA,2004-07-21,2004-07,69.3,1167.66,0.39322301024428685
10283,38,89.38,11,3396.44,8/20/2004 0:00,Shipped,3,8,2004,Ships,99,S700_3962,"Royal Canadian Collectables, Ltd.",Tsawassen,BC,Canada,Medium,North America,2004-08-20,2004-08,69.3,763.04,0.22465876034907137
10294,45,100.0,1,4692.6,9/10/2004 0:00,Shipped,3,9,2004,Ships,99,S700_3962,Online Mini Collectables,Brickhaven,MA,USA,Medium,North America,2004-09-10,2004-09,69.3,1574.1000000000004,0.3354430379746836
10306,30,100.0,5,3515.7,10/14/2004 0:00,Shipped,4,10,2004,Ships,99,S700_3962,"AV Stores, Co.",Manchester,,UK,Medium,EMEA,2004-10-14,2004-10,69.3,1436.6999999999998,0.4086526154108712
10315,37,91.37,4,3380.69,10/29/2004 0:00,Shipped,4,10,2004,Ships,99,S700_3962,La Rochelle Gifts,Nantes,,France,Medium,EMEA,2004-10-29,2004-10,69.3,816.5900000000001,0.2415453649994528
10327,37,86.61,3,3204.57,11/10/2004 0:00,Resolved,4,11,2004,Ships,99,S700_3962,Danish Wholesale Imports,Kobenhavn,,Denmark,Medium,EMEA,2004-11-10,2004-11,69.3,640.4700000000003,0.19986144786976107
10337,36,71.89,7,2588.04,11/21/2004 0:00,Shipped,4,11,2004,Ships,99,S700_3962,Classic Legends Inc.,NYC,NY,USA,Small,North America,2004-11-21,2004-11,69.3,93.24000000000024,0.036027263875365236
10350,25,100.0,16,2854.75,12/2/2004 0:00,Shipped,4,12,2004,Ships,99,S700_3962,Euro Shopping Channel,Madrid,,Spain,Small,EMEA,2004-12-02,2004-12,69.3,1122.25,0.3931167352657851
10373,37,100.0,8,4025.6,1/31/2005 0:00,Shipped,1,1,2005,Ships,99,S700_3962,"Oulu Toy Supplies, Inc.",Oulu,,Finland,Medium,EMEA,2005-01-31,2005-01,69.3,1461.5,0.3630514705882353
10386,30,95.48,3,2864.4,3/1/2005 0:00,Resolved,1,3,2005,Ships,99,S700_3962,Euro Shopping Channel,Madrid,,Spain,Small,EMEA,2005-03-01,2005-03,69.3,785.4000000000001,0.2741935483870968
10397,36,100.0,2,3789.72,3/28/2005 0:00,Shipped,1,3,2005,Ships,99,S700_3962,Alpha Cognac,Toulouse,,France,Medium,EMEA,2005-03-28,2005-03,69.3,1294.92,0.3416927899686521
10414,27,90.37,8,2439.99,5/6/2005 0:00,On Hold,2,5,2005,Ships,99,S700_3962,Gifts4AllAges.com,Boston,MA,USA,Small,North America,2005-05-06,2005-05,69.3,568.8899999999999,0.23315259488768394
10106,48,61.44,10,2949.12,2/17/2003 0:00,Shipped,1,2,2003,Planes,74,S700_4002,Rovelli Gifts,Bergamo,,Italy,Small,EMEA,2003-02-17,2003-02,51.8,462.72000000000025,0.15690104166666677
10119,26,59.22,1,1539.72,4/28/2003 0:00,Shipped,2,4,2003,Planes,74,S700_4002,Salzburg Collectables,Salzburg,,Austria,Small,EMEA,2003-04-28,2003-04,51.8,192.92000000000007,0.12529550827423172
10131,26,85.13,2,2213.38,6/16/2003 0:00,Shipped,2,6,2003,Planes,74,S700_4002,Gift Ideas Corp.,Glendale,CT,USA,Small,North America,2003-06-16,2003-06,51.8,866.5800000000002,0.39151885351814875
10143,34,85.87,5,2919.58,8/10/2003 0:00,Shipped,3,8,2003,Planes,74,S700_4002,Mini Creations Ltd.,New Bedford,MA,USA,Small,North America,2003-08-10,2003-08,51.8,1158.38,0.3967625480377315
10155,44,85.87,3,3778.28,10/6/2003 0:00,Shipped,4,10,2003,Planes,74,S700_4002,"Toys of Finland, Co.",Helsinki,,Finland,Medium,EMEA,2003-10-06,2003-10,51.8,1499.0800000000004,0.39676254803773153
10168,39,82.91,17,3233.49,10/28/2003 0:00,Shipped,4,10,2003,Planes,74,S700_4002,Technics Stores Inc.,Burlingame,CA,USA,Medium,North America,2003-10-28,2003-10,51.8,1213.29,0.37522614883608735
10178,45,76.25,2,3431.25,11/8/2003 0:00,Shipped,4,11,2003,Planes,74,S700_4002,Alpha Cognac,Toulouse,,France,Medium,EMEA,2003-11-08,2003-11,51.8,1100.25,0.320655737704918
10198,40,63.67,2,2546.8,11/27/2003 0:00,Shipped,4,11,2003,Planes,74,S700_4002,Cruz & Sons Co.,Makati City,,Philippines,Small,Japan,2003-11-27,2003-11,51.8,474.8000000000002,0.1864300298413696
10210,42,70.33,15,2953.86,1/12/2004 0:00,Shipped,1,1,2004,Planes,74,S700_4002,Osaka Souveniers Co.,Osaka,Osaka,Japan,Small,Japan,2004-01-12,2004-01,51.8,778.2600000000002,0.26347220247405095
10222,43,74.03,2,3183.29,2/19/2004 0:00,Shipped,1,2,2004,Planes,74,S700_4002,Collectable Mini Designs Co.,San Diego,CA,USA,Medium,North America,2004-02-19,2004-02,51.8,955.8899999999999,0.3002836687829258
10235,34,72.55,11,2466.7,4/2/2004 0:00,Shipped,2,4,2004,Planes,74,S700_4002,"Royal Canadian Collectables, Ltd.",Tsawassen,BC,Canada,Small,North America,2004-04-02,2004-04,51.8,705.5,0.28600964851826327
10250,38,62.19,12,2363.22,5/11/2004 0:00,Shipped,2,5,2004,Planes,74,S700_4002,The Sharp Gifts Warehouse,San Jose,CA,USA,Small,North America,2004-05-11,2004-05,51.8,394.81999999999994,0.16706866055635952
10262,35,71.07,7,2487.45,6/24/2004 0:00,Cancelled,2,6,2004,Planes,74,S700_4002,Euro Shopping Channel,Madrid,,Spain,Small,EMEA,2004-06-24,2004-06,51.8,674.4499999999998,0.2711411284648937
10275,31,72.55,17,2249.05,7/23/2004 0:00,Shipped,3,7,2004,Planes,74,S700_4002,La Rochelle Gifts,Nantes,,France,Small,EMEA,2004-07-23,2004-07,51.8,643.2500000000002,0.2860096485182633
10284,32,64.41,9,2061.12,8/21/2004 0:00,Shipped,3,8,2004,Planes,74,S700_4002,"Norway Gifts By Mail, Co.",Oslo,,Norway,Small,EMEA,2004-08-21,2004-08,51.8,403.52,0.19577705325260053
10296,47,86.62,5,4071.14,9/15/2004 0:00,Shipped,3,9,2004,Planes,74,S700_4002,"Bavarian Collectables Imports, Co.",Munich,,Germany,Medium,EMEA,2004-09-15,2004-09,51.8,1636.54,0.4019856845993997
10308,39,68.11,15,2656.29,10/15/2004 0:00,Shipped,4,10,2004,Planes,74,S700_4002,Mini Classics,White Plains,NY,USA,Small,North America,2004-10-15,2004-10,51.8,636.0900000000001,0.23946557040082225
10316,44,62.19,7,2736.36,11/1/2004 0:00,Shipped,4,11,2004,Planes,74,S700_4002,giftsbymail.co.uk,Cowes,Isle of Wight,UK,Small,EMEA,2004-11-01,2004-11,51.8,457.1600000000003,0.16706866055635966
10328,39,85.87,12,3348.93,11/12/2004 0:00,Shipped,4,11,2004,Planes,74,S700_4002,Rovelli Gifts,Bergamo,,Italy,Medium,EMEA,2004-11-12,2004-11,51.8,1328.73,0.3967625480377315
10339,50,57.86,8,2893.0,11/23/2004 0:00,Shipped,4,11,2004,Planes,74,S700_4002,"Tokyo Collectables, Ltd",Minato-ku,Tokyo,Japan,Small,Japan,2004-11-23,2004-11,51.8,303.0,0.10473556861389562
10352,22,75.51,1,1661.22,12/3/2004 0:00,Shipped,4,12,2004,Planes,74,S700_4002,Auto-Moto Classics Inc.,Brickhaven,MA,USA,Small,North America,2004-12-03,2004-12,51.8,521.6200000000001,0.31399814594093506
10361,35,100.0,11,4277.35,12/17/2004 0:00,Shipped,4,12,2004,Planes,74,S700_4002,Souveniers And Things Co.,Chatswood,NSW,Australia,Medium,APAC,2004-12-17,2004-12,51.8,2464.3500000000004,0.5761394321250307
10373,45,55.62,17,2502.9,1/31/2005 0:00,Shipped,1,1,2005,Planes,74,S700_4002,"Oulu Toy Supplies, Inc.",Oulu,,Finland,Small,EMEA,2005-01-31,2005-01,51.8,171.9000000000001,0.06868033081625317
10386,44,86.4,15,3801.6,3/1/2005 0:00,Resolved,1,3,2005,Planes,74,S700_4002,Euro Shopping Channel,Madrid,,Spain,Medium,EMEA,2005-03-01,2005-03,51.8,1522.4,0.400462962962963
10398,36,87.36,12,3144.96,3/30/2005 0:00,Shipped,1,3,2005,Planes,74,S700_4002,Reims Collectables,Reims,,France,Medium,EMEA,2005-03-30,2005-03,51.8,1280.16,0.40705128205128205
10401,28,72.55,11,2031.4,4/3/2005 0:00,On Hold,2,4,2005,Planes,74,S700_4002,Tekni Collectables Inc.,Newark,NJ,USA,Small,North America,2005-04-03,2005-04,51.8,581.0000000000002,0.2860096485182634
10416,43,62.19,12,2674.17,5/10/2005 0:00,Shipped,2,5,2005,Planes,74,S700_4002,L'ordine Souveniers,Reggio Emilia,,Italy,Small,EMEA,2005-05-10,2005-05,51.8,446.77,0.16706866055635952
10106,48,52.64,15,2526.72,2/17/2003 0:00,Shipped,1,2,2003,Planes,49,S72_1253,Rovelli Gifts,Bergamo,,Italy,Small,EMEA,2003-02-17,2003-02,34.3,880.3199999999999,0.3484042553191489
10119,28,48.17,6,1348.76,4/28/2003 0:00,Shipped,2,4,2003,Planes,49,S72_1253,Salzburg Collectables,Salzburg,,Austria,Small,EMEA,2003-04-28,2003-04,34.3,388.3600000000001,0.2879385509653312
10131,21,41.71,7,875.91,6/16/2003 0:00,Shipped,2,6,2003,Planes,49,S72_1253,Gift Ideas Corp.,Glendale,CT,USA,Small,North America,2003-06-16,2003-06,34.3,155.61,0.17765523855190604
10143,37,50.65,10,1874.05,8/10/2003 0:00,Shipped,3,8,2003,Planes,49,S72_1253,Mini Creations Ltd.,New Bedford,MA,USA,Small,North America,2003-08-10,2003-08,34.3,604.95,0.32280355380059234
10155,34,49.16,8,1671.44,10/6/2003 0:00,Shipped,4,10,2003,Planes,49,S72_1253,"Toys of Finland, Co.",Helsinki,,Finland,Small,EMEA,2003-10-06,2003-10,34.3,505.24000000000024,0.3022782750203419
10167,40,41.71,4,1668.4,10/23/2003 0:00,Cancelled,4,10,2003,Planes,49,S72_1253,Scandinavian Gift Ideas,Boras,,Sweden,Small,EMEA,2003-10-23,2003-10,34.3,296.4000000000001,0.17765523855190607
10178,45,51.15,7,2301.75,11/8/2003 0:00,Shipped,4,11,2003,Planes,49,S72_1253,Alpha Cognac,Toulouse,,France,Small,EMEA,2003-11-08,2003-11,34.3,758.2500000000002,0.32942326490713597
10186,28,52.14,4,1459.92,11/14/2003 0:00,Shipped,4,11,2003,Planes,49,S72_1253,"Double Decker Gift Stores, Ltd",London,,UK,Small,EMEA,2003-11-14,2003-11,34.3,499.5200000000002,0.34215573456079795
10197,29,41.71,1,1209.59,11/26/2003 0:00,Shipped,4,11,2003,Planes,49,S72_1253,Enaco Distributors,Barcelona,,Spain,Small,EMEA,2003-11-26,2003-11,34.3,214.89,0.17765523855190601
10209,48,44.69,3,2145.12,1/9/2004 0:00,Shipped,1,1,2004,Planes,49,S72_1253,"Men 'R' US Retailers, Ltd.",Los Angeles,CA,USA,Small,North America,2004-01-09,2004-01,34.3,498.72,0.23249049004251512
10222,31,45.69,7,1416.39,2/19/2004 0:00,Shipped,1,2,2004,Planes,49,S72_1253,Collectable Mini Designs Co.,San Diego,CA,USA,Small,North America,2004-02-19,2004-02,34.3,353.09000000000015,0.2492886846137011
10249,32,57.61,3,1843.52,5/8/2004 0:00,Shipped,2,5,2004,Planes,49,S72_1253,Cambridge Collectables Co.,Cambridge,MA,USA,Small,North America,2004-05-08,2004-05,34.3,745.9200000000001,0.40461725394896725
10262,21,57.11,12,1199.31,6/24/2004 0:00,Cancelled,2,6,2004,Planes,49,S72_1253,Euro Shopping Channel,Madrid,,Spain,Small,EMEA,2004-06-24,2004-06,34.3,479.01,0.39940465767816496
10274,32,58.6,4,1875.2,7/21/2004 0:00,Shipped,3,7,2004,Planes,49,S72_1253,Collectables For Less Inc.,Brickhaven,MA,USA,Small,North America,2004-07-21,2004-07,34.3,777.6000000000001,0.4146757679180888
10283,43,57.61,1,2477.23,8/20/2004 0:00,Shipped,3,8,2004,Planes,49,S72_1253,"Royal Canadian Collectables, Ltd.",Tsawassen,BC,Canada,Small,North America,2004-08-20,2004-08,34.3,1002.3300000000002,0.40461725394896725
10296,21,45.19,10,948.99,9/15/2004 0:00,Shipped,3,9,2004,Planes,49,S72_1253,"Bavarian Collectables Imports, Co.",Munich,,Germany,Small,EMEA,2004-09-15,2004-09,34.3,228.69000000000005,0.24098251825625144
10307,34,53.63,4,1823.42,10/14/2004 0:00,Shipped,4,10,2004,Planes,49,S72_1253,"Classic Gift Ideas, Inc",Philadelphia,PA,USA,Small,North America,2004-10-14,2004-10,34.3,657.2200000000003,0.3604325936975575
10316,34,43.7,12,1485.8,11/1/2004 0:00,Shipped,4,11,2004,Planes,49,S72_1253,giftsbymail.co.uk,Cowes,Isle of Wight,UK,Small,EMEA,2004-11-01,2004-11,34.3,319.60000000000014,0.21510297482837537
10329,44,86.13,8,3789.72,11/15/2004 0:00,Shipped,4,11,2004,Planes,49,S72_1253,Land of Toys Inc.,NYC,NY,USA,Medium,North America,2004-11-15,2004-11,34.3,2280.52,0.6017647741785673
10339,27,76.31,6,2060.37,11/23/2004 0:00,Shipped,4,11,2004,Planes,49,S72_1253,"Tokyo Collectables, Ltd",Minato-ku,Tokyo,Japan,Small,Japan,2004-11-23,2004-11,34.3,1134.27,0.550517625475036
10352,49,52.64,4,2579.36,12/3/2004 0:00,Shipped,4,12,2004,Planes,49,S72_1253,Auto-Moto Classics Inc.,Brickhaven,MA,USA,Small,North America,2004-12-03,2004-12,34.3,898.6600000000003,0.34840425531914904
10361,23,95.2,12,2189.6,12/17/2004 0:00,Shipped,4,12,2004,Planes,49,S72_1253,Souveniers And Things Co.,Chatswood,NSW,Australia,Small,APAC,2004-12-17,2004-12,34.3,1400.6999999999998,0.6397058823529411
10373,25,64.97,9,1624.25,1/31/2005 0:00,Shipped,1,1,2005,Planes,49,S72_1253,"Oulu Toy Supplies, Inc.",Oulu,,Finland,Small,EMEA,2005-01-31,2005-01,34.3,766.7500000000001,0.472064029552101
10386,50,87.15,16,4357.5,3/1/2005 0:00,Resolved,1,3,2005,Planes,49,S72_1253,Euro Shopping Channel,Madrid,,Spain,Medium,EMEA,2005-03-01,2005-03,34.3,2642.5,0.606425702811245
10398,34,40.22,1,1367.48,3/30/2005 0:00,Shipped,1,3,2005,Planes,49,S72_1253,Reims Collectables,Reims,,France,Small,EMEA,2005-03-30,2005-03,34.3,201.2800000000002,0.14719045251118862
10400,20,56.12,4,1122.4,4/1/2005 0:00,Shipped,2,4,2005,Planes,49,S72_1253,The Sharp Gifts Warehouse,San Jose,CA,USA,Small,North America,2005-04-01,2005-04,34.3,436.4000000000001,0.3888096935138988
10415,42,57.61,3,2419.62,5/9/2005 0:00,Disputed,2,5,2005,Planes,49,S72_1253,"Australian Collectables, Ltd",Glen Waverly,Victoria,Australia,Small,APAC,2005-05-09,2005-05,34.3,979.02,0.4046172539489672
10105,25,56.78,8,1419.5,2/11/2003 0:00,Shipped,1,2,2003,Ships,54,S72_3212,Danish Wholesale Imports,Kobenhavn,,Denmark,Small,EMEA,2003-02-11,2003-02,37.8,474.5000000000001,0.33427263120817197
10117,50,43.68,2,2184.0,4/16/2003 0:00,Shipped,2,4,2003,Ships,54,S72_3212,"Dragon Souveniers, Ltd.",Singapore,,Singapore,Small,Japan,2003-04-16,2003-04,37.8,294.0000000000002,0.13461538461538472
10129,32,64.97,8,2079.04,6/12/2003 0:00,Shipped,2,6,2003,Ships,54,S72_3212,"Stylish Desk Decors, Co.",London,,UK,Small,EMEA,2003-06-12,2003-06,37.8,869.44,0.41819301215945826
10142,39,44.23,5,1724.97,8/8/2003 0:00,Shipped,3,8,2003,Ships,54,S72_3212,Mini Gifts Distributors Ltd.,San Rafael,CA,USA,Small,North America,2003-08-08,2003-08,37.8,250.7700000000002,0.14537644132941455
10153,50,60.06,4,3003.0,9/28/2003 0:00,Shipped,3,9,2003,Ships,54,S72_3212,Euro Shopping Channel,Madrid,,Spain,Medium,EMEA,2003-09-28,2003-09,37.8,1113.0000000000002,0.3706293706293707
10167,38,48.59,15,1846.42,10/23/2003 0:00,Cancelled,4,10,2003,Ships,54,S72_3212,Scandinavian Gift Ideas,Boras,,Sweden,Small,EMEA,2003-10-23,2003-10,37.8,410.0200000000002,0.22206215270631827
10177,40,50.23,6,2009.2,11/7/2003 0:00,Shipped,4,11,2003,Ships,54,S72_3212,CAF Imports,Madrid,,Spain,Small,EMEA,2003-11-07,2003-11,37.8,497.20000000000005,0.2474616762890703
10185,28,64.43,6,1804.04,11/14/2003 0:00,Shipped,4,11,2003,Ships,54,S72_3212,Mini Creations Ltd.,New Bedford,MA,USA,Small,North America,2003-11-14,2003-11,37.8,745.6400000000001,0.4133167778984946
10197,42,50.23,12,2109.66,11/26/2003 0:00,Shipped,4,11,2003,Ships,54,S72_3212,Enaco Distributors,Barcelona,,Spain,Small,EMEA,2003-11-26,2003-11,37.8,522.06,0.24746167628907026
10208,42,63.88,6,2682.96,1/2/2004 0:00,Shipped,1,1,2004,Ships,54,S72_3212,"Saveley & Henriot, Co.",Lyon,,France,Small,EMEA,2004-01-02,2004-01,37.8,1095.3600000000001,0.4082654978083908
10222,36,63.34,18,2280.24,2/19/2004 0:00,Shipped,1,2,2004,Ships,54,S72_3212,Collectable Mini Designs Co.,San Diego,CA,USA,Small,North America,2004-02-19,2004-02,37.8,919.4399999999998,0.40322071360909373
10232,24,49.69,3,1192.56,3/20/2004 0:00,Shipped,1,3,2004,Ships,54,S72_3212,giftsbymail.co.uk,Cowes,Isle of Wight,UK,Small,EMEA,2004-03-20,2004-03,37.8,285.36,0.23928355805997184
10248,23,65.52,9,1506.96,5/7/2004 0:00,Cancelled,2,5,2004,Ships,54,S72_3212,Land of Toys Inc.,NYC,NY,USA,Small,North America,2004-05-07,2004-05,37.8,637.5600000000001,0.42307692307692313
10261,29,50.78,7,1472.62,6/17/2004 0:00,Shipped,2,6,2004,Ships,54,S72_3212,Quebec Home Shopping Network,Montreal,Quebec,Canada,Small,North America,2004-06-17,2004-06,37.8,376.4200000000001,0.25561244584482085
10273,37,45.86,10,1696.82,7/21/2004 0:00,Shipped,3,7,2004,Ships,54,S72_3212,Petit Auto,Bruxelles,,Belgium,Small,EMEA,2004-07-21,2004-07,37.8,298.22,0.17575228957697342
10283,33,51.32,12,1693.56,8/20/2004 0:00,Shipped,3,8,2004,Ships,54,S72_3212,"Royal Canadian Collectables, Ltd.",Tsawassen,BC,Canada,Small,North America,2004-08-20,2004-08,37.8,446.1600000000001,0.2634450506625098
10293,32,60.06,1,1921.92,9/9/2004 0:00,Shipped,3,9,2004,Ships,54,S72_3212,Amica Models & Co.,Torino,,Italy,Small,EMEA,2004-09-09,2004-09,37.8,712.3200000000002,0.3706293706293707
10306,35,59.51,6,2082.85,10/14/2004 0:00,Shipped,4,10,2004,Ships,54,S72_3212,"AV Stores, Co.",Manchester,,UK,Small,EMEA,2004-10-14,2004-10,37.8,759.8499999999999,0.36481263653167534
10315,40,55.69,5,2227.6,10/29/2004 0:00,Shipped,4,10,2004,Ships,54,S72_3212,La Rochelle Gifts,Nantes,,France,Small,EMEA,2004-10-29,2004-10,37.8,715.5999999999999,0.3212425929251212
10327,37,86.74,4,3209.38,11/10/2004 0:00,Resolved,4,11,2004,Ships,54,S72_3212,Danish Wholesale Imports,Kobenhavn,,Denmark,Medium,EMEA,2004-11-10,2004-11,37.8,1810.7800000000002,0.5642148950887711
10337,42,97.16,5,4080.72,11/21/2004 0:00,Shipped,4,11,2004,Ships,54,S72_3212,Classic Legends Inc.,NYC,NY,USA,Medium,North America,2004-11-21,2004-11,37.8,2493.12,0.6109510086455331
10350,20,100.0,15,2244.4,12/2/2004 0:00,Shipped,4,12,2004,Ships,54,S72_3212,Euro Shopping Channel,Madrid,,Spain,Small,EMEA,2004-12-02,2004-12,37.8,1488.4,0.6631616467652824
10373,29,100.0,1,3978.51,1/31/2005 0:00,Shipped,1,1,2005,Ships,54,S72_3212,"Oulu Toy Supplies, Inc.",Oulu,,Finland,Medium,EMEA,2005-01-31,2005-01,37.8,2882.3100000000004,0.7244697135359721
10386,43,100.0,4,5417.57,3/1/2005 0:00,Resolved,1,3,2005,Ships,54,S72_3212,Euro Shopping Channel,Madrid,,Spain,Medium,EMEA,2005-03-01,2005-03,37.8,3792.17,0.6999761885863958
10397,34,62.24,1,2116.16,3/28/2005 0:00,Shipped,1,3,2005,Ships,54,S72_3212,Alpha Cognac,Toulouse,,France,Small,EMEA,2005-03-28,2005-03,37.8,830.96,0.39267352185089976
10414,47,65.52,9,3079.44,5/6/2005 0:00,On Hold,2,5,2005,Ships,54,S72_3212,Gifts4AllAges.com,Boston,MA,USA,Medium,North America,2005-05-06,2005-05,37.8,1302.8400000000001,0.42307692307692313
